{"type":"FeatureCollection", "features": [
{"type":"Feature","geometry":{"type":"Polygon","coordinates":[[[72.83009,19.02175],[72.82999,19.02167],[72.82991,19.0216],[72.82977,19.02148],[72.82963,19.02134],[72.82934,19.02112],[72.82916,19.02099],[72.82897,19.02083],[72.82887,19.02075],[72.82862,19.02054],[72.82844,19.02039],[72.8283,19.02027],[72.82823,19.02023],[72.82816,19.02019],[72.82798,19.02007],[72.82748,19.01978],[72.82719,19.01961],[72.82689,19.01942],[72.82661,19.01927],[72.82647,19.01919],[72.82631,19.0191],[72.82615,19.019],[72.82612,19.01898],[72.82593,19.01888],[72.82575,19.01877],[72.82554,19.01866],[72.8253,19.01852],[72.82512,19.01841],[72.8249,19.01829],[72.82472,19.01819],[72.82453,19.0181],[72.82433,19.018],[72.82417,19.01793],[72.82406,19.01788],[72.82397,19.01785],[72.82389,19.01783],[72.82373,19.01779],[72.82358,19.01775],[72.82345,19.01772],[72.8233,19.0177],[72.82314,19.01766],[72.82301,19.01763],[72.82284,19.01759],[72.82274,19.01757],[72.8223,19.01759],[72.82225,19.01761],[72.82218,19.01766],[72.8221,19.01768],[72.82152,19.01772],[72.8209,19.01782],[72.82091,19.01785],[72.8209,19.01791],[72.8209,19.01792],[72.82089,19.01797],[72.82088,19.01799],[72.82088,19.01801],[72.82083,19.01811],[72.82081,19.01813],[72.82078,19.01819],[72.82077,19.01821],[72.82077,19.01822],[72.82076,19.01823],[72.82072,19.01827],[72.82068,19.01832],[72.82063,19.01837],[72.8206,19.0184],[72.82059,19.0184],[72.82059,19.01841],[72.82058,19.01842],[72.82057,19.01842],[72.82052,19.01845],[72.8205,19.01846],[72.82044,19.01849],[72.82042,19.0185],[72.8204,19.0185],[72.82037,19.01851],[72.82027,19.01851],[72.8202,19.01852],[72.82015,19.01852],[72.82014,19.01853],[72.8201,19.01853],[72.82009,19.01853],[72.82005,19.01854],[72.81986,19.01859],[72.81974,19.01863],[72.81971,19.01864],[72.81966,19.01866],[72.81962,19.01868],[72.8196,19.01869],[72.81958,19.01866],[72.81927,19.01905],[72.81899,19.01943],[72.81895,19.0195],[72.81893,19.0196],[72.81892,19.01985],[72.81879,19.02066],[72.81873,19.02109],[72.81874,19.02135],[72.81868,19.02181],[72.81865,19.02194],[72.81863,19.022],[72.81858,19.0221],[72.81883,19.02241],[72.81924,19.02293],[72.81926,19.02294],[72.81926,19.02296],[72.81927,19.02298],[72.81927,19.02299],[72.81927,19.023],[72.81927,19.02301],[72.81927,19.02302],[72.81927,19.02303],[72.81927,19.02304],[72.81926,19.02304],[72.81926,19.02305],[72.81926,19.02306],[72.81925,19.02307],[72.81924,19.02308],[72.81923,19.02309],[72.81922,19.0231],[72.81921,19.0231],[72.8192,19.02311],[72.81918,19.02311],[72.81917,19.02311],[72.81915,19.02312],[72.81914,19.02311],[72.81913,19.02311],[72.81911,19.02311],[72.8191,19.0231],[72.81909,19.0231],[72.81907,19.02309],[72.81906,19.02307],[72.81899,19.023],[72.81889,19.02288],[72.81737,19.02399],[72.81691,19.02459],[72.81641,19.02536],[72.81583,19.0259],[72.81552,19.0262],[72.81505,19.02659],[72.81464,19.02688],[72.81439,19.02685],[72.81403,19.02668],[72.81443,19.02593],[72.81495,19.025],[72.815,19.02493],[72.81501,19.0249],[72.81502,19.02489],[72.81503,19.02487],[72.81505,19.02483],[72.81506,19.02482],[72.81507,19.0248],[72.81508,19.02478],[72.81509,19.02476],[72.8151,19.02473],[72.81511,19.02471],[72.81512,19.02468],[72.81513,19.02465],[72.81515,19.02461],[72.81516,19.02459],[72.81517,19.02457],[72.81517,19.02456],[72.81519,19.02453],[72.81519,19.02451],[72.81521,19.02447],[72.81522,19.02443],[72.81523,19.02441],[72.81523,19.0244],[72.81524,19.02438],[72.81525,19.02434],[72.81526,19.02431],[72.81528,19.02424],[72.81529,19.02419],[72.81531,19.02413],[72.81532,19.02408],[72.81533,19.02402],[72.81534,19.02395],[72.81535,19.02391],[72.81536,19.02385],[72.81546,19.02231],[72.81553,19.02111],[72.81571,19.01818],[72.81582,19.01626],[72.81583,19.0162],[72.81584,19.01611],[72.81587,19.01601],[72.81589,19.01594],[72.81591,19.01589],[72.81593,19.01583],[72.81595,19.01579],[72.81597,19.01573],[72.81602,19.01563],[72.81606,19.01557],[72.81611,19.01549],[72.81615,19.01544],[72.81625,19.01528],[72.81628,19.0152],[72.81633,19.01511],[72.81636,19.01505],[72.8164,19.01496],[72.81641,19.01495],[72.81642,19.01493],[72.81642,19.01492],[72.81643,19.01491],[72.81643,19.01489],[72.81644,19.01486],[72.81646,19.01481],[72.81647,19.01474],[72.81649,19.01467],[72.81651,19.0146],[72.81653,19.01451],[72.81657,19.01437],[72.81659,19.01429],[72.8166,19.01426],[72.81662,19.01418],[72.81665,19.0141],[72.81669,19.01394],[72.81671,19.0138],[72.81672,19.01374],[72.81673,19.01368],[72.81673,19.01352],[72.81673,19.01339],[72.81672,19.01318],[72.81671,19.01306],[72.81669,19.01291],[72.81665,19.0127],[72.81663,19.01259],[72.81659,19.01246],[72.81656,19.01239],[72.8165,19.01222],[72.81645,19.01207],[72.8164,19.01195],[72.81632,19.01179],[72.81598,19.01122],[72.81548,19.0104],[72.81495,19.00953],[72.81492,19.00948],[72.81485,19.00936],[72.81477,19.00922],[72.8147,19.00909],[72.81463,19.00894],[72.81456,19.00881],[72.81453,19.00873],[72.81448,19.00863],[72.81443,19.00849],[72.81439,19.0084],[72.81434,19.00826],[72.81429,19.00808],[72.81426,19.00798],[72.81421,19.00781],[72.81412,19.00753],[72.81405,19.00732],[72.81399,19.00711],[72.81398,19.00711],[72.81394,19.00696],[72.8139,19.00681],[72.81384,19.00662],[72.81378,19.00643],[72.81373,19.00626],[72.81369,19.00613],[72.81365,19.006],[72.81361,19.00587],[72.81357,19.00575],[72.81353,19.00562],[72.81348,19.00547],[72.81343,19.00531],[72.8134,19.00524],[72.81335,19.00512],[72.81332,19.00505],[72.81329,19.005],[72.81328,19.00498],[72.81324,19.00489],[72.81322,19.00483],[72.8132,19.0048],[72.81318,19.00476],[72.81315,19.00472],[72.81312,19.00466],[72.81283,19.00416],[72.81277,19.00406],[72.81263,19.00381],[72.8124,19.00341],[72.81205,19.00281],[72.81199,19.00271],[72.81172,19.00224],[72.81166,19.00213],[72.81159,19.002],[72.81152,19.00188],[72.81144,19.00171],[72.81139,19.00156],[72.81138,19.00152],[72.81137,19.00148],[72.81135,19.00138],[72.81134,19.00128],[72.81133,19.00115],[72.81133,19.00107],[72.81133,19.00092],[72.81133,19.0009],[72.81133,19.00069],[72.81133,19.00045],[72.81133,19.00024],[72.81133,19.00021],[72.81133,18.99988],[72.81133,18.99983],[72.81135,18.99961],[72.81135,18.99892],[72.81135,18.99885],[72.81135,18.99857],[72.81135,18.99855],[72.81135,18.99844],[72.81135,18.99836],[72.81136,18.99827],[72.81138,18.9982],[72.81137,18.9982],[72.81127,18.99818],[72.81162,18.99712],[72.81182,18.99665],[72.81186,18.99634],[72.81187,18.99605],[72.81187,18.9959],[72.81183,18.99495],[72.81187,18.99457],[72.81185,18.99318],[72.81141,18.99119],[72.81105,18.98987],[72.81061,18.98863],[72.81053,18.98839],[72.81023,18.98754],[72.80959,18.98589],[72.80941,18.98546],[72.80897,18.98464],[72.80858,18.98395],[72.80838,18.98361],[72.80781,18.98262],[72.80712,18.98143],[72.80652,18.98042],[72.80583,18.97929],[72.80617,18.9791],[72.80655,18.9789],[72.80706,18.97863],[72.80739,18.97847],[72.80778,18.97831],[72.80801,18.97826],[72.80832,18.97821],[72.80853,18.9782],[72.80871,18.97825],[72.80878,18.97833],[72.80885,18.97844],[72.80888,18.97851],[72.80895,18.97857],[72.809,18.97861],[72.80904,18.97861],[72.80912,18.97869],[72.80919,18.97876],[72.80924,18.97882],[72.80925,18.97883],[72.80926,18.97883],[72.80928,18.97882],[72.80929,18.97881],[72.8093,18.97879],[72.8093,18.97876],[72.8093,18.9787],[72.80929,18.97866],[72.80928,18.97864],[72.80929,18.97861],[72.8093,18.9786],[72.80931,18.9786],[72.80932,18.97859],[72.80931,18.97855],[72.8093,18.97853],[72.80931,18.9785],[72.80934,18.97848],[72.80938,18.97845],[72.80942,18.97842],[72.8095,18.97837],[72.80955,18.97835],[72.80958,18.97834],[72.80959,18.97833],[72.80959,18.97831],[72.80959,18.97828],[72.80961,18.97827],[72.80969,18.97827],[72.80975,18.97827],[72.8098,18.97827],[72.80992,18.97827],[72.81017,18.97827],[72.81018,18.97827],[72.81031,18.97827],[72.81037,18.97826],[72.81041,18.97826],[72.8106,18.97826],[72.8107,18.97826],[72.81075,18.97826],[72.81086,18.97826],[72.81098,18.97822],[72.81101,18.97821],[72.81116,18.97819],[72.81123,18.97819],[72.81127,18.9782],[72.81131,18.97816],[72.81138,18.97812],[72.81145,18.97808],[72.81146,18.97807],[72.8116,18.97805],[72.81166,18.97806],[72.81171,18.97806],[72.81396,18.9785],[72.81426,18.97856],[72.81588,18.97889],[72.81657,18.97903],[72.81692,18.9791],[72.81875,18.97945],[72.81894,18.97949],[72.81908,18.97951],[72.81916,18.97953],[72.81926,18.97955],[72.81933,18.97956],[72.81937,18.97957],[72.81943,18.97958],[72.81952,18.9796],[72.81965,18.97963],[72.82004,18.97971],[72.82006,18.97971],[72.82033,18.97977],[72.82048,18.9798],[72.82054,18.97981],[72.82121,18.97995],[72.82141,18.97999],[72.82158,18.98003],[72.82167,18.98005],[72.82172,18.98006],[72.82209,18.98014],[72.82218,18.98015],[72.82319,18.98037],[72.82374,18.98049],[72.82397,18.98054],[72.82408,18.98056],[72.82443,18.98063],[72.8247,18.98068],[72.82547,18.98083],[72.82576,18.98088],[72.82585,18.9809],[72.82612,18.98096],[72.82618,18.98097],[72.82619,18.98097],[72.82636,18.98101],[72.82635,18.98107],[72.82636,18.98114],[72.82637,18.98121],[72.8264,18.98128],[72.82643,18.98132],[72.82649,18.98138],[72.82656,18.98143],[72.82663,18.98146],[72.82669,18.98148],[72.82675,18.98148],[72.82683,18.98149],[72.82689,18.98148],[72.82696,18.98146],[72.82706,18.98142],[72.8271,18.98147],[72.82745,18.98187],[72.82779,18.98225],[72.8284,18.98294],[72.82852,18.98308],[72.82888,18.98347],[72.82904,18.98365],[72.8294,18.98403],[72.82958,18.98424],[72.82977,18.98444],[72.82998,18.98466],[72.83016,18.98485],[72.83059,18.9853],[72.83077,18.9855],[72.83116,18.98591],[72.83134,18.98611],[72.8314,18.98619],[72.83147,18.98627],[72.83163,18.98647],[72.83183,18.9867],[72.83206,18.98695],[72.83232,18.98723],[72.83243,18.98736],[72.83263,18.98758],[72.8327,18.98767],[72.83284,18.98782],[72.83286,18.98785],[72.83298,18.98797],[72.83312,18.98812],[72.83313,18.98812],[72.83302,18.98949],[72.83302,18.9895],[72.83303,18.9895],[72.83303,18.98964],[72.83303,18.98992],[72.83304,18.99114],[72.83303,18.99259],[72.83308,18.99486],[72.83307,18.99509],[72.83302,18.9964],[72.8331,18.99834],[72.83334,18.9999],[72.83356,19.00085],[72.83359,19.001],[72.83361,19.00107],[72.83365,19.00126],[72.83398,19.00222],[72.83409,19.00258],[72.8342,19.00291],[72.83435,19.00331],[72.8345,19.00375],[72.8347,19.00423],[72.83474,19.00432],[72.83487,19.00465],[72.83507,19.0051],[72.8351,19.00515],[72.83531,19.00561],[72.8355,19.00599],[72.83561,19.00619],[72.83578,19.00648],[72.83595,19.00676],[72.83615,19.00707],[72.83622,19.00718],[72.83629,19.00729],[72.83636,19.0074],[72.83657,19.00769],[72.83678,19.008],[72.83682,19.00806],[72.83693,19.00823],[72.83712,19.00851],[72.8374,19.00894],[72.83752,19.00911],[72.8367,19.0097],[72.83596,19.01023],[72.83561,19.01058],[72.8355,19.01071],[72.83539,19.01086],[72.83532,19.01092],[72.83511,19.01107],[72.83469,19.01144],[72.83422,19.01186],[72.83387,19.01218],[72.83327,19.01281],[72.83357,19.01321],[72.83365,19.01336],[72.83357,19.0134],[72.83348,19.01349],[72.83335,19.01369],[72.83325,19.01384],[72.83253,19.01491],[72.83235,19.01518],[72.83228,19.01529],[72.83206,19.01558],[72.8318,19.01584],[72.83178,19.01587],[72.83147,19.01609],[72.83146,19.01609],[72.83099,19.01634],[72.83081,19.01644],[72.83063,19.01653],[72.83001,19.01685],[72.82987,19.01693],[72.83001,19.01706],[72.83013,19.01723],[72.83094,19.01828],[72.83097,19.0183],[72.83103,19.01838],[72.83116,19.01854],[72.83138,19.01883],[72.83151,19.01899],[72.8319,19.01947],[72.83221,19.01985],[72.83217,19.01988],[72.83182,19.02013],[72.8314,19.02043],[72.8313,19.02049],[72.8311,19.02062],[72.83109,19.02063],[72.83075,19.02094],[72.83068,19.02101],[72.83045,19.02133],[72.83037,19.02143],[72.83036,19.02144],[72.83024,19.02158],[72.83009,19.02175]]]},"properties":{"NAME":"G/S"}},
{"type":"Feature","geometry":{"type":"Polygon","coordinates":[[[72.88368,19.00881],[72.88498,19.00977],[72.88489,19.01005],[72.88486,19.01018],[72.88483,19.01025],[72.88455,19.01169],[72.88439,19.01345],[72.88439,19.01347],[72.88437,19.01366],[72.88436,19.01377],[72.88436,19.01384],[72.88433,19.01422],[72.8843,19.01452],[72.88405,19.01536],[72.88395,19.01562],[72.88386,19.0158],[72.88375,19.01596],[72.88358,19.01617],[72.88331,19.01643],[72.88281,19.01681],[72.88255,19.01704],[72.88253,19.01706],[72.8825,19.01708],[72.88225,19.01726],[72.88212,19.01735],[72.88209,19.01737],[72.88204,19.01739],[72.88204,19.0174],[72.88195,19.01747],[72.88181,19.01759],[72.88176,19.01763],[72.88165,19.01772],[72.88148,19.01785],[72.88138,19.01794],[72.88129,19.01802],[72.8812,19.01809],[72.88101,19.01827],[72.88094,19.01834],[72.88086,19.01842],[72.88077,19.01851],[72.88071,19.01857],[72.88064,19.01864],[72.88053,19.01876],[72.88051,19.01878],[72.88005,19.01919],[72.87997,19.01928],[72.87995,19.0193],[72.87994,19.01931],[72.87992,19.01933],[72.87991,19.01934],[72.87989,19.01937],[72.87987,19.01938],[72.87986,19.0194],[72.87986,19.01941],[72.87985,19.01942],[72.87984,19.01943],[72.87983,19.01944],[72.87981,19.01947],[72.87979,19.01949],[72.87978,19.01951],[72.87976,19.01953],[72.87973,19.01957],[72.87972,19.01958],[72.87971,19.0196],[72.8797,19.01961],[72.87968,19.01964],[72.87965,19.01967],[72.87962,19.01971],[72.87955,19.01979],[72.87942,19.01996],[72.87925,19.02019],[72.87899,19.02052],[72.8788,19.02077],[72.87859,19.02104],[72.87843,19.02124],[72.87836,19.02132],[72.8783,19.02141],[72.87825,19.02147],[72.87823,19.02153],[72.87812,19.0217],[72.87808,19.02177],[72.878,19.02191],[72.87791,19.02207],[72.87787,19.02215],[72.87782,19.02224],[72.87778,19.02234],[72.87773,19.02247],[72.87768,19.02256],[72.87763,19.02268],[72.87759,19.02277],[72.87757,19.02284],[72.87756,19.02286],[72.87745,19.02313],[72.87743,19.02324],[72.87742,19.02329],[72.87741,19.02341],[72.87741,19.02343],[72.87735,19.02365],[72.87733,19.02372],[72.87732,19.02375],[72.8773,19.02384],[72.8773,19.02386],[72.8773,19.02387],[72.8773,19.02393],[72.8773,19.02412],[72.8773,19.02414],[72.87729,19.02454],[72.87729,19.02457],[72.87729,19.02458],[72.87728,19.02461],[72.87728,19.02464],[72.87728,19.02469],[72.87729,19.02475],[72.87729,19.02479],[72.8773,19.02489],[72.87731,19.025],[72.87732,19.02508],[72.87733,19.02516],[72.87733,19.02519],[72.87734,19.02526],[72.87736,19.0254],[72.87736,19.02541],[72.87736,19.02542],[72.87736,19.02544],[72.87737,19.02547],[72.87737,19.02549],[72.87737,19.0255],[72.87737,19.02552],[72.87738,19.02558],[72.87739,19.02565],[72.87742,19.02578],[72.87747,19.02598],[72.87751,19.02614],[72.8776,19.02653],[72.87764,19.02669],[72.87766,19.02677],[72.87768,19.02683],[72.87772,19.02704],[72.87778,19.02728],[72.87782,19.02743],[72.87782,19.02744],[72.87783,19.0275],[72.87787,19.02766],[72.87788,19.02773],[72.87798,19.02809],[72.878,19.02816],[72.87804,19.02832],[72.87808,19.02847],[72.87811,19.02859],[72.87813,19.02866],[72.87815,19.02871],[72.87819,19.0288],[72.87822,19.02889],[72.87826,19.02899],[72.87828,19.02905],[72.87835,19.02928],[72.87837,19.02934],[72.87839,19.02937],[72.87841,19.02945],[72.87843,19.0295],[72.87847,19.02962],[72.87854,19.02982],[72.87854,19.02985],[72.87857,19.02994],[72.87861,19.03005],[72.87866,19.03019],[72.87869,19.03024],[72.87871,19.03027],[72.87872,19.03031],[72.87874,19.03037],[72.87875,19.0304],[72.87877,19.03047],[72.87877,19.03048],[72.87877,19.0305],[72.87878,19.03058],[72.87878,19.03064],[72.87878,19.03065],[72.87878,19.03069],[72.87882,19.03073],[72.87888,19.0308],[72.87892,19.0309],[72.87894,19.03095],[72.87896,19.031],[72.87898,19.03104],[72.87903,19.03115],[72.87905,19.0312],[72.87907,19.03126],[72.87908,19.03128],[72.87909,19.03131],[72.8791,19.03132],[72.87911,19.03134],[72.8792,19.03153],[72.87927,19.03167],[72.8793,19.03172],[72.87936,19.03184],[72.87941,19.03193],[72.87944,19.032],[72.87951,19.03211],[72.87953,19.03215],[72.87953,19.03216],[72.87963,19.03234],[72.87977,19.03263],[72.87978,19.03264],[72.87978,19.03265],[72.87983,19.03273],[72.8799,19.03285],[72.8799,19.03286],[72.87991,19.03287],[72.87993,19.03289],[72.87997,19.03296],[72.87998,19.03298],[72.88004,19.03308],[72.88006,19.03311],[72.88007,19.03313],[72.88009,19.03316],[72.8806,19.03418],[72.88076,19.03453],[72.88078,19.0346],[72.88084,19.03474],[72.88084,19.03475],[72.88084,19.03476],[72.88084,19.03477],[72.88085,19.03478],[72.88085,19.03479],[72.88087,19.03488],[72.88089,19.03495],[72.8809,19.03497],[72.88093,19.03511],[72.88094,19.03515],[72.88096,19.0352],[72.88098,19.0352],[72.88099,19.03524],[72.88099,19.03529],[72.881,19.03532],[72.88101,19.03536],[72.88101,19.0354],[72.88103,19.03542],[72.88104,19.03544],[72.88104,19.03546],[72.88104,19.03547],[72.88105,19.03548],[72.88106,19.03553],[72.88107,19.03557],[72.8811,19.03567],[72.88112,19.03575],[72.88113,19.03578],[72.88114,19.03581],[72.88115,19.03589],[72.88116,19.03593],[72.88116,19.03595],[72.88117,19.03602],[72.88118,19.03604],[72.88118,19.03605],[72.88119,19.03607],[72.8812,19.0361],[72.88122,19.03617],[72.88122,19.03618],[72.88122,19.03621],[72.88128,19.03649],[72.88128,19.0365],[72.88128,19.03651],[72.88128,19.03652],[72.88128,19.03653],[72.88128,19.03655],[72.88128,19.03659],[72.88129,19.03664],[72.8813,19.03671],[72.88131,19.03677],[72.88133,19.03686],[72.88133,19.03687],[72.88133,19.03688],[72.88134,19.03696],[72.88134,19.037],[72.88134,19.03703],[72.88135,19.03707],[72.88135,19.03711],[72.88136,19.03716],[72.88136,19.03721],[72.88138,19.03752],[72.88137,19.0377],[72.88136,19.03784],[72.88134,19.03808],[72.8813,19.03825],[72.88126,19.03845],[72.88125,19.03852],[72.88122,19.03866],[72.88121,19.0387],[72.88119,19.03878],[72.88119,19.03879],[72.88119,19.03887],[72.88118,19.03888],[72.88118,19.03892],[72.88116,19.03901],[72.88115,19.03902],[72.88111,19.03919],[72.88112,19.0392],[72.88112,19.03921],[72.88111,19.03928],[72.88109,19.03946],[72.88109,19.03947],[72.88108,19.03949],[72.88106,19.03958],[72.88102,19.03966],[72.88102,19.03967],[72.88102,19.03968],[72.88102,19.03969],[72.88102,19.0397],[72.88102,19.03974],[72.88101,19.03979],[72.88101,19.03983],[72.881,19.03989],[72.88099,19.03996],[72.88098,19.04003],[72.88094,19.04031],[72.88093,19.04043],[72.8809,19.0406],[72.8809,19.04061],[72.88089,19.04067],[72.88089,19.04072],[72.88089,19.04073],[72.88089,19.04074],[72.88088,19.04077],[72.88087,19.04081],[72.88086,19.04093],[72.88085,19.04097],[72.88084,19.04099],[72.88084,19.04104],[72.88082,19.04113],[72.88081,19.04121],[72.88079,19.04134],[72.88078,19.04137],[72.88078,19.04138],[72.88074,19.04143],[72.88069,19.0415],[72.88069,19.04151],[72.8807,19.04157],[72.88072,19.04166],[72.88071,19.04169],[72.88071,19.04171],[72.8807,19.04172],[72.88071,19.04173],[72.88072,19.04174],[72.88073,19.04175],[72.88073,19.04176],[72.88073,19.04177],[72.88073,19.04179],[72.88073,19.0418],[72.88073,19.0419],[72.88073,19.04191],[72.88073,19.04192],[72.88073,19.04193],[72.88073,19.04212],[72.88073,19.04213],[72.88072,19.04217],[72.88071,19.0422],[72.88071,19.04221],[72.88071,19.04222],[72.88071,19.04223],[72.88071,19.04225],[72.8807,19.04226],[72.88069,19.04229],[72.88068,19.04232],[72.88067,19.04233],[72.88067,19.04234],[72.88067,19.04235],[72.88067,19.04236],[72.88067,19.04237],[72.88067,19.04239],[72.88066,19.04241],[72.88066,19.04243],[72.88065,19.04246],[72.88064,19.0425],[72.88062,19.04262],[72.88061,19.04263],[72.88061,19.04264],[72.88061,19.04267],[72.88061,19.04268],[72.8806,19.0427],[72.8806,19.04271],[72.88059,19.04278],[72.88057,19.04289],[72.88057,19.0429],[72.88056,19.04294],[72.88055,19.043],[72.88054,19.04303],[72.88052,19.0431],[72.88051,19.04315],[72.8805,19.04318],[72.8805,19.0432],[72.8805,19.04321],[72.88049,19.04322],[72.88049,19.04324],[72.88049,19.04326],[72.88048,19.0433],[72.88047,19.04333],[72.88046,19.04334],[72.88046,19.04335],[72.88045,19.04337],[72.88044,19.04337],[72.88043,19.04338],[72.88042,19.04339],[72.88042,19.0434],[72.88042,19.04343],[72.88044,19.04346],[72.88043,19.04351],[72.88042,19.04365],[72.88042,19.04366],[72.88039,19.0438],[72.88038,19.04382],[72.88036,19.04387],[72.88033,19.04393],[72.88032,19.04395],[72.8803,19.044],[72.88029,19.04403],[72.88028,19.04407],[72.88026,19.04412],[72.88025,19.04417],[72.88022,19.04425],[72.88021,19.04429],[72.88019,19.04431],[72.88018,19.04432],[72.88017,19.04432],[72.88015,19.04433],[72.88014,19.04434],[72.88012,19.04436],[72.88011,19.04437],[72.88009,19.04439],[72.88008,19.04441],[72.88007,19.04443],[72.88006,19.04445],[72.88006,19.04446],[72.88006,19.04447],[72.88006,19.04448],[72.88006,19.04449],[72.88008,19.04451],[72.88008,19.04452],[72.88009,19.04454],[72.88009,19.04455],[72.88009,19.04458],[72.88009,19.04461],[72.88009,19.04463],[72.88009,19.04465],[72.88009,19.04466],[72.88008,19.04468],[72.88007,19.0447],[72.88005,19.04474],[72.88004,19.04475],[72.88003,19.04478],[72.88003,19.04479],[72.88002,19.04481],[72.88001,19.04482],[72.87999,19.04487],[72.87998,19.04488],[72.87995,19.04493],[72.87994,19.04495],[72.87994,19.04496],[72.87994,19.04497],[72.87994,19.04498],[72.87995,19.04499],[72.87995,19.045],[72.87995,19.04501],[72.87995,19.04503],[72.87995,19.04505],[72.87994,19.04507],[72.87993,19.04509],[72.87993,19.0451],[72.87992,19.04513],[72.87992,19.04515],[72.87992,19.04517],[72.87991,19.04518],[72.87991,19.04519],[72.87989,19.04523],[72.87988,19.04526],[72.87987,19.04527],[72.87986,19.04532],[72.87985,19.04539],[72.87984,19.04542],[72.87984,19.04543],[72.87984,19.04546],[72.87983,19.04546],[72.87983,19.04547],[72.87982,19.04551],[72.87981,19.04554],[72.8798,19.04558],[72.87979,19.0456],[72.87979,19.04561],[72.87979,19.04562],[72.87979,19.04563],[72.87979,19.04564],[72.87987,19.04609],[72.88002,19.04678],[72.87999,19.04691],[72.87977,19.04727],[72.8796,19.04751],[72.87957,19.04755],[72.87955,19.04758],[72.87953,19.04759],[72.87952,19.0476],[72.87948,19.04764],[72.87941,19.0477],[72.8794,19.04771],[72.87935,19.04774],[72.87932,19.04776],[72.87929,19.04777],[72.87922,19.0478],[72.87918,19.04781],[72.87912,19.04783],[72.87904,19.04786],[72.879,19.04787],[72.87896,19.04788],[72.87895,19.04788],[72.87892,19.04789],[72.87887,19.04789],[72.87884,19.0479],[72.87879,19.0479],[72.87871,19.0479],[72.87863,19.04789],[72.87853,19.04788],[72.87846,19.04785],[72.87842,19.04783],[72.87838,19.0478],[72.87836,19.04779],[72.87835,19.04779],[72.87833,19.04779],[72.8783,19.0478],[72.87823,19.04782],[72.87812,19.04766],[72.87803,19.04755],[72.87779,19.0478],[72.87744,19.04816],[72.87731,19.04826],[72.87695,19.0485],[72.87693,19.04866],[72.87692,19.04874],[72.87688,19.0488],[72.87682,19.04888],[72.87677,19.04894],[72.87672,19.049],[72.8767,19.04902],[72.87669,19.04902],[72.87668,19.04902],[72.87665,19.04903],[72.87663,19.04903],[72.87662,19.04903],[72.87659,19.04903],[72.87658,19.04903],[72.87655,19.04903],[72.87651,19.04902],[72.87649,19.04901],[72.87648,19.04901],[72.87645,19.049],[72.87643,19.04899],[72.87642,19.04899],[72.87637,19.04896],[72.87632,19.04894],[72.87622,19.0489],[72.87614,19.04888],[72.87613,19.04887],[72.8761,19.04887],[72.87606,19.04886],[72.876,19.04886],[72.87595,19.04885],[72.87594,19.04886],[72.87587,19.04887],[72.87576,19.04891],[72.87569,19.04895],[72.87566,19.04896],[72.87545,19.0491],[72.87536,19.04917],[72.87498,19.04943],[72.87455,19.04962],[72.87442,19.04966],[72.87425,19.04973],[72.87419,19.04974],[72.87409,19.04978],[72.8737,19.0499],[72.87348,19.04994],[72.87345,19.04995],[72.8734,19.04996],[72.87307,19.04999],[72.87268,19.05],[72.87255,19.05001],[72.87224,19.05],[72.87205,19.04997],[72.87199,19.04995],[72.8719,19.05008],[72.87184,19.05015],[72.87184,19.05016],[72.87176,19.05026],[72.87171,19.05033],[72.87163,19.05045],[72.87143,19.05074],[72.87135,19.05088],[72.87127,19.05093],[72.87122,19.051],[72.87109,19.05108],[72.87108,19.05109],[72.87103,19.05113],[72.87097,19.05116],[72.87096,19.05117],[72.87087,19.05118],[72.87044,19.05122],[72.87029,19.05124],[72.87026,19.05124],[72.86993,19.05128],[72.86944,19.05126],[72.86938,19.05126],[72.86935,19.05127],[72.86927,19.05131],[72.86921,19.05133],[72.86914,19.05136],[72.86895,19.05132],[72.86886,19.0513],[72.86858,19.05158],[72.86837,19.0518],[72.86828,19.05203],[72.86817,19.05218],[72.86799,19.05234],[72.86786,19.05238],[72.86773,19.05242],[72.86766,19.05244],[72.86763,19.05245],[72.86762,19.05245],[72.86753,19.05247],[72.86743,19.05245],[72.86738,19.05237],[72.86728,19.05223],[72.86703,19.05187],[72.8668,19.05156],[72.8668,19.05155],[72.86679,19.05153],[72.86665,19.05133],[72.86652,19.05116],[72.8665,19.05113],[72.86639,19.05098],[72.8662,19.05072],[72.8661,19.05057],[72.86597,19.05038],[72.86585,19.05021],[72.86574,19.05005],[72.86566,19.04993],[72.86552,19.04973],[72.8654,19.04956],[72.86532,19.04945],[72.86523,19.04932],[72.86507,19.04909],[72.86494,19.0489],[72.86487,19.04879],[72.86474,19.04861],[72.8646,19.04839],[72.8645,19.04825],[72.86377,19.04721],[72.86363,19.04699],[72.86355,19.04687],[72.86341,19.04666],[72.86321,19.04639],[72.86321,19.04638],[72.8632,19.04636],[72.86317,19.04633],[72.86316,19.04631],[72.86311,19.04624],[72.86311,19.04623],[72.86288,19.04591],[72.86273,19.0457],[72.86266,19.04559],[72.86251,19.04538],[72.86239,19.0452],[72.86226,19.04502],[72.86217,19.04488],[72.8621,19.04478],[72.86201,19.04464],[72.86199,19.0446],[72.86186,19.04441],[72.86173,19.04422],[72.86157,19.04399],[72.86143,19.04378],[72.86137,19.0437],[72.86127,19.04355],[72.86118,19.04344],[72.86092,19.04304],[72.86083,19.04291],[72.86063,19.04263],[72.86047,19.0424],[72.8603,19.04215],[72.86012,19.0419],[72.85998,19.0417],[72.85984,19.04149],[72.85973,19.04133],[72.85959,19.04114],[72.8595,19.04101],[72.85922,19.04059],[72.85887,19.04011],[72.85872,19.03988],[72.85652,19.0368],[72.8565,19.03677],[72.85637,19.03658],[72.85635,19.03656],[72.85612,19.03621],[72.85609,19.03615],[72.85463,19.03394],[72.85457,19.03385],[72.85455,19.03383],[72.85452,19.03378],[72.85449,19.03373],[72.8544,19.03361],[72.85439,19.03359],[72.85438,19.03357],[72.85435,19.03353],[72.85428,19.03342],[72.85418,19.03327],[72.85407,19.03311],[72.85395,19.03294],[72.85391,19.03287],[72.8537,19.03257],[72.85351,19.03229],[72.85343,19.03218],[72.85332,19.03202],[72.85324,19.03191],[72.85315,19.03177],[72.85312,19.03174],[72.8531,19.0317],[72.85291,19.03142],[72.85283,19.0313],[72.85263,19.03102],[72.85263,19.03101],[72.85234,19.03059],[72.85209,19.03023],[72.85196,19.03004],[72.85193,19.02997],[72.85109,19.02878],[72.85104,19.02869],[72.85097,19.0286],[72.85068,19.02817],[72.85047,19.02787],[72.8504,19.02777],[72.85026,19.02755],[72.85019,19.02745],[72.8499,19.02704],[72.84989,19.02702],[72.84988,19.02701],[72.84965,19.02667],[72.84957,19.02656],[72.84951,19.02647],[72.84912,19.02589],[72.84895,19.02566],[72.84877,19.02541],[72.84863,19.02524],[72.84836,19.02489],[72.84823,19.02474],[72.8482,19.0247],[72.84808,19.02452],[72.84807,19.0245],[72.84802,19.02442],[72.84775,19.02404],[72.84755,19.02376],[72.84724,19.02331],[72.8471,19.0231],[72.84696,19.0229],[72.84667,19.02249],[72.84662,19.02242],[72.84661,19.02241],[72.84652,19.02228],[72.8464,19.02211],[72.84639,19.02209],[72.84622,19.02183],[72.84601,19.02151],[72.84593,19.0214],[72.84582,19.02123],[72.84577,19.02116],[72.8456,19.02091],[72.84551,19.02078],[72.84541,19.02065],[72.8454,19.02064],[72.84539,19.02061],[72.84531,19.0205],[72.84528,19.02045],[72.84524,19.02041],[72.845,19.02005],[72.84481,19.01979],[72.84476,19.01971],[72.84469,19.01962],[72.84466,19.01958],[72.84465,19.01957],[72.84464,19.01954],[72.84461,19.01951],[72.84458,19.01946],[72.84446,19.0193],[72.84442,19.01925],[72.84438,19.01919],[72.84438,19.01918],[72.84427,19.01904],[72.8441,19.01879],[72.844,19.01865],[72.84392,19.01854],[72.84378,19.01834],[72.84376,19.0183],[72.84366,19.01815],[72.84364,19.01814],[72.84359,19.01806],[72.84352,19.01796],[72.84345,19.01786],[72.84331,19.01765],[72.84317,19.01745],[72.84308,19.01732],[72.84301,19.01721],[72.84297,19.01716],[72.84294,19.01711],[72.84292,19.01709],[72.84291,19.01706],[72.84287,19.01702],[72.84286,19.017],[72.84284,19.01697],[72.843,19.01681],[72.84321,19.01663],[72.84349,19.01636],[72.84354,19.01631],[72.844,19.01593],[72.8441,19.01584],[72.8443,19.01566],[72.84445,19.01553],[72.84448,19.0155],[72.84472,19.01532],[72.8449,19.01517],[72.84516,19.01496],[72.84528,19.01487],[72.84532,19.01483],[72.84551,19.01468],[72.84562,19.0146],[72.84598,19.01436],[72.84631,19.01417],[72.84645,19.01408],[72.8466,19.01399],[72.84668,19.01394],[72.84681,19.01378],[72.84685,19.01373],[72.84688,19.0137],[72.84691,19.01367],[72.84702,19.01357],[72.84725,19.01337],[72.84735,19.01328],[72.8474,19.01323],[72.84745,19.01319],[72.84748,19.01318],[72.84756,19.01315],[72.84776,19.01309],[72.84802,19.01302],[72.84849,19.01288],[72.8486,19.01285],[72.84866,19.01283],[72.84874,19.01282],[72.84894,19.01278],[72.8491,19.01275],[72.84915,19.01274],[72.84922,19.01268],[72.8492,19.01264],[72.84929,19.01261],[72.84951,19.01254],[72.84988,19.01244],[72.84991,19.01243],[72.84998,19.01242],[72.85001,19.01241],[72.85005,19.0124],[72.85008,19.01239],[72.85033,19.01233],[72.85194,19.01192],[72.85227,19.01184],[72.8532,19.0116],[72.8533,19.01157],[72.85331,19.01157],[72.85361,19.0115],[72.85399,19.0114],[72.85406,19.01138],[72.8541,19.01137],[72.85416,19.01136],[72.85438,19.0113],[72.85452,19.01126],[72.85468,19.01123],[72.85484,19.01118],[72.85483,19.01112],[72.85482,19.01101],[72.85481,19.01098],[72.85495,19.01095],[72.85521,19.01089],[72.85549,19.01084],[72.85571,19.01079],[72.85573,19.01078],[72.85582,19.01077],[72.85584,19.01076],[72.85589,19.01075],[72.8559,19.01075],[72.85599,19.01073],[72.85628,19.01067],[72.85625,19.01059],[72.8563,19.01053],[72.85651,19.01073],[72.86042,19.01336],[72.86066,19.01353],[72.86269,19.01494],[72.86309,19.01522],[72.86315,19.01527],[72.86319,19.01529],[72.8631,19.01492],[72.8631,19.01493],[72.86317,19.01495],[72.86327,19.01499],[72.8636,19.01509],[72.86379,19.01516],[72.86378,19.01504],[72.86377,19.01497],[72.86377,19.01491],[72.86376,19.01488],[72.86383,19.01483],[72.86385,19.01483],[72.8639,19.01484],[72.86394,19.01484],[72.86396,19.01483],[72.86398,19.01482],[72.864,19.0148],[72.864,19.01477],[72.864,19.01472],[72.86398,19.01465],[72.86398,19.0146],[72.86398,19.01458],[72.86399,19.01457],[72.86401,19.01454],[72.86403,19.01451],[72.86412,19.01446],[72.86421,19.01441],[72.86423,19.01439],[72.86425,19.01437],[72.86428,19.01433],[72.86431,19.01428],[72.86436,19.01415],[72.86437,19.01411],[72.8644,19.01407],[72.86449,19.01397],[72.86455,19.01388],[72.86482,19.01349],[72.86491,19.01339],[72.86502,19.0133],[72.86506,19.01327],[72.86512,19.01316],[72.86519,19.01306],[72.86531,19.01293],[72.86543,19.01282],[72.86549,19.01277],[72.86559,19.0127],[72.86566,19.01267],[72.86571,19.01266],[72.8658,19.01265],[72.86602,19.01266],[72.86605,19.01266],[72.86611,19.01264],[72.86614,19.01263],[72.86619,19.01259],[72.86626,19.0125],[72.86634,19.01237],[72.86647,19.01216],[72.86659,19.01193],[72.86668,19.01182],[72.86671,19.01179],[72.86674,19.01176],[72.86687,19.0117],[72.86708,19.01161],[72.86717,19.01155],[72.86722,19.0115],[72.86735,19.01131],[72.8674,19.01125],[72.86743,19.01121],[72.86758,19.0111],[72.8677,19.01103],[72.86776,19.01099],[72.86779,19.01095],[72.86782,19.01091],[72.86784,19.01088],[72.86785,19.01083],[72.86788,19.01066],[72.86789,19.01061],[72.8679,19.01054],[72.86792,19.01049],[72.86793,19.01045],[72.86795,19.01042],[72.86797,19.0104],[72.86801,19.01039],[72.86808,19.01037],[72.86825,19.01037],[72.86833,19.01036],[72.86838,19.01034],[72.86846,19.01029],[72.86853,19.01023],[72.86863,19.01012],[72.86874,19.00998],[72.86883,19.00986],[72.86889,19.00977],[72.86894,19.00966],[72.86897,19.0096],[72.86899,19.00951],[72.869,19.00914],[72.869,19.00908],[72.86896,19.00886],[72.86896,19.00881],[72.86896,19.00876],[72.86902,19.00853],[72.86925,19.00861],[72.86937,19.00867],[72.86939,19.00867],[72.86942,19.00867],[72.86959,19.00822],[72.86979,19.00766],[72.8699,19.00738],[72.87099,19.00445],[72.87114,19.00472],[72.87148,19.00544],[72.87175,19.0061],[72.87222,19.00635],[72.87278,19.00644],[72.87351,19.00618],[72.87515,19.00584],[72.87725,19.00587],[72.87841,19.00603],[72.87957,19.00661],[72.88072,19.00725],[72.88194,19.0075],[72.88303,19.00832],[72.88368,19.00881]]]},"properties":{"NAME":"F/N"}},
{"type":"Feature","geometry":{"type":"Polygon","coordinates":[[[72.8783,19.0478],[72.87833,19.04779],[72.87835,19.04779],[72.87836,19.04779],[72.87838,19.0478],[72.87842,19.04783],[72.87846,19.04785],[72.87853,19.04788],[72.87863,19.04789],[72.87871,19.0479],[72.87879,19.0479],[72.87884,19.0479],[72.87887,19.04789],[72.87892,19.04789],[72.87895,19.04788],[72.87896,19.04788],[72.879,19.04787],[72.87904,19.04786],[72.87912,19.04783],[72.87918,19.04781],[72.87922,19.0478],[72.87929,19.04777],[72.87932,19.04776],[72.87935,19.04774],[72.8794,19.04771],[72.87941,19.0477],[72.87948,19.04764],[72.87952,19.0476],[72.87953,19.04759],[72.87955,19.04758],[72.87957,19.04755],[72.8796,19.04751],[72.87977,19.04727],[72.87999,19.04691],[72.88002,19.04678],[72.87987,19.04609],[72.87979,19.04564],[72.87979,19.04563],[72.87979,19.04562],[72.87979,19.04561],[72.87979,19.0456],[72.8798,19.04558],[72.87981,19.04554],[72.87982,19.04551],[72.87983,19.04547],[72.87983,19.04546],[72.87984,19.04546],[72.87984,19.04543],[72.87984,19.04542],[72.87985,19.04539],[72.87986,19.04532],[72.87987,19.04527],[72.87988,19.04526],[72.87989,19.04523],[72.87991,19.04519],[72.87991,19.04518],[72.87992,19.04517],[72.87992,19.04515],[72.87992,19.04513],[72.87993,19.0451],[72.87993,19.04509],[72.87994,19.04507],[72.87995,19.04505],[72.87995,19.04503],[72.87995,19.04501],[72.87995,19.045],[72.87995,19.04499],[72.87994,19.04498],[72.87994,19.04497],[72.87994,19.04496],[72.87994,19.04495],[72.87995,19.04493],[72.87998,19.04488],[72.87999,19.04487],[72.88001,19.04482],[72.88002,19.04481],[72.88003,19.04479],[72.88003,19.04478],[72.88004,19.04475],[72.88005,19.04474],[72.88007,19.0447],[72.88008,19.04468],[72.88009,19.04466],[72.88009,19.04465],[72.88009,19.04463],[72.88009,19.04461],[72.88009,19.04458],[72.88009,19.04455],[72.88009,19.04454],[72.88008,19.04452],[72.88008,19.04451],[72.88006,19.04449],[72.88006,19.04448],[72.88006,19.04447],[72.88006,19.04446],[72.88006,19.04445],[72.88007,19.04443],[72.88008,19.04441],[72.88009,19.04439],[72.88011,19.04437],[72.88012,19.04436],[72.88014,19.04434],[72.88015,19.04433],[72.88017,19.04432],[72.88018,19.04432],[72.88019,19.04431],[72.88021,19.04429],[72.88022,19.04425],[72.88025,19.04417],[72.88026,19.04412],[72.88028,19.04407],[72.88029,19.04403],[72.8803,19.044],[72.88032,19.04395],[72.88033,19.04393],[72.88036,19.04387],[72.88038,19.04382],[72.88039,19.0438],[72.88042,19.04366],[72.88042,19.04365],[72.88043,19.04351],[72.88044,19.04346],[72.88042,19.04343],[72.88042,19.0434],[72.88042,19.04339],[72.88043,19.04338],[72.88044,19.04337],[72.88045,19.04337],[72.88046,19.04335],[72.88046,19.04334],[72.88047,19.04333],[72.88048,19.0433],[72.88049,19.04326],[72.88049,19.04324],[72.88049,19.04322],[72.8805,19.04321],[72.8805,19.0432],[72.8805,19.04318],[72.88051,19.04315],[72.88052,19.0431],[72.88054,19.04303],[72.88055,19.043],[72.88056,19.04294],[72.88057,19.0429],[72.88057,19.04289],[72.88059,19.04278],[72.8806,19.04271],[72.8806,19.0427],[72.88061,19.04268],[72.88061,19.04267],[72.88061,19.04264],[72.88061,19.04263],[72.88062,19.04262],[72.88064,19.0425],[72.88065,19.04246],[72.88066,19.04243],[72.88066,19.04241],[72.88067,19.04239],[72.88067,19.04237],[72.88067,19.04236],[72.88067,19.04235],[72.88067,19.04234],[72.88067,19.04233],[72.88068,19.04232],[72.88069,19.04229],[72.8807,19.04226],[72.88071,19.04225],[72.88071,19.04223],[72.88071,19.04222],[72.88071,19.04221],[72.88071,19.0422],[72.88072,19.04217],[72.88073,19.04213],[72.88073,19.04212],[72.88073,19.04193],[72.88073,19.04192],[72.88073,19.04191],[72.88073,19.0419],[72.88073,19.0418],[72.88073,19.04179],[72.88073,19.04177],[72.88073,19.04176],[72.88073,19.04175],[72.88072,19.04174],[72.88071,19.04173],[72.8807,19.04172],[72.88071,19.04171],[72.88071,19.04169],[72.88072,19.04166],[72.8807,19.04157],[72.88069,19.04151],[72.88069,19.0415],[72.88074,19.04143],[72.88078,19.04138],[72.88078,19.04137],[72.88079,19.04134],[72.88081,19.04121],[72.88082,19.04113],[72.88084,19.04104],[72.88084,19.04099],[72.88085,19.04097],[72.88086,19.04093],[72.88087,19.04081],[72.88088,19.04077],[72.88089,19.04074],[72.88089,19.04073],[72.88089,19.04072],[72.88089,19.04067],[72.8809,19.04061],[72.8809,19.0406],[72.88093,19.04043],[72.88094,19.04031],[72.88098,19.04003],[72.88099,19.03996],[72.881,19.03989],[72.88101,19.03983],[72.88101,19.03979],[72.88102,19.03974],[72.88102,19.0397],[72.88102,19.03969],[72.88102,19.03968],[72.88102,19.03967],[72.88102,19.03966],[72.88106,19.03958],[72.88108,19.03949],[72.88109,19.03947],[72.88109,19.03946],[72.88111,19.03928],[72.88112,19.03921],[72.88112,19.0392],[72.88111,19.03919],[72.88115,19.03902],[72.88116,19.03901],[72.88118,19.03892],[72.88118,19.03888],[72.88119,19.03887],[72.88119,19.03879],[72.88119,19.03878],[72.88121,19.0387],[72.88122,19.03866],[72.88125,19.03852],[72.88126,19.03845],[72.8813,19.03825],[72.88134,19.03808],[72.88136,19.03784],[72.88137,19.0377],[72.88138,19.03752],[72.88136,19.03721],[72.88136,19.03716],[72.88135,19.03711],[72.88135,19.03707],[72.88134,19.03703],[72.88134,19.037],[72.88134,19.03696],[72.88133,19.03688],[72.88133,19.03687],[72.88133,19.03686],[72.88131,19.03677],[72.8813,19.03671],[72.88129,19.03664],[72.88128,19.03659],[72.88128,19.03655],[72.88128,19.03653],[72.88128,19.03652],[72.88128,19.03651],[72.88128,19.0365],[72.88128,19.03649],[72.88122,19.03621],[72.88122,19.03618],[72.88122,19.03617],[72.8812,19.0361],[72.88119,19.03607],[72.88118,19.03605],[72.88118,19.03604],[72.88117,19.03602],[72.88116,19.03595],[72.88116,19.03593],[72.88115,19.03589],[72.88114,19.03581],[72.88113,19.03578],[72.88112,19.03575],[72.8811,19.03567],[72.88107,19.03557],[72.88106,19.03553],[72.88105,19.03548],[72.88104,19.03547],[72.88104,19.03546],[72.88104,19.03544],[72.88103,19.03542],[72.88101,19.0354],[72.88101,19.03536],[72.881,19.03532],[72.88099,19.03529],[72.88099,19.03524],[72.88098,19.0352],[72.88096,19.0352],[72.88094,19.03515],[72.88093,19.03511],[72.8809,19.03497],[72.88089,19.03495],[72.88087,19.03488],[72.88085,19.03479],[72.88085,19.03478],[72.88084,19.03477],[72.88084,19.03476],[72.88084,19.03475],[72.88084,19.03474],[72.88078,19.0346],[72.88076,19.03453],[72.8806,19.03418],[72.88009,19.03316],[72.88007,19.03313],[72.88006,19.03311],[72.88004,19.03308],[72.87998,19.03298],[72.87997,19.03296],[72.87993,19.03289],[72.87991,19.03287],[72.8799,19.03286],[72.8799,19.03285],[72.87983,19.03273],[72.87978,19.03265],[72.87978,19.03264],[72.87977,19.03263],[72.87963,19.03234],[72.87953,19.03216],[72.87953,19.03215],[72.87951,19.03211],[72.87944,19.032],[72.87941,19.03193],[72.87936,19.03184],[72.8793,19.03172],[72.87927,19.03167],[72.8792,19.03153],[72.87911,19.03134],[72.8791,19.03132],[72.87909,19.03131],[72.87908,19.03128],[72.87907,19.03126],[72.87905,19.0312],[72.87903,19.03115],[72.87898,19.03104],[72.87896,19.031],[72.87894,19.03095],[72.87892,19.0309],[72.87888,19.0308],[72.87882,19.03073],[72.87878,19.03069],[72.87878,19.03065],[72.87878,19.03064],[72.87878,19.03058],[72.87877,19.0305],[72.87877,19.03048],[72.87877,19.03047],[72.87875,19.0304],[72.87874,19.03037],[72.87872,19.03031],[72.87871,19.03027],[72.87869,19.03024],[72.87866,19.03019],[72.87861,19.03005],[72.87857,19.02994],[72.87854,19.02985],[72.87854,19.02982],[72.87847,19.02962],[72.87843,19.0295],[72.87841,19.02945],[72.87839,19.02937],[72.87837,19.02934],[72.87835,19.02928],[72.87828,19.02905],[72.87826,19.02899],[72.87822,19.02889],[72.87819,19.0288],[72.87815,19.02871],[72.87813,19.02866],[72.87811,19.02859],[72.87808,19.02847],[72.87804,19.02832],[72.878,19.02816],[72.87798,19.02809],[72.87788,19.02773],[72.87787,19.02766],[72.87783,19.0275],[72.87782,19.02744],[72.87782,19.02743],[72.87778,19.02728],[72.87772,19.02704],[72.87768,19.02683],[72.87766,19.02677],[72.87764,19.02669],[72.8776,19.02653],[72.87751,19.02614],[72.87747,19.02598],[72.87742,19.02578],[72.87739,19.02565],[72.87738,19.02558],[72.87737,19.02552],[72.87737,19.0255],[72.87737,19.02549],[72.87737,19.02547],[72.87736,19.02544],[72.87736,19.02542],[72.87736,19.02541],[72.87736,19.0254],[72.87734,19.02526],[72.87733,19.02519],[72.87733,19.02516],[72.87732,19.02508],[72.87731,19.025],[72.8773,19.02489],[72.87729,19.02479],[72.87729,19.02475],[72.87728,19.02469],[72.87728,19.02464],[72.87728,19.02461],[72.87729,19.02458],[72.87729,19.02457],[72.87729,19.02454],[72.8773,19.02414],[72.8773,19.02412],[72.8773,19.02393],[72.8773,19.02387],[72.8773,19.02386],[72.8773,19.02384],[72.87732,19.02375],[72.87733,19.02372],[72.87735,19.02365],[72.87741,19.02343],[72.87741,19.02341],[72.87742,19.02329],[72.87743,19.02324],[72.87745,19.02313],[72.87756,19.02286],[72.87757,19.02284],[72.87759,19.02277],[72.87763,19.02268],[72.87768,19.02256],[72.87773,19.02247],[72.87778,19.02234],[72.87782,19.02224],[72.87787,19.02215],[72.87791,19.02207],[72.878,19.02191],[72.87808,19.02177],[72.87812,19.0217],[72.87823,19.02153],[72.87825,19.02147],[72.8783,19.02141],[72.87836,19.02132],[72.87843,19.02124],[72.87859,19.02104],[72.8788,19.02077],[72.87899,19.02052],[72.87925,19.02019],[72.87942,19.01996],[72.87955,19.01979],[72.87962,19.01971],[72.87965,19.01967],[72.87968,19.01964],[72.8797,19.01961],[72.87971,19.0196],[72.87972,19.01958],[72.87973,19.01957],[72.87976,19.01953],[72.87978,19.01951],[72.87979,19.01949],[72.87981,19.01947],[72.87983,19.01944],[72.87984,19.01943],[72.87985,19.01942],[72.87986,19.01941],[72.87986,19.0194],[72.87987,19.01938],[72.87989,19.01937],[72.87991,19.01934],[72.87992,19.01933],[72.87994,19.01931],[72.87995,19.0193],[72.87997,19.01928],[72.88005,19.01919],[72.88051,19.01878],[72.88053,19.01876],[72.88064,19.01864],[72.88071,19.01857],[72.88077,19.01851],[72.88086,19.01842],[72.88094,19.01834],[72.88101,19.01827],[72.8812,19.01809],[72.88129,19.01802],[72.88138,19.01794],[72.88148,19.01785],[72.88165,19.01772],[72.88176,19.01763],[72.88181,19.01759],[72.88195,19.01747],[72.88204,19.0174],[72.88204,19.01739],[72.88209,19.01737],[72.88212,19.01735],[72.88225,19.01726],[72.8825,19.01708],[72.88253,19.01706],[72.88255,19.01704],[72.88281,19.01681],[72.88331,19.01643],[72.88358,19.01617],[72.88375,19.01596],[72.88386,19.0158],[72.88395,19.01562],[72.88405,19.01536],[72.8843,19.01452],[72.88433,19.01422],[72.88436,19.01384],[72.88436,19.01377],[72.88437,19.01366],[72.88439,19.01347],[72.88439,19.01345],[72.88455,19.01169],[72.88483,19.01025],[72.88486,19.01018],[72.88489,19.01005],[72.88498,19.00977],[72.88368,19.00881],[72.88388,19.00863],[72.88382,19.00773],[72.88366,19.00585],[72.88345,19.00465],[72.88337,19.0037],[72.88338,19.0031],[72.88376,19.00247],[72.88411,19.00227],[72.88459,19.00165],[72.88491,19.0012],[72.88514,19.00064],[72.88524,19.0001],[72.8855,18.99963],[72.88575,18.99954],[72.88662,18.9996],[72.88678,18.99812],[72.88684,18.99733],[72.88673,18.99582],[72.88684,18.9949],[72.88697,18.99383],[72.88698,18.99323],[72.88701,18.99289],[72.88705,18.99244],[72.88713,18.99222],[72.88726,18.9919],[72.88741,18.99173],[72.8876,18.99165],[72.8879,18.99172],[72.88847,18.99231],[72.88914,18.993],[72.88983,18.99351],[72.89021,18.99376],[72.89056,18.99393],[72.89128,18.99433],[72.8914,18.99436],[72.89183,18.99446],[72.89214,18.99454],[72.89274,18.99456],[72.89318,18.99452],[72.8938,18.99458],[72.89447,18.9948],[72.89543,18.99512],[72.89582,18.99521],[72.89664,18.99529],[72.89883,18.99527],[72.8999,18.99524],[72.90035,18.99521],[72.90123,18.995],[72.90359,18.99421],[72.90421,18.99402],[72.90445,18.99399],[72.9043,18.99445],[72.90426,18.99461],[72.90426,18.99478],[72.9043,18.99711],[72.90431,18.99733],[72.90438,18.99823],[72.9044,18.99852],[72.90442,18.99881],[72.90442,18.99894],[72.90444,18.99925],[72.90443,18.99968],[72.9044,19.00055],[72.90437,19.00142],[72.90435,19.00196],[72.90433,19.00271],[72.90432,19.00297],[72.90476,19.00309],[72.9048,19.0031],[72.90491,19.00313],[72.90507,19.00442],[72.90528,19.00585],[72.9054,19.00672],[72.90539,19.00677],[72.90536,19.00681],[72.90534,19.00684],[72.90529,19.00688],[72.9052,19.00691],[72.90383,19.00724],[72.90187,19.00772],[72.90109,19.00791],[72.90105,19.00792],[72.90101,19.00794],[72.90098,19.00796],[72.90036,19.00849],[72.89998,19.00879],[72.89994,19.00881],[72.89986,19.00885],[72.89898,19.00907],[72.89892,19.00909],[72.89847,19.00933],[72.89845,19.00956],[72.8984,19.01051],[72.89839,19.01078],[72.89839,19.01088],[72.89838,19.01101],[72.89838,19.0111],[72.89837,19.01131],[72.89834,19.01206],[72.89833,19.01212],[72.89831,19.01252],[72.89825,19.01363],[72.89821,19.0144],[72.89819,19.0148],[72.89817,19.01534],[72.89815,19.01573],[72.89815,19.01586],[72.89811,19.01683],[72.89811,19.01729],[72.8981,19.01743],[72.89808,19.01819],[72.89806,19.01863],[72.89804,19.01869],[72.89804,19.01908],[72.89804,19.01914],[72.89799,19.0198],[72.89797,19.01988],[72.89796,19.02022],[72.89795,19.02054],[72.89794,19.02062],[72.89793,19.0209],[72.89793,19.02091],[72.89791,19.02128],[72.89791,19.02133],[72.89791,19.02146],[72.8979,19.02176],[72.8979,19.02179],[72.89789,19.02213],[72.89787,19.02265],[72.89786,19.02273],[72.89785,19.02312],[72.89784,19.02324],[72.89783,19.02345],[72.89783,19.02346],[72.89782,19.02371],[72.89781,19.02384],[72.89781,19.02386],[72.89779,19.02439],[72.89777,19.02483],[72.89775,19.02533],[72.89774,19.02544],[72.89774,19.02562],[72.89774,19.02565],[72.89774,19.02582],[72.89774,19.02599],[72.89775,19.02623],[72.89774,19.02633],[72.89773,19.02657],[72.89773,19.02659],[72.89772,19.0268],[72.89771,19.02701],[72.8977,19.02711],[72.8977,19.02725],[72.89769,19.02733],[72.89768,19.02746],[72.89768,19.02747],[72.89768,19.02749],[72.89763,19.02775],[72.89762,19.0278],[72.89761,19.02782],[72.89761,19.02786],[72.89761,19.02787],[72.89761,19.02791],[72.89761,19.02794],[72.89758,19.02799],[72.89756,19.02806],[72.89751,19.02821],[72.89743,19.02843],[72.89741,19.02847],[72.89735,19.02868],[72.89716,19.02904],[72.89696,19.0294],[72.89692,19.02949],[72.89693,19.02978],[72.89692,19.02984],[72.89692,19.0299],[72.89692,19.03],[72.89691,19.03009],[72.89691,19.03014],[72.8969,19.03021],[72.8969,19.0303],[72.89689,19.03039],[72.89688,19.0305],[72.89687,19.0307],[72.89684,19.03116],[72.89683,19.0312],[72.89682,19.03125],[72.89677,19.03145],[72.89675,19.03148],[72.89672,19.03155],[72.89668,19.03162],[72.89664,19.03171],[72.8966,19.03179],[72.89659,19.03183],[72.89656,19.03195],[72.89652,19.0323],[72.8965,19.03238],[72.89649,19.03245],[72.89643,19.03266],[72.89604,19.03369],[72.89581,19.03434],[72.89556,19.03504],[72.89525,19.03591],[72.89521,19.03603],[72.89518,19.03612],[72.89515,19.03623],[72.89513,19.03632],[72.89509,19.03647],[72.89508,19.03656],[72.89506,19.03665],[72.89505,19.03672],[72.89504,19.03683],[72.89502,19.03692],[72.89501,19.03701],[72.895,19.03708],[72.895,19.03712],[72.89498,19.03728],[72.89496,19.03739],[72.89495,19.03751],[72.89494,19.0376],[72.89493,19.03773],[72.89492,19.03782],[72.89491,19.03791],[72.8949,19.038],[72.89489,19.03811],[72.89488,19.03816],[72.89487,19.03828],[72.89486,19.03845],[72.89484,19.03863],[72.89482,19.03881],[72.89481,19.03891],[72.89478,19.03907],[72.89478,19.03911],[72.89477,19.03916],[72.89474,19.03928],[72.89471,19.03937],[72.89463,19.03965],[72.89461,19.03972],[72.89453,19.03989],[72.8943,19.04025],[72.8942,19.04041],[72.89411,19.04056],[72.89389,19.04094],[72.89429,19.04116],[72.89434,19.04118],[72.89439,19.04119],[72.8947,19.04125],[72.895,19.0413],[72.89505,19.04131],[72.89511,19.04135],[72.89519,19.04142],[72.89523,19.04146],[72.89524,19.04149],[72.89526,19.04152],[72.89529,19.04221],[72.89528,19.04265],[72.89555,19.04244],[72.89562,19.0424],[72.89567,19.04239],[72.89585,19.04236],[72.89591,19.04235],[72.89598,19.04236],[72.89602,19.04238],[72.89605,19.0424],[72.89608,19.04243],[72.89615,19.04278],[72.89617,19.04286],[72.89626,19.04305],[72.89636,19.04327],[72.8965,19.04372],[72.89656,19.04379],[72.89729,19.04406],[72.89825,19.04442],[72.89854,19.04453],[72.89867,19.04458],[72.89875,19.04466],[72.89881,19.04476],[72.89895,19.04503],[72.89896,19.04509],[72.89896,19.04512],[72.89895,19.04523],[72.89883,19.04609],[72.89885,19.04609],[72.89891,19.0461],[72.89918,19.04613],[72.89937,19.04615],[72.89965,19.04615],[72.90016,19.04615],[72.90024,19.04614],[72.9004,19.04612],[72.9006,19.04609],[72.90063,19.04608],[72.90066,19.04608],[72.90074,19.04607],[72.90098,19.04604],[72.90112,19.04603],[72.90178,19.04595],[72.90194,19.04593],[72.90218,19.0459],[72.90272,19.04585],[72.90295,19.04583],[72.90304,19.04583],[72.90359,19.04578],[72.90371,19.04577],[72.90508,19.04581],[72.90546,19.04581],[72.90572,19.04581],[72.90606,19.0458],[72.90661,19.0458],[72.90711,19.04579],[72.90759,19.04577],[72.90782,19.04577],[72.90816,19.04576],[72.90843,19.04575],[72.90858,19.04574],[72.90876,19.04574],[72.90897,19.04573],[72.90904,19.04572],[72.90925,19.04572],[72.90934,19.04571],[72.90934,19.04576],[72.90937,19.04588],[72.90942,19.04607],[72.90943,19.04614],[72.90949,19.04642],[72.90951,19.04658],[72.90962,19.04719],[72.91011,19.04898],[72.91012,19.04901],[72.91018,19.04927],[72.9102,19.04937],[72.91021,19.04942],[72.91024,19.04957],[72.9103,19.04984],[72.91034,19.05004],[72.91036,19.05013],[72.91049,19.05071],[72.9105,19.05079],[72.91051,19.0509],[72.91052,19.05094],[72.91054,19.05117],[72.9108,19.05347],[72.91088,19.05402],[72.91108,19.05517],[72.91112,19.05528],[72.91114,19.05537],[72.91116,19.05541],[72.91117,19.05544],[72.91122,19.05553],[72.91126,19.05561],[72.91131,19.05569],[72.91134,19.05574],[72.91141,19.05585],[72.91145,19.0559],[72.91149,19.05597],[72.91155,19.05605],[72.91159,19.05611],[72.91163,19.05616],[72.9117,19.05626],[72.91175,19.05633],[72.91183,19.05645],[72.9119,19.05655],[72.91198,19.05667],[72.91209,19.05682],[72.9122,19.05697],[72.91227,19.05708],[72.91235,19.0572],[72.91237,19.05723],[72.91215,19.05737],[72.91178,19.0576],[72.91164,19.05769],[72.91148,19.05778],[72.91135,19.05786],[72.91114,19.05799],[72.91093,19.05811],[72.9107,19.05824],[72.91035,19.05843],[72.90996,19.05864],[72.90961,19.05884],[72.90916,19.05907],[72.9089,19.05919],[72.90878,19.05925],[72.90863,19.05931],[72.90836,19.05944],[72.90809,19.05956],[72.90784,19.05968],[72.90773,19.05973],[72.9078,19.0598],[72.9079,19.0599],[72.908,19.06002],[72.90777,19.06012],[72.90768,19.06021],[72.90763,19.06025],[72.90757,19.0603],[72.90766,19.0604],[72.9079,19.06067],[72.90797,19.06075],[72.90802,19.06081],[72.90821,19.06102],[72.90826,19.06107],[72.90826,19.06108],[72.90833,19.06115],[72.90845,19.06126],[72.9086,19.06143],[72.90878,19.06165],[72.90889,19.06179],[72.90916,19.06207],[72.90943,19.06238],[72.90976,19.06276],[72.90977,19.06278],[72.90989,19.06291],[72.90994,19.06297],[72.91012,19.06317],[72.91017,19.06322],[72.91028,19.06333],[72.91044,19.06349],[72.91047,19.06352],[72.91077,19.06385],[72.91102,19.06411],[72.9114,19.06453],[72.91147,19.0646],[72.91167,19.06481],[72.91179,19.06494],[72.91177,19.06495],[72.91156,19.06502],[72.91172,19.06509],[72.91174,19.0651],[72.91066,19.06716],[72.91061,19.06755],[72.91027,19.06792],[72.91011,19.06808],[72.90987,19.06952],[72.90987,19.06956],[72.90951,19.06951],[72.90925,19.0704],[72.90848,19.0704],[72.90825,19.0704],[72.90768,19.07035],[72.9076,19.07075],[72.90742,19.07173],[72.90736,19.07185],[72.90735,19.07187],[72.9073,19.07196],[72.90707,19.07191],[72.90695,19.07188],[72.90672,19.07184],[72.90667,19.07183],[72.90638,19.07178],[72.90634,19.07177],[72.9062,19.07175],[72.90608,19.07173],[72.90595,19.07172],[72.9059,19.07171],[72.90568,19.07167],[72.90551,19.07164],[72.90535,19.07161],[72.90522,19.07158],[72.90477,19.07216],[72.90468,19.0723],[72.90466,19.07232],[72.90445,19.07247],[72.90416,19.07267],[72.90391,19.07285],[72.90374,19.07297],[72.90356,19.07311],[72.90322,19.07336],[72.90317,19.0734],[72.90301,19.07353],[72.90295,19.07358],[72.90293,19.07359],[72.9029,19.07362],[72.90286,19.07364],[72.90277,19.07363],[72.90268,19.07354],[72.90227,19.07277],[72.90223,19.0728],[72.90221,19.0728],[72.90193,19.07298],[72.90164,19.07285],[72.9016,19.07284],[72.90157,19.07283],[72.9015,19.0728],[72.90138,19.07276],[72.90113,19.07266],[72.90109,19.07264],[72.90098,19.0726],[72.90064,19.07242],[72.9006,19.0724],[72.90041,19.0723],[72.89992,19.07211],[72.89981,19.07207],[72.89977,19.07206],[72.89974,19.07204],[72.89941,19.07192],[72.89923,19.07185],[72.89874,19.07185],[72.89851,19.07205],[72.89836,19.07204],[72.89829,19.07204],[72.89809,19.07204],[72.8979,19.07203],[72.89777,19.07201],[72.8977,19.072],[72.89755,19.07197],[72.89743,19.07194],[72.89693,19.07187],[72.89686,19.07186],[72.8967,19.07182],[72.89642,19.07176],[72.89626,19.0717],[72.89564,19.0716],[72.89561,19.0716],[72.89558,19.0716],[72.89525,19.07158],[72.89518,19.07154],[72.89457,19.07071],[72.8937,19.06952],[72.89277,19.06824],[72.89271,19.06817],[72.89147,19.06629],[72.89121,19.06591],[72.89118,19.06588],[72.89102,19.06565],[72.89084,19.06539],[72.89075,19.06528],[72.89071,19.06521],[72.88968,19.06377],[72.88673,19.05971],[72.88612,19.05884],[72.88607,19.05878],[72.88588,19.05852],[72.88585,19.05848],[72.88517,19.05752],[72.88401,19.0559],[72.883,19.05457],[72.88265,19.0541],[72.88247,19.05388],[72.88244,19.05383],[72.88237,19.05374],[72.88217,19.05348],[72.88216,19.05346],[72.88215,19.05346],[72.882,19.05322],[72.88195,19.05315],[72.88193,19.05312],[72.8819,19.05306],[72.88188,19.05302],[72.88181,19.05292],[72.88179,19.05289],[72.88154,19.05256],[72.88148,19.05247],[72.88125,19.05216],[72.88101,19.05181],[72.88047,19.05106],[72.88035,19.05086],[72.88023,19.0507],[72.88012,19.05057],[72.87986,19.0502],[72.87838,19.04805],[72.87835,19.04797],[72.87834,19.04795],[72.87823,19.04782],[72.8783,19.0478]]]},"properties":{"NAME":"M/W"}},
{"type":"Feature","geometry":{"type":"Polygon","coordinates":[[[72.84276,19.09043],[72.8427,19.09044],[72.84175,19.09056],[72.84163,19.09057],[72.84155,19.09057],[72.84149,19.09056],[72.84138,19.09053],[72.83958,19.08992],[72.83954,19.08991],[72.83944,19.08988],[72.83938,19.08987],[72.83932,19.08985],[72.83926,19.08984],[72.8392,19.08983],[72.83914,19.08982],[72.83908,19.0898],[72.83901,19.08979],[72.83895,19.08978],[72.83889,19.08977],[72.83883,19.08977],[72.83877,19.08976],[72.83871,19.08975],[72.83865,19.08974],[72.83858,19.08973],[72.83852,19.08973],[72.83846,19.08972],[72.83839,19.08972],[72.83834,19.08972],[72.83827,19.08972],[72.83827,19.08966],[72.83827,19.08964],[72.83827,19.08963],[72.83827,19.0896],[72.83826,19.08948],[72.83825,19.08935],[72.83824,19.08919],[72.83823,19.08909],[72.83823,19.08896],[72.83821,19.08877],[72.83821,19.08871],[72.8382,19.08854],[72.83819,19.08843],[72.83819,19.08838],[72.83818,19.08826],[72.83818,19.08821],[72.83818,19.08815],[72.83818,19.0881],[72.83817,19.08791],[72.83816,19.0877],[72.83815,19.08747],[72.83815,19.08744],[72.83814,19.08723],[72.83812,19.08668],[72.83787,19.08668],[72.83667,19.0866],[72.83556,19.08653],[72.83486,19.08648],[72.83452,19.08649],[72.83436,19.08648],[72.83431,19.08649],[72.83423,19.08652],[72.83404,19.08659],[72.83403,19.08658],[72.83402,19.08656],[72.83396,19.0865],[72.83378,19.08649],[72.83333,19.08644],[72.83331,19.08644],[72.83297,19.08642],[72.8328,19.0864],[72.8327,19.08638],[72.83269,19.08638],[72.83267,19.08638],[72.83252,19.08637],[72.83248,19.08615],[72.83221,19.08486],[72.8322,19.08483],[72.83041,19.08536],[72.83038,19.08527],[72.83037,19.08527],[72.83035,19.0852],[72.83031,19.0851],[72.83026,19.08495],[72.83021,19.08479],[72.8301,19.08449],[72.83001,19.08427],[72.83,19.08424],[72.82997,19.0842],[72.82993,19.08408],[72.82988,19.08393],[72.82986,19.08391],[72.82984,19.08386],[72.82979,19.08371],[72.8286,19.08268],[72.82852,19.08247],[72.82835,19.08236],[72.82835,19.08235],[72.82826,19.08219],[72.82822,19.08213],[72.8281,19.08182],[72.82809,19.0818],[72.82793,19.08141],[72.8279,19.08134],[72.8278,19.08108],[72.82768,19.08096],[72.82765,19.08094],[72.8276,19.08088],[72.82758,19.08086],[72.82751,19.08079],[72.8275,19.08078],[72.82734,19.08075],[72.82728,19.08069],[72.82715,19.08058],[72.82709,19.08054],[72.82687,19.0804],[72.82679,19.08037],[72.82652,19.08027],[72.82588,19.0799],[72.82539,19.0802],[72.82493,19.08048],[72.82399,19.08104],[72.82348,19.08197],[72.82322,19.08228],[72.8231,19.08243],[72.8231,19.08239],[72.82309,19.08237],[72.82308,19.08235],[72.82304,19.08231],[72.82292,19.08226],[72.82291,19.08226],[72.82271,19.0821],[72.82267,19.08205],[72.82266,19.08201],[72.82266,19.082],[72.82267,19.08197],[72.82273,19.08193],[72.82277,19.08191],[72.82281,19.08189],[72.82285,19.08187],[72.82289,19.08182],[72.82291,19.08172],[72.82295,19.08143],[72.82295,19.08139],[72.823,19.08111],[72.82301,19.08106],[72.82305,19.08083],[72.8231,19.08051],[72.82314,19.08026],[72.82319,19.07997],[72.82321,19.07984],[72.82321,19.07975],[72.82321,19.07973],[72.8232,19.0797],[72.8232,19.07962],[72.82323,19.07949],[72.82324,19.07948],[72.82331,19.0794],[72.82338,19.07933],[72.82339,19.07931],[72.8234,19.0793],[72.82342,19.07927],[72.82338,19.07925],[72.82325,19.0792],[72.82311,19.07914],[72.82295,19.07905],[72.82284,19.07897],[72.82272,19.07887],[72.82261,19.07876],[72.82251,19.07866],[72.82242,19.07854],[72.82235,19.07843],[72.82227,19.0783],[72.8222,19.07817],[72.82214,19.07804],[72.82208,19.0779],[72.82203,19.07776],[72.82199,19.07764],[72.82197,19.07758],[72.82151,19.07729],[72.82139,19.07686],[72.82139,19.07647],[72.82165,19.0759],[72.82186,19.07517],[72.82187,19.07483],[72.82183,19.07461],[72.82153,19.07418],[72.82148,19.0741],[72.82136,19.07385],[72.82132,19.07385],[72.82126,19.07385],[72.82127,19.07322],[72.82131,19.07322],[72.82144,19.07322],[72.82144,19.07319],[72.8215,19.07242],[72.82158,19.0719],[72.82178,19.07107],[72.82205,19.07027],[72.82238,19.06958],[72.82239,19.06952],[72.82238,19.069],[72.82226,19.06846],[72.82212,19.06801],[72.82212,19.06767],[72.8222,19.06723],[72.8224,19.06669],[72.82265,19.06591],[72.82275,19.06536],[72.82274,19.06458],[72.82258,19.06411],[72.82228,19.06334],[72.82213,19.06279],[72.82196,19.06235],[72.82195,19.06232],[72.82161,19.06237],[72.8214,19.06129],[72.82133,19.06097],[72.82128,19.06077],[72.82122,19.06025],[72.82053,19.05898],[72.82118,19.05864],[72.82125,19.05813],[72.82239,19.05738],[72.82252,19.05733],[72.82294,19.05714],[72.82322,19.05684],[72.82372,19.05604],[72.82373,19.05598],[72.82374,19.05593],[72.82352,19.05592],[72.82348,19.05587],[72.82348,19.05562],[72.82348,19.05548],[72.82345,19.05527],[72.82345,19.05526],[72.82341,19.05503],[72.8234,19.055],[72.82324,19.05476],[72.8232,19.05474],[72.82314,19.0547],[72.82309,19.05466],[72.82302,19.05461],[72.82298,19.05459],[72.82293,19.05455],[72.82287,19.05452],[72.82281,19.05448],[72.82275,19.05444],[72.8227,19.0544],[72.82266,19.05437],[72.82261,19.05434],[72.82256,19.05429],[72.82253,19.05427],[72.82251,19.05425],[72.82248,19.05422],[72.82245,19.05419],[72.82243,19.05417],[72.8224,19.05415],[72.82238,19.05412],[72.82235,19.05409],[72.82231,19.05403],[72.82228,19.054],[72.82225,19.05397],[72.82223,19.05395],[72.82222,19.05393],[72.82219,19.05389],[72.82217,19.05387],[72.82215,19.05384],[72.82212,19.0538],[72.8221,19.05377],[72.82208,19.05374],[72.82206,19.05371],[72.82204,19.05368],[72.82202,19.05365],[72.82199,19.0536],[72.82197,19.05357],[72.82195,19.05352],[72.82192,19.05347],[72.8219,19.05343],[72.82189,19.05339],[72.82187,19.05335],[72.82185,19.05332],[72.82183,19.05327],[72.82181,19.05321],[72.82179,19.05316],[72.82177,19.05309],[72.82175,19.05305],[72.82175,19.05304],[72.82174,19.05302],[72.82173,19.05298],[72.82171,19.05293],[72.82169,19.05288],[72.82167,19.05282],[72.82165,19.05274],[72.82163,19.0527],[72.82161,19.05263],[72.8216,19.0526],[72.82159,19.05255],[72.82157,19.05249],[72.82156,19.05244],[72.82155,19.05239],[72.82153,19.05234],[72.82152,19.05229],[72.82151,19.05224],[72.82149,19.05218],[72.82148,19.05214],[72.82147,19.0521],[72.82146,19.05207],[72.82145,19.05203],[72.82144,19.05198],[72.82144,19.05194],[72.82142,19.05188],[72.82141,19.05182],[72.8214,19.05176],[72.82139,19.05173],[72.82138,19.05167],[72.82137,19.05162],[72.82136,19.05155],[72.82135,19.05148],[72.82134,19.05143],[72.82132,19.05137],[72.8213,19.05124],[72.8213,19.05119],[72.82129,19.05114],[72.82128,19.0511],[72.82127,19.05104],[72.82125,19.05098],[72.82124,19.05091],[72.82124,19.05088],[72.82123,19.05082],[72.82121,19.05074],[72.82119,19.05068],[72.82116,19.05058],[72.82115,19.05055],[72.82113,19.05051],[72.82111,19.05047],[72.82109,19.05041],[72.82105,19.05033],[72.82103,19.0503],[72.82102,19.05027],[72.82099,19.05023],[72.82097,19.05018],[72.82095,19.05015],[72.82092,19.0501],[72.8209,19.05007],[72.82088,19.05003],[72.8208,19.04991],[72.82077,19.04986],[72.82075,19.04983],[72.82073,19.04979],[72.82071,19.04976],[72.82068,19.0497],[72.82065,19.04966],[72.82063,19.04961],[72.8206,19.04956],[72.82057,19.04951],[72.82055,19.04947],[72.82052,19.04942],[72.8205,19.04938],[72.82048,19.04934],[72.82045,19.04929],[72.82042,19.04923],[72.82039,19.04918],[72.82038,19.04915],[72.82035,19.0491],[72.82033,19.04906],[72.82031,19.04901],[72.82027,19.04895],[72.82024,19.04888],[72.82021,19.04883],[72.8202,19.0488],[72.82018,19.04877],[72.82016,19.04873],[72.82014,19.04868],[72.82013,19.04866],[72.82012,19.04863],[72.8201,19.04859],[72.82008,19.04856],[72.82006,19.04852],[72.82005,19.04849],[72.82003,19.04845],[72.82001,19.04841],[72.81999,19.04837],[72.81997,19.04831],[72.81994,19.04826],[72.81864,19.04557],[72.81822,19.04497],[72.81808,19.04499],[72.81802,19.045],[72.81793,19.04495],[72.8174,19.04415],[72.8173,19.04365],[72.81723,19.04328],[72.81722,19.04324],[72.81718,19.04305],[72.81718,19.04304],[72.81718,19.04303],[72.81718,19.04302],[72.81719,19.04301],[72.81719,19.043],[72.8172,19.04299],[72.8172,19.04298],[72.81721,19.04297],[72.81722,19.04296],[72.81723,19.04295],[72.81724,19.04295],[72.81725,19.04294],[72.81727,19.04293],[72.81729,19.04293],[72.81731,19.04292],[72.81759,19.04287],[72.81771,19.04285],[72.8177,19.04276],[72.8181,19.04232],[72.81813,19.0421],[72.8182,19.0419],[72.81817,19.04189],[72.81802,19.04183],[72.81808,19.04168],[72.8184,19.04179],[72.81841,19.04179],[72.81849,19.04171],[72.81854,19.04167],[72.8186,19.0415],[72.81864,19.04142],[72.8187,19.04135],[72.81879,19.04127],[72.81888,19.04107],[72.81893,19.04106],[72.81898,19.04105],[72.81909,19.04096],[72.81924,19.04086],[72.81954,19.04085],[72.81963,19.04085],[72.8197,19.04087],[72.81977,19.04089],[72.81985,19.04091],[72.81993,19.04094],[72.81999,19.04095],[72.82009,19.04097],[72.82011,19.04098],[72.82018,19.041],[72.82028,19.04102],[72.8204,19.04105],[72.8205,19.04108],[72.8206,19.04112],[72.8207,19.04115],[72.82079,19.04119],[72.8209,19.04123],[72.82102,19.04128],[72.82113,19.04133],[72.82124,19.04138],[72.82186,19.04161],[72.82339,19.04217],[72.82367,19.04227],[72.82409,19.04237],[72.82486,19.04253],[72.82588,19.04317],[72.82754,19.04421],[72.82873,19.0448],[72.82931,19.04492],[72.82956,19.04516],[72.82977,19.04552],[72.82976,19.04605],[72.83174,19.04787],[72.83234,19.0486],[72.8332,19.04911],[72.83346,19.04925],[72.83372,19.04939],[72.83377,19.04942],[72.8338,19.04943],[72.83451,19.04939],[72.83473,19.04936],[72.83501,19.04935],[72.83522,19.04936],[72.83547,19.0494],[72.83556,19.04942],[72.83575,19.04946],[72.83584,19.04949],[72.83594,19.0495],[72.83607,19.04951],[72.83622,19.0495],[72.83645,19.0495],[72.83664,19.0495],[72.83689,19.04951],[72.83704,19.04952],[72.83717,19.04953],[72.83726,19.04953],[72.83735,19.04953],[72.83743,19.04952],[72.83755,19.04948],[72.83767,19.04941],[72.83778,19.04932],[72.83789,19.04919],[72.83795,19.04909],[72.838,19.04892],[72.83803,19.04829],[72.83804,19.04821],[72.83805,19.04821],[72.83811,19.04825],[72.83813,19.04826],[72.83814,19.04826],[72.83842,19.04831],[72.83845,19.04832],[72.83852,19.04837],[72.83856,19.0484],[72.83861,19.04844],[72.83871,19.04852],[72.83881,19.04859],[72.83881,19.0486],[72.83888,19.04864],[72.83903,19.04876],[72.83917,19.04887],[72.8393,19.04896],[72.83937,19.04901],[72.8394,19.04904],[72.83943,19.04906],[72.83956,19.04916],[72.83958,19.04917],[72.83961,19.04919],[72.83964,19.04921],[72.83974,19.04928],[72.83984,19.04935],[72.83991,19.0494],[72.84006,19.0495],[72.84008,19.04952],[72.84017,19.04958],[72.84029,19.04967],[72.8403,19.04968],[72.84036,19.04972],[72.84039,19.04975],[72.84046,19.0498],[72.84057,19.04987],[72.84063,19.04991],[72.84066,19.04993],[72.84072,19.04997],[72.84082,19.05004],[72.84087,19.05007],[72.84109,19.05022],[72.84112,19.05024],[72.84146,19.05047],[72.84166,19.05061],[72.84167,19.05061],[72.84177,19.05068],[72.84178,19.05069],[72.84188,19.05076],[72.84189,19.05076],[72.8421,19.05091],[72.84213,19.05093],[72.84184,19.05158],[72.84139,19.05273],[72.84118,19.05329],[72.8407,19.05473],[72.83994,19.05669],[72.83987,19.05693],[72.8398,19.05718],[72.83973,19.05742],[72.83967,19.05767],[72.83962,19.05792],[72.83957,19.05817],[72.83944,19.05867],[72.83938,19.05898],[72.83932,19.0593],[72.83927,19.05961],[72.83922,19.05992],[72.83919,19.06024],[72.83915,19.06055],[72.83914,19.06095],[72.83913,19.06135],[72.83912,19.06174],[72.83913,19.06214],[72.83914,19.06243],[72.83916,19.06272],[72.83918,19.06301],[72.83922,19.0633],[72.83926,19.06359],[72.8393,19.06388],[72.83936,19.06417],[72.83942,19.06445],[72.83948,19.06474],[72.83998,19.06814],[72.84019,19.06973],[72.84023,19.07005],[72.84026,19.07037],[72.84028,19.07069],[72.8403,19.07101],[72.84031,19.07129],[72.84033,19.07157],[72.84035,19.07186],[72.84038,19.07214],[72.84041,19.07242],[72.8407,19.07463],[72.84085,19.07548],[72.84107,19.0772],[72.84114,19.07769],[72.84125,19.0785],[72.84155,19.08068],[72.8418,19.08253],[72.84206,19.08476],[72.84223,19.08617],[72.84256,19.08874],[72.84264,19.08936],[72.84276,19.09043]]]},"properties":{"NAME":"H/W"}},
{"type":"Feature","geometry":{"type":"Polygon","coordinates":[[[72.83752,19.00911],[72.8376,19.00925],[72.83776,19.00949],[72.83785,19.00961],[72.83791,19.0097],[72.8382,19.01013],[72.83846,19.01053],[72.83874,19.01095],[72.83908,19.01144],[72.83921,19.01163],[72.83931,19.01178],[72.83941,19.01192],[72.84015,19.01301],[72.84028,19.0132],[72.84046,19.01346],[72.84066,19.01374],[72.84088,19.01408],[72.84113,19.01444],[72.84137,19.01482],[72.84153,19.01507],[72.84171,19.01535],[72.84215,19.01602],[72.84226,19.01616],[72.84242,19.01639],[72.84284,19.01697],[72.84286,19.017],[72.84287,19.01702],[72.84291,19.01706],[72.84292,19.01709],[72.84294,19.01711],[72.84297,19.01716],[72.84301,19.01721],[72.84308,19.01732],[72.84317,19.01745],[72.84331,19.01765],[72.84345,19.01786],[72.84352,19.01796],[72.84359,19.01806],[72.84364,19.01814],[72.84366,19.01815],[72.84376,19.0183],[72.84378,19.01834],[72.84392,19.01854],[72.844,19.01865],[72.8441,19.01879],[72.84427,19.01904],[72.84438,19.01918],[72.84438,19.01919],[72.84442,19.01925],[72.84446,19.0193],[72.84458,19.01946],[72.84461,19.01951],[72.84464,19.01954],[72.84465,19.01957],[72.84466,19.01958],[72.84469,19.01962],[72.84476,19.01971],[72.84481,19.01979],[72.845,19.02005],[72.84524,19.02041],[72.84528,19.02045],[72.84531,19.0205],[72.84539,19.02061],[72.8454,19.02064],[72.84541,19.02065],[72.84551,19.02078],[72.8456,19.02091],[72.84577,19.02116],[72.84582,19.02123],[72.84593,19.0214],[72.84601,19.02151],[72.84622,19.02183],[72.84639,19.02209],[72.8464,19.02211],[72.84652,19.02228],[72.84661,19.02241],[72.84662,19.02242],[72.84667,19.02249],[72.84696,19.0229],[72.8471,19.0231],[72.84724,19.02331],[72.84755,19.02376],[72.84775,19.02404],[72.84802,19.02442],[72.84807,19.0245],[72.84808,19.02452],[72.8482,19.0247],[72.84823,19.02474],[72.84836,19.02489],[72.84863,19.02524],[72.84877,19.02541],[72.84895,19.02566],[72.84912,19.02589],[72.84951,19.02647],[72.84957,19.02656],[72.84965,19.02667],[72.84988,19.02701],[72.84989,19.02702],[72.8499,19.02704],[72.85019,19.02745],[72.85026,19.02755],[72.8504,19.02777],[72.85047,19.02787],[72.85068,19.02817],[72.85097,19.0286],[72.85104,19.02869],[72.85109,19.02878],[72.85193,19.02997],[72.85196,19.03004],[72.85209,19.03023],[72.85234,19.03059],[72.85263,19.03101],[72.85263,19.03102],[72.85283,19.0313],[72.85291,19.03142],[72.8531,19.0317],[72.85312,19.03174],[72.85315,19.03177],[72.85324,19.03191],[72.85332,19.03202],[72.85343,19.03218],[72.85351,19.03229],[72.8537,19.03257],[72.85391,19.03287],[72.85395,19.03294],[72.85407,19.03311],[72.85418,19.03327],[72.85428,19.03342],[72.85435,19.03353],[72.85438,19.03357],[72.85439,19.03359],[72.8544,19.03361],[72.85449,19.03373],[72.85452,19.03378],[72.85455,19.03383],[72.85457,19.03385],[72.85463,19.03394],[72.85609,19.03615],[72.85612,19.03621],[72.85635,19.03656],[72.85637,19.03658],[72.8565,19.03677],[72.85652,19.0368],[72.85872,19.03988],[72.85887,19.04011],[72.85922,19.04059],[72.8595,19.04101],[72.85959,19.04114],[72.85973,19.04133],[72.85984,19.04149],[72.85998,19.0417],[72.86012,19.0419],[72.8603,19.04215],[72.86047,19.0424],[72.86063,19.04263],[72.86083,19.04291],[72.86092,19.04304],[72.86118,19.04344],[72.86127,19.04355],[72.86137,19.0437],[72.86143,19.04378],[72.86157,19.04399],[72.86173,19.04422],[72.86186,19.04441],[72.86199,19.0446],[72.86201,19.04464],[72.8621,19.04478],[72.86217,19.04488],[72.86226,19.04502],[72.86239,19.0452],[72.86251,19.04538],[72.86266,19.04559],[72.86273,19.0457],[72.86288,19.04591],[72.86311,19.04623],[72.86311,19.04624],[72.86316,19.04631],[72.86317,19.04633],[72.8632,19.04636],[72.86321,19.04638],[72.86321,19.04639],[72.86341,19.04666],[72.86355,19.04687],[72.86363,19.04699],[72.86377,19.04721],[72.8645,19.04825],[72.8646,19.04839],[72.86474,19.04861],[72.86487,19.04879],[72.86494,19.0489],[72.86507,19.04909],[72.86523,19.04932],[72.86532,19.04945],[72.8654,19.04956],[72.86552,19.04973],[72.86566,19.04993],[72.86574,19.05005],[72.86585,19.05021],[72.86597,19.05038],[72.8661,19.05057],[72.8662,19.05072],[72.86639,19.05098],[72.8665,19.05113],[72.86652,19.05116],[72.86665,19.05133],[72.86679,19.05153],[72.8668,19.05155],[72.8668,19.05156],[72.86703,19.05187],[72.86728,19.05223],[72.86738,19.05237],[72.86699,19.05237],[72.86661,19.05237],[72.86637,19.05237],[72.8662,19.05237],[72.86586,19.05237],[72.86356,19.05233],[72.86321,19.05233],[72.86222,19.05231],[72.86118,19.0523],[72.86006,19.05228],[72.85929,19.05222],[72.85841,19.05215],[72.85825,19.05214],[72.85719,19.05206],[72.85418,19.05183],[72.85243,19.0517],[72.84981,19.05151],[72.8473,19.05132],[72.84626,19.05125],[72.84451,19.05112],[72.84322,19.05103],[72.8429,19.051],[72.84224,19.05096],[72.84216,19.05095],[72.84214,19.05094],[72.8421,19.05091],[72.84189,19.05076],[72.84188,19.05076],[72.84178,19.05069],[72.84177,19.05068],[72.84167,19.05061],[72.84166,19.05061],[72.84146,19.05047],[72.84112,19.05024],[72.84109,19.05022],[72.84087,19.05007],[72.84082,19.05004],[72.84072,19.04997],[72.84066,19.04993],[72.84063,19.04991],[72.84057,19.04987],[72.84046,19.0498],[72.84039,19.04975],[72.84036,19.04972],[72.8403,19.04968],[72.84029,19.04967],[72.84017,19.04958],[72.84008,19.04952],[72.84006,19.0495],[72.83991,19.0494],[72.83984,19.04935],[72.83974,19.04928],[72.83964,19.04921],[72.83961,19.04919],[72.83958,19.04917],[72.83956,19.04916],[72.83943,19.04906],[72.8394,19.04904],[72.83937,19.04901],[72.8393,19.04896],[72.83917,19.04887],[72.83903,19.04876],[72.83888,19.04864],[72.83881,19.0486],[72.83881,19.04859],[72.83871,19.04852],[72.83861,19.04844],[72.83856,19.0484],[72.83852,19.04837],[72.83845,19.04832],[72.83842,19.04831],[72.83814,19.04826],[72.83813,19.04826],[72.83811,19.04825],[72.83805,19.04821],[72.83804,19.04821],[72.83796,19.04819],[72.83766,19.0482],[72.83763,19.04818],[72.83763,19.04817],[72.83763,19.04816],[72.83763,19.04801],[72.83701,19.04807],[72.83654,19.04791],[72.83625,19.04744],[72.83623,19.0469],[72.83643,19.0462],[72.83727,19.04406],[72.83738,19.0431],[72.83739,19.04246],[72.83739,19.04245],[72.83738,19.04241],[72.83738,19.04237],[72.83737,19.04232],[72.83736,19.04225],[72.83736,19.04218],[72.83736,19.04215],[72.83736,19.04211],[72.83737,19.04205],[72.83738,19.04191],[72.83742,19.04153],[72.83747,19.04119],[72.8375,19.04091],[72.83758,19.04058],[72.83767,19.04017],[72.83776,19.03977],[72.83784,19.03942],[72.83789,19.03904],[72.83792,19.03872],[72.83795,19.03814],[72.83798,19.03769],[72.83798,19.03768],[72.83802,19.03728],[72.83796,19.03665],[72.83789,19.03622],[72.83781,19.03583],[72.83771,19.03533],[72.83762,19.03495],[72.83755,19.03436],[72.83751,19.03396],[72.8375,19.03377],[72.83746,19.03351],[72.83738,19.03317],[72.83729,19.03285],[72.8371,19.03247],[72.83693,19.03215],[72.83682,19.03191],[72.83673,19.03169],[72.83664,19.03136],[72.83659,19.03127],[72.83645,19.03095],[72.83626,19.03057],[72.8361,19.03019],[72.83593,19.0297],[72.83583,19.0293],[72.83574,19.02903],[72.8356,19.02873],[72.83541,19.02835],[72.83527,19.02807],[72.8351,19.0277],[72.83493,19.02736],[72.83469,19.02695],[72.83442,19.02654],[72.83433,19.0264],[72.8343,19.02636],[72.83424,19.02625],[72.83413,19.02607],[72.83354,19.0252],[72.83343,19.02505],[72.83325,19.02483],[72.83289,19.02445],[72.83257,19.02414],[72.83241,19.02399],[72.83225,19.02382],[72.83204,19.02359],[72.83187,19.02342],[72.83163,19.02316],[72.83139,19.02291],[72.83128,19.0228],[72.83098,19.0225],[72.83082,19.02236],[72.83073,19.02228],[72.83039,19.02199],[72.83009,19.02175],[72.83024,19.02158],[72.83036,19.02144],[72.83037,19.02143],[72.83045,19.02133],[72.83068,19.02101],[72.83075,19.02094],[72.83109,19.02063],[72.8311,19.02062],[72.8313,19.02049],[72.8314,19.02043],[72.83182,19.02013],[72.83217,19.01988],[72.83221,19.01985],[72.8319,19.01947],[72.83151,19.01899],[72.83138,19.01883],[72.83116,19.01854],[72.83103,19.01838],[72.83097,19.0183],[72.83094,19.01828],[72.83013,19.01723],[72.83001,19.01706],[72.82987,19.01693],[72.83001,19.01685],[72.83063,19.01653],[72.83081,19.01644],[72.83099,19.01634],[72.83146,19.01609],[72.83147,19.01609],[72.83178,19.01587],[72.8318,19.01584],[72.83206,19.01558],[72.83228,19.01529],[72.83235,19.01518],[72.83253,19.01491],[72.83325,19.01384],[72.83335,19.01369],[72.83348,19.01349],[72.83357,19.0134],[72.83365,19.01336],[72.83357,19.01321],[72.83327,19.01281],[72.83387,19.01218],[72.83422,19.01186],[72.83469,19.01144],[72.83511,19.01107],[72.83532,19.01092],[72.83539,19.01086],[72.8355,19.01071],[72.83561,19.01058],[72.83596,19.01023],[72.8367,19.0097],[72.83752,19.00911]]]},"properties":{"NAME":"G/N"}},
{"type":"Feature","geometry":{"type":"Polygon","coordinates":[[[72.90445,18.99399],[72.90453,18.99401],[72.90467,18.9941],[72.90523,18.99463],[72.90604,18.99513],[72.90674,18.99551],[72.90737,18.99577],[72.908,18.99589],[72.90931,18.99594],[72.90988,18.996],[72.9102,18.99608],[72.91062,18.99624],[72.91181,18.99667],[72.91234,18.99693],[72.91295,18.9974],[72.91372,18.99824],[72.91378,18.99839],[72.91448,18.99863],[72.91465,18.99867],[72.91586,18.99895],[72.91679,18.99925],[72.91685,18.99927],[72.91744,18.99946],[72.91929,19.00045],[72.92041,19.00165],[72.92112,19.0027],[72.92182,19.00327],[72.92267,19.00347],[72.92308,19.0036],[72.92342,19.0037],[72.92409,19.00416],[72.92546,19.00558],[72.9276,19.00705],[72.92879,19.00787],[72.93064,19.00914],[72.93074,19.00922],[72.93513,19.01246],[72.93569,19.01285],[72.9392,19.01526],[72.9409,19.01643],[72.94188,19.01711],[72.94215,19.0173],[72.94224,19.01736],[72.94251,19.01754],[72.94341,19.01809],[72.9437,19.01828],[72.94442,19.01874],[72.94469,19.01892],[72.94574,19.0196],[72.94624,19.01996],[72.94629,19.02],[72.94671,19.02031],[72.94684,19.0204],[72.94734,19.02076],[72.94748,19.02086],[72.94798,19.02122],[72.94815,19.02134],[72.9485,19.0216],[72.94866,19.02172],[72.94872,19.02177],[72.94914,19.02209],[72.94935,19.02225],[72.94941,19.0223],[72.94984,19.02262],[72.9499,19.02267],[72.95045,19.02309],[72.95059,19.0232],[72.95106,19.02356],[72.95109,19.02358],[72.95113,19.02361],[72.95113,19.02362],[72.95114,19.02363],[72.95139,19.02387],[72.95144,19.02392],[72.95159,19.02406],[72.95177,19.02424],[72.95245,19.0249],[72.95303,19.02546],[72.95315,19.02558],[72.95369,19.0262],[72.954,19.02656],[72.95405,19.02661],[72.9542,19.02678],[72.95429,19.02689],[72.95431,19.0269],[72.95433,19.02693],[72.95434,19.02694],[72.95437,19.02698],[72.95442,19.02704],[72.95447,19.02709],[72.95457,19.0272],[72.95457,19.02721],[72.95477,19.02743],[72.95477,19.02744],[72.95503,19.02773],[72.95526,19.028],[72.95527,19.02801],[72.95545,19.02821],[72.95549,19.02827],[72.95573,19.02861],[72.95573,19.02862],[72.95596,19.02895],[72.95597,19.02896],[72.95617,19.02926],[72.95618,19.02926],[72.95625,19.02936],[72.9563,19.0295],[72.95639,19.02975],[72.95639,19.02976],[72.9565,19.03004],[72.9565,19.03005],[72.9566,19.03033],[72.95661,19.03034],[72.95671,19.03061],[72.95675,19.03095],[72.9568,19.0313],[72.95681,19.03131],[72.95686,19.03167],[72.95686,19.03169],[72.95688,19.03181],[72.95691,19.032],[72.95697,19.0323],[72.95697,19.03231],[72.95701,19.03252],[72.95701,19.03253],[72.95706,19.03276],[72.95708,19.03283],[72.95716,19.0331],[72.95726,19.03343],[72.95727,19.03344],[72.95728,19.03349],[72.95737,19.03367],[72.95737,19.03368],[72.95751,19.03396],[72.95751,19.03397],[72.95756,19.03408],[72.95782,19.03433],[72.95783,19.03434],[72.95784,19.03435],[72.9581,19.0346],[72.95813,19.03463],[72.95851,19.0349],[72.95852,19.03491],[72.95878,19.03509],[72.95886,19.03515],[72.95887,19.03515],[72.95914,19.03534],[72.95915,19.03535],[72.95918,19.03537],[72.95938,19.03562],[72.95939,19.03563],[72.95954,19.03582],[72.95956,19.03587],[72.95968,19.03615],[72.95969,19.03616],[72.95979,19.03638],[72.95979,19.03639],[72.95991,19.03664],[72.95991,19.03665],[72.96003,19.03692],[72.96003,19.03693],[72.96013,19.03716],[72.96014,19.03717],[72.96018,19.03726],[72.96023,19.0374],[72.96023,19.03741],[72.96034,19.03774],[72.96034,19.03776],[72.96046,19.0381],[72.96046,19.03811],[72.96057,19.03846],[72.96058,19.03846],[72.96067,19.03874],[72.96068,19.03878],[72.96077,19.03906],[72.96078,19.03907],[72.96088,19.03939],[72.96089,19.03941],[72.961,19.03973],[72.961,19.03974],[72.96108,19.04],[72.96109,19.04001],[72.96116,19.04022],[72.96116,19.04023],[72.96122,19.04056],[72.96122,19.04058],[72.96127,19.04086],[72.96127,19.04087],[72.96133,19.04119],[72.96133,19.04121],[72.96138,19.0415],[72.96139,19.04151],[72.96144,19.0418],[72.96144,19.04181],[72.9615,19.04212],[72.9615,19.04213],[72.96155,19.0424],[72.96155,19.04241],[72.9616,19.0427],[72.9616,19.04273],[72.9616,19.04274],[72.96161,19.043],[72.96162,19.04301],[72.96163,19.04332],[72.96163,19.04334],[72.96165,19.04365],[72.96165,19.04366],[72.96166,19.04397],[72.96168,19.04424],[72.96168,19.04425],[72.96169,19.04453],[72.96169,19.04454],[72.9617,19.04473],[72.9617,19.04474],[72.96172,19.04499],[72.96172,19.045],[72.96173,19.04525],[72.96173,19.04526],[72.96174,19.04547],[72.96174,19.04548],[72.96175,19.0457],[72.96175,19.04571],[72.96176,19.0459],[72.96176,19.04591],[72.96178,19.04622],[72.96178,19.04623],[72.9618,19.04651],[72.9618,19.04652],[72.96181,19.04682],[72.96181,19.04683],[72.96183,19.04712],[72.96183,19.04713],[72.96184,19.04741],[72.96184,19.04742],[72.96184,19.04743],[72.96185,19.04773],[72.96185,19.04774],[72.96187,19.04804],[72.96187,19.04805],[72.96188,19.04836],[72.96188,19.04837],[72.96189,19.04861],[72.96189,19.04862],[72.9619,19.04887],[72.9619,19.04888],[72.9619,19.04889],[72.96191,19.04912],[72.96191,19.04914],[72.96191,19.04934],[72.96191,19.04935],[72.96193,19.04964],[72.96193,19.04965],[72.96193,19.04987],[72.96193,19.04988],[72.96194,19.04992],[72.96192,19.05012],[72.96192,19.05013],[72.96191,19.05035],[72.96191,19.05036],[72.9619,19.05057],[72.9619,19.05058],[72.96189,19.05074],[72.96189,19.05075],[72.96187,19.05102],[72.96187,19.05103],[72.96185,19.05132],[72.96184,19.05153],[72.96184,19.05154],[72.96183,19.05178],[72.96183,19.05179],[72.96181,19.05201],[72.96181,19.05202],[72.9618,19.05223],[72.9618,19.05224],[72.96179,19.05244],[72.96179,19.05245],[72.96177,19.05266],[72.96177,19.05267],[72.96175,19.053],[72.96175,19.05301],[72.96174,19.05324],[72.96172,19.05356],[72.96172,19.05357],[72.96171,19.05369],[72.96172,19.05387],[72.96172,19.05414],[72.96173,19.05438],[72.96173,19.05439],[72.96173,19.05467],[72.96174,19.05468],[72.96174,19.055],[72.96174,19.05501],[72.96175,19.05518],[72.96174,19.0553],[72.96174,19.05531],[72.96174,19.05547],[72.96174,19.05548],[72.96173,19.05576],[72.96173,19.05578],[72.96172,19.05608],[72.96172,19.05609],[72.96172,19.05637],[72.96172,19.05638],[72.96171,19.05667],[72.96171,19.05668],[72.96171,19.05689],[72.96171,19.0569],[72.9617,19.05724],[72.9617,19.05725],[72.96169,19.05746],[72.96169,19.05747],[72.96169,19.05757],[72.96168,19.05765],[72.96166,19.05783],[72.96166,19.05784],[72.96165,19.05789],[72.96163,19.05807],[72.96163,19.05808],[72.96161,19.05825],[72.96161,19.05832],[72.96161,19.05833],[72.96161,19.05842],[72.9616,19.05848],[72.9614,19.05887],[72.96138,19.05891],[72.96146,19.05946],[72.96143,19.05956],[72.96143,19.05957],[72.96142,19.05962],[72.96139,19.05991],[72.96144,19.06009],[72.96141,19.06047],[72.96141,19.06049],[72.96139,19.06088],[72.96139,19.06089],[72.96138,19.06092],[72.96133,19.06122],[72.96133,19.06123],[72.96125,19.06163],[72.96125,19.06164],[72.96118,19.06203],[72.96118,19.06204],[72.96113,19.06231],[72.96113,19.06232],[72.96107,19.06261],[72.96091,19.06293],[72.96091,19.06294],[72.96073,19.06328],[72.96072,19.06329],[72.96053,19.06367],[72.96052,19.06369],[72.95699,19.06354],[72.95685,19.06353],[72.95644,19.06348],[72.95634,19.0635],[72.9562,19.06352],[72.9559,19.06356],[72.95584,19.06356],[72.95579,19.06356],[72.95578,19.06356],[72.95566,19.06355],[72.95553,19.06355],[72.95541,19.06355],[72.95537,19.06355],[72.95528,19.06354],[72.95516,19.06354],[72.95504,19.06354],[72.95491,19.06353],[72.95479,19.06353],[72.95466,19.06353],[72.95457,19.06352],[72.95454,19.06352],[72.95443,19.06352],[72.95434,19.0635],[72.95431,19.06349],[72.95418,19.06347],[72.95414,19.06347],[72.95406,19.06345],[72.95396,19.06343],[72.95394,19.06343],[72.95387,19.06342],[72.95382,19.06341],[72.95373,19.06339],[72.95371,19.06339],[72.95361,19.06332],[72.95354,19.06328],[72.9535,19.06325],[72.95346,19.06322],[72.9534,19.06318],[72.95333,19.06314],[72.9533,19.06312],[72.95321,19.06306],[72.95319,19.06305],[72.95317,19.06303],[72.95309,19.06297],[72.95286,19.06279],[72.95269,19.06267],[72.95256,19.06257],[72.95234,19.06241],[72.95208,19.06222],[72.95208,19.06221],[72.95192,19.0621],[72.95189,19.06206],[72.95185,19.06201],[72.95181,19.06196],[72.95176,19.06191],[72.95169,19.06181],[72.95159,19.06169],[72.95145,19.06153],[72.95134,19.06138],[72.95122,19.06124],[72.95114,19.06115],[72.95114,19.06114],[72.95104,19.06102],[72.95094,19.06089],[72.95085,19.06078],[72.95074,19.06064],[72.95072,19.06062],[72.95058,19.06045],[72.95053,19.06039],[72.95044,19.06028],[72.95034,19.06015],[72.95028,19.06008],[72.95009,19.05985],[72.95004,19.05979],[72.9499,19.05962],[72.94974,19.05942],[72.94968,19.05936],[72.94958,19.05923],[72.94944,19.05907],[72.94933,19.05893],[72.94925,19.05883],[72.94913,19.05878],[72.94902,19.05873],[72.9489,19.05868],[72.94879,19.05864],[72.94866,19.05858],[72.94856,19.05854],[72.94854,19.05853],[72.94846,19.0585],[72.94845,19.05849],[72.94825,19.05841],[72.94803,19.05832],[72.94731,19.058],[72.94695,19.05785],[72.94663,19.05772],[72.94592,19.05741],[72.94531,19.05715],[72.94519,19.0571],[72.94461,19.05685],[72.94415,19.05665],[72.94378,19.05649],[72.94371,19.05647],[72.94363,19.05644],[72.94271,19.05648],[72.94268,19.0565],[72.94267,19.0565],[72.94251,19.0566],[72.94242,19.05665],[72.9423,19.05673],[72.94186,19.05883],[72.94181,19.0591],[72.94134,19.06142],[72.94048,19.06235],[72.9404,19.06246],[72.94008,19.06291],[72.93988,19.06318],[72.93951,19.06368],[72.93937,19.06387],[72.9391,19.06424],[72.93895,19.06445],[72.93881,19.06464],[72.93774,19.06674],[72.93683,19.06852],[72.93647,19.06913],[72.93576,19.07011],[72.93491,19.07116],[72.93419,19.07176],[72.93324,19.07266],[72.93243,19.07333],[72.93165,19.07385],[72.93059,19.07459],[72.92993,19.07498],[72.92915,19.07549],[72.9281,19.07582],[72.92711,19.07597],[72.92567,19.07601],[72.92444,19.07588],[72.92312,19.07549],[72.92222,19.07506],[72.92152,19.07456],[72.92101,19.07377],[72.92099,19.07369],[72.92097,19.07364],[72.92091,19.07336],[72.92082,19.07301],[72.92078,19.07283],[72.92075,19.07274],[72.92068,19.07244],[72.92067,19.07239],[72.92062,19.07221],[72.92053,19.07186],[72.92051,19.07179],[72.92047,19.07166],[72.92044,19.07154],[72.92038,19.07128],[72.92034,19.07114],[72.92031,19.07103],[72.92028,19.07089],[72.92026,19.0708],[72.92019,19.07047],[72.9201,19.07009],[72.92004,19.06981],[72.91999,19.06959],[72.91985,19.06948],[72.91982,19.06917],[72.91981,19.06904],[72.9198,19.06895],[72.91978,19.06881],[72.91978,19.06875],[72.91977,19.0687],[72.91976,19.06861],[72.91976,19.06857],[72.91974,19.06854],[72.91971,19.06852],[72.91942,19.06825],[72.91941,19.06824],[72.91918,19.06793],[72.91843,19.06748],[72.91818,19.06732],[72.91794,19.06722],[72.91785,19.06718],[72.91765,19.06709],[72.9175,19.06702],[72.91737,19.06697],[72.91712,19.06686],[72.91691,19.06676],[72.9169,19.06676],[72.91671,19.06667],[72.91658,19.06662],[72.91641,19.06654],[72.91518,19.06609],[72.91479,19.06595],[72.91467,19.0659],[72.91461,19.06588],[72.91432,19.06577],[72.91382,19.06559],[72.91357,19.06551],[72.91321,19.0654],[72.91309,19.06534],[72.91303,19.06532],[72.91297,19.06532],[72.91267,19.06532],[72.91254,19.06531],[72.91244,19.06531],[72.91212,19.06524],[72.91195,19.0652],[72.91174,19.0651],[72.91172,19.06509],[72.91156,19.06502],[72.91177,19.06495],[72.91179,19.06494],[72.91167,19.06481],[72.91147,19.0646],[72.9114,19.06453],[72.91102,19.06411],[72.91077,19.06385],[72.91047,19.06352],[72.91044,19.06349],[72.91028,19.06333],[72.91017,19.06322],[72.91012,19.06317],[72.90994,19.06297],[72.90989,19.06291],[72.90977,19.06278],[72.90976,19.06276],[72.90943,19.06238],[72.90916,19.06207],[72.90889,19.06179],[72.90878,19.06165],[72.9086,19.06143],[72.90845,19.06126],[72.90833,19.06115],[72.90826,19.06108],[72.90826,19.06107],[72.90821,19.06102],[72.90802,19.06081],[72.90797,19.06075],[72.9079,19.06067],[72.90766,19.0604],[72.90757,19.0603],[72.90763,19.06025],[72.90768,19.06021],[72.90777,19.06012],[72.908,19.06002],[72.9079,19.0599],[72.9078,19.0598],[72.90773,19.05973],[72.90784,19.05968],[72.90809,19.05956],[72.90836,19.05944],[72.90863,19.05931],[72.90878,19.05925],[72.9089,19.05919],[72.90916,19.05907],[72.90961,19.05884],[72.90996,19.05864],[72.91035,19.05843],[72.9107,19.05824],[72.91093,19.05811],[72.91114,19.05799],[72.91135,19.05786],[72.91148,19.05778],[72.91164,19.05769],[72.91178,19.0576],[72.91215,19.05737],[72.91237,19.05723],[72.91235,19.0572],[72.91227,19.05708],[72.9122,19.05697],[72.91209,19.05682],[72.91198,19.05667],[72.9119,19.05655],[72.91183,19.05645],[72.91175,19.05633],[72.9117,19.05626],[72.91163,19.05616],[72.91159,19.05611],[72.91155,19.05605],[72.91149,19.05597],[72.91145,19.0559],[72.91141,19.05585],[72.91134,19.05574],[72.91131,19.05569],[72.91126,19.05561],[72.91122,19.05553],[72.91117,19.05544],[72.91116,19.05541],[72.91114,19.05537],[72.91112,19.05528],[72.91108,19.05517],[72.91088,19.05402],[72.9108,19.05347],[72.91054,19.05117],[72.91052,19.05094],[72.91051,19.0509],[72.9105,19.05079],[72.91049,19.05071],[72.91036,19.05013],[72.91034,19.05004],[72.9103,19.04984],[72.91024,19.04957],[72.91021,19.04942],[72.9102,19.04937],[72.91018,19.04927],[72.91012,19.04901],[72.91011,19.04898],[72.90962,19.04719],[72.90951,19.04658],[72.90949,19.04642],[72.90943,19.04614],[72.90942,19.04607],[72.90937,19.04588],[72.90934,19.04576],[72.90934,19.04571],[72.90925,19.04572],[72.90904,19.04572],[72.90897,19.04573],[72.90876,19.04574],[72.90858,19.04574],[72.90843,19.04575],[72.90816,19.04576],[72.90782,19.04577],[72.90759,19.04577],[72.90711,19.04579],[72.90661,19.0458],[72.90606,19.0458],[72.90572,19.04581],[72.90546,19.04581],[72.90508,19.04581],[72.90371,19.04577],[72.90359,19.04578],[72.90304,19.04583],[72.90295,19.04583],[72.90272,19.04585],[72.90218,19.0459],[72.90194,19.04593],[72.90178,19.04595],[72.90112,19.04603],[72.90098,19.04604],[72.90074,19.04607],[72.90066,19.04608],[72.90063,19.04608],[72.9006,19.04609],[72.9004,19.04612],[72.90024,19.04614],[72.90016,19.04615],[72.89965,19.04615],[72.89937,19.04615],[72.89918,19.04613],[72.89891,19.0461],[72.89885,19.04609],[72.89883,19.04609],[72.89895,19.04523],[72.89896,19.04512],[72.89896,19.04509],[72.89895,19.04503],[72.89881,19.04476],[72.89875,19.04466],[72.89867,19.04458],[72.89854,19.04453],[72.89825,19.04442],[72.89729,19.04406],[72.89656,19.04379],[72.8965,19.04372],[72.89636,19.04327],[72.89626,19.04305],[72.89617,19.04286],[72.89615,19.04278],[72.89608,19.04243],[72.89605,19.0424],[72.89602,19.04238],[72.89598,19.04236],[72.89591,19.04235],[72.89585,19.04236],[72.89567,19.04239],[72.89562,19.0424],[72.89555,19.04244],[72.89528,19.04265],[72.89529,19.04221],[72.89526,19.04152],[72.89524,19.04149],[72.89523,19.04146],[72.89519,19.04142],[72.89511,19.04135],[72.89505,19.04131],[72.895,19.0413],[72.8947,19.04125],[72.89439,19.04119],[72.89434,19.04118],[72.89429,19.04116],[72.89389,19.04094],[72.89411,19.04056],[72.8942,19.04041],[72.8943,19.04025],[72.89453,19.03989],[72.89461,19.03972],[72.89463,19.03965],[72.89471,19.03937],[72.89474,19.03928],[72.89477,19.03916],[72.89478,19.03911],[72.89478,19.03907],[72.89481,19.03891],[72.89482,19.03881],[72.89484,19.03863],[72.89486,19.03845],[72.89487,19.03828],[72.89488,19.03816],[72.89489,19.03811],[72.8949,19.038],[72.89491,19.03791],[72.89492,19.03782],[72.89493,19.03773],[72.89494,19.0376],[72.89495,19.03751],[72.89496,19.03739],[72.89498,19.03728],[72.895,19.03712],[72.895,19.03708],[72.89501,19.03701],[72.89502,19.03692],[72.89504,19.03683],[72.89505,19.03672],[72.89506,19.03665],[72.89508,19.03656],[72.89509,19.03647],[72.89513,19.03632],[72.89515,19.03623],[72.89518,19.03612],[72.89521,19.03603],[72.89525,19.03591],[72.89556,19.03504],[72.89581,19.03434],[72.89604,19.03369],[72.89643,19.03266],[72.89649,19.03245],[72.8965,19.03238],[72.89652,19.0323],[72.89656,19.03195],[72.89659,19.03183],[72.8966,19.03179],[72.89664,19.03171],[72.89668,19.03162],[72.89672,19.03155],[72.89675,19.03148],[72.89677,19.03145],[72.89682,19.03125],[72.89683,19.0312],[72.89684,19.03116],[72.89687,19.0307],[72.89688,19.0305],[72.89689,19.03039],[72.8969,19.0303],[72.8969,19.03021],[72.89691,19.03014],[72.89691,19.03009],[72.89692,19.03],[72.89692,19.0299],[72.89692,19.02984],[72.89693,19.02978],[72.89692,19.02949],[72.89696,19.0294],[72.89716,19.02904],[72.89735,19.02868],[72.89741,19.02847],[72.89743,19.02843],[72.89751,19.02821],[72.89756,19.02806],[72.89758,19.02799],[72.89761,19.02794],[72.89761,19.02791],[72.89761,19.02787],[72.89761,19.02786],[72.89761,19.02782],[72.89762,19.0278],[72.89763,19.02775],[72.89768,19.02749],[72.89768,19.02747],[72.89768,19.02746],[72.89769,19.02733],[72.8977,19.02725],[72.8977,19.02711],[72.89771,19.02701],[72.89772,19.0268],[72.89773,19.02659],[72.89773,19.02657],[72.89774,19.02633],[72.89775,19.02623],[72.89774,19.02599],[72.89774,19.02582],[72.89774,19.02565],[72.89774,19.02562],[72.89774,19.02544],[72.89775,19.02533],[72.89777,19.02483],[72.89779,19.02439],[72.89781,19.02386],[72.89781,19.02384],[72.89782,19.02371],[72.89783,19.02346],[72.89783,19.02345],[72.89784,19.02324],[72.89785,19.02312],[72.89786,19.02273],[72.89787,19.02265],[72.89789,19.02213],[72.8979,19.02179],[72.8979,19.02176],[72.89791,19.02146],[72.89791,19.02133],[72.89791,19.02128],[72.89793,19.02091],[72.89793,19.0209],[72.89794,19.02062],[72.89795,19.02054],[72.89796,19.02022],[72.89797,19.01988],[72.89799,19.0198],[72.89804,19.01914],[72.89804,19.01908],[72.89804,19.01869],[72.89806,19.01863],[72.89808,19.01819],[72.8981,19.01743],[72.89811,19.01729],[72.89811,19.01683],[72.89815,19.01586],[72.89815,19.01573],[72.89817,19.01534],[72.89819,19.0148],[72.89821,19.0144],[72.89825,19.01363],[72.89831,19.01252],[72.89833,19.01212],[72.89834,19.01206],[72.89837,19.01131],[72.89838,19.0111],[72.89838,19.01101],[72.89839,19.01088],[72.89839,19.01078],[72.8984,19.01051],[72.89845,19.00956],[72.89847,19.00933],[72.89892,19.00909],[72.89898,19.00907],[72.89986,19.00885],[72.89994,19.00881],[72.89998,19.00879],[72.90036,19.00849],[72.90098,19.00796],[72.90101,19.00794],[72.90105,19.00792],[72.90109,19.00791],[72.90187,19.00772],[72.90383,19.00724],[72.9052,19.00691],[72.90529,19.00688],[72.90534,19.00684],[72.90536,19.00681],[72.90539,19.00677],[72.9054,19.00672],[72.90528,19.00585],[72.90507,19.00442],[72.90491,19.00313],[72.9048,19.0031],[72.90476,19.00309],[72.90432,19.00297],[72.90433,19.00271],[72.90435,19.00196],[72.90437,19.00142],[72.9044,19.00055],[72.90443,18.99968],[72.90444,18.99925],[72.90442,18.99894],[72.90442,18.99881],[72.9044,18.99852],[72.90438,18.99823],[72.90431,18.99733],[72.9043,18.99711],[72.90426,18.99478],[72.90426,18.99461],[72.9043,18.99445],[72.90445,18.99399]]]},"properties":{"NAME":"M/E"}},
{"type":"Feature","geometry":{"type":"Polygon","coordinates":[[[72.82397,18.98054],[72.82374,18.98049],[72.82371,18.98045],[72.82368,18.98034],[72.82368,18.98033],[72.82353,18.97998],[72.82344,18.97977],[72.82343,18.97975],[72.82339,18.97967],[72.82326,18.97936],[72.82243,18.97748],[72.82236,18.97731],[72.82231,18.97719],[72.82232,18.97719],[72.82216,18.97683],[72.82212,18.97674],[72.82195,18.97635],[72.82179,18.97599],[72.82154,18.97543],[72.82147,18.97526],[72.82144,18.9752],[72.82142,18.97513],[72.82141,18.97511],[72.82139,18.97508],[72.82131,18.97489],[72.82122,18.97468],[72.82121,18.97465],[72.82119,18.97462],[72.82117,18.97456],[72.82113,18.97449],[72.82097,18.9741],[72.82092,18.974],[72.82065,18.97337],[72.82038,18.97276],[72.82024,18.97245],[72.82022,18.9724],[72.8202,18.97236],[72.82016,18.97228],[72.82002,18.97196],[72.81985,18.97157],[72.81962,18.97104],[72.81953,18.97085],[72.81948,18.97073],[72.81917,18.97004],[72.81917,18.97003],[72.8191,18.96989],[72.81907,18.96982],[72.81898,18.9696],[72.81892,18.96947],[72.81891,18.96945],[72.81885,18.96932],[72.81883,18.96926],[72.81882,18.96924],[72.81875,18.96906],[72.81873,18.96903],[72.81873,18.96901],[72.81878,18.969],[72.81902,18.96898],[72.81918,18.96897],[72.81949,18.96894],[72.81969,18.96893],[72.82019,18.96887],[72.82191,18.9687],[72.82258,18.96862],[72.82471,18.96808],[72.82517,18.96796],[72.8252,18.96794],[72.82522,18.9679],[72.82522,18.96788],[72.82521,18.96781],[72.82521,18.96779],[72.82515,18.9673],[72.82513,18.96714],[72.82511,18.96698],[72.8251,18.96691],[72.82508,18.96677],[72.82506,18.9666],[72.82503,18.96638],[72.82503,18.96632],[72.82501,18.96613],[72.82499,18.96601],[72.82498,18.96588],[72.82493,18.96551],[72.82487,18.96501],[72.82485,18.96484],[72.8248,18.96445],[72.82477,18.96438],[72.82476,18.96425],[72.82475,18.96419],[72.8247,18.96388],[72.8247,18.96386],[72.8247,18.9638],[72.8247,18.96376],[72.82471,18.96375],[72.8247,18.96365],[72.82469,18.96361],[72.82463,18.96323],[72.82462,18.96318],[72.8246,18.96309],[72.82459,18.963],[72.82458,18.96293],[72.82456,18.96283],[72.82454,18.96273],[72.82453,18.96267],[72.82453,18.96264],[72.82452,18.96263],[72.82452,18.9626],[72.82452,18.96248],[72.82451,18.96241],[72.82449,18.96193],[72.82449,18.9619],[72.82449,18.96176],[72.82549,18.96172],[72.82625,18.96169],[72.82626,18.96169],[72.82658,18.96168],[72.82704,18.96167],[72.82709,18.96167],[72.82713,18.96167],[72.82721,18.96167],[72.82725,18.96167],[72.82792,18.9617],[72.82801,18.9617],[72.82847,18.96171],[72.82882,18.96172],[72.82899,18.96173],[72.82911,18.96174],[72.82931,18.96174],[72.82939,18.96175],[72.82953,18.96176],[72.82963,18.96176],[72.82965,18.96176],[72.82982,18.96177],[72.82983,18.96177],[72.82992,18.96178],[72.82999,18.96178],[72.83004,18.96178],[72.83012,18.96179],[72.8302,18.96179],[72.83021,18.96179],[72.83029,18.9618],[72.83035,18.9618],[72.83049,18.96181],[72.83063,18.96181],[72.83065,18.96182],[72.83095,18.96183],[72.8311,18.96184],[72.83129,18.96184],[72.83133,18.96185],[72.83152,18.96185],[72.83153,18.96185],[72.83171,18.96186],[72.83183,18.96187],[72.83195,18.96187],[72.83199,18.96187],[72.83211,18.96188],[72.83219,18.9619],[72.83229,18.96192],[72.8324,18.96195],[72.83259,18.96199],[72.83262,18.962],[72.83284,18.96204],[72.83299,18.96207],[72.83307,18.96209],[72.83319,18.9621],[72.8333,18.96211],[72.83345,18.96212],[72.83369,18.96213],[72.83393,18.96213],[72.83419,18.96213],[72.83435,18.96213],[72.83437,18.96213],[72.83438,18.96213],[72.8344,18.96214],[72.83446,18.96216],[72.83454,18.96219],[72.83461,18.96222],[72.83471,18.96226],[72.83474,18.96228],[72.83483,18.96233],[72.83488,18.96236],[72.8349,18.96237],[72.83496,18.96241],[72.83502,18.96244],[72.83509,18.96247],[72.83512,18.96248],[72.83518,18.9625],[72.83522,18.96251],[72.83526,18.96252],[72.83535,18.96253],[72.83545,18.96254],[72.83554,18.96255],[72.83559,18.96255],[72.83568,18.96255],[72.83575,18.96255],[72.83583,18.96255],[72.83592,18.96255],[72.83596,18.96255],[72.83598,18.96255],[72.83601,18.96255],[72.83605,18.96255],[72.83611,18.96254],[72.83623,18.96253],[72.83631,18.96252],[72.8364,18.96251],[72.83653,18.96251],[72.83656,18.9625],[72.83667,18.96251],[72.83687,18.96251],[72.83704,18.96253],[72.83715,18.96254],[72.83725,18.96256],[72.83728,18.96256],[72.83732,18.96257],[72.83734,18.96258],[72.83738,18.96259],[72.8374,18.96261],[72.83743,18.96263],[72.83745,18.96265],[72.83747,18.96266],[72.8375,18.96271],[72.83753,18.96276],[72.83757,18.96287],[72.83766,18.96308],[72.8377,18.96321],[72.83773,18.96328],[72.83777,18.9634],[72.8378,18.96348],[72.83781,18.9635],[72.83798,18.96401],[72.83803,18.9641],[72.83808,18.96421],[72.83811,18.96425],[72.83812,18.96427],[72.83826,18.96443],[72.83829,18.96447],[72.83838,18.96457],[72.83854,18.96476],[72.83867,18.96492],[72.83872,18.96498],[72.83875,18.96503],[72.83882,18.96511],[72.83891,18.96497],[72.83899,18.96486],[72.83906,18.96477],[72.83916,18.96463],[72.83918,18.96461],[72.83919,18.96459],[72.8392,18.96458],[72.83922,18.96456],[72.83923,18.96455],[72.83925,18.96454],[72.83928,18.96453],[72.83935,18.9645],[72.83944,18.96447],[72.83954,18.96445],[72.83979,18.9644],[72.83989,18.96438],[72.84042,18.96427],[72.84112,18.96416],[72.84148,18.96411],[72.84172,18.96407],[72.84181,18.96406],[72.8419,18.96404],[72.84203,18.96402],[72.84217,18.964],[72.84231,18.96396],[72.84235,18.96394],[72.84239,18.96393],[72.84244,18.96392],[72.84251,18.9639],[72.84261,18.96388],[72.84276,18.96385],[72.84279,18.96384],[72.8433,18.96374],[72.84349,18.9637],[72.84391,18.96361],[72.84405,18.96358],[72.84411,18.96352],[72.84416,18.96349],[72.84429,18.96346],[72.8443,18.96346],[72.84433,18.96346],[72.84442,18.96344],[72.84456,18.96342],[72.84461,18.96342],[72.84468,18.96347],[72.84486,18.96358],[72.84497,18.96351],[72.8453,18.96328],[72.84544,18.96331],[72.84556,18.96334],[72.84562,18.96336],[72.84564,18.96336],[72.84588,18.96342],[72.84592,18.96343],[72.84594,18.96343],[72.84596,18.96344],[72.84644,18.96355],[72.84646,18.96356],[72.84647,18.96356],[72.8465,18.96358],[72.84655,18.96362],[72.84656,18.96362],[72.84662,18.96366],[72.84665,18.96365],[72.84675,18.96363],[72.84747,18.96348],[72.84761,18.96345],[72.84762,18.96353],[72.84767,18.96375],[72.84835,18.96362],[72.84862,18.96356],[72.84938,18.9634],[72.84951,18.96393],[72.8497,18.96494],[72.84971,18.96493],[72.84972,18.96494],[72.84973,18.96495],[72.84973,18.96497],[72.84973,18.96498],[72.84973,18.96499],[72.84973,18.965],[72.84987,18.96529],[72.85002,18.96587],[72.85005,18.96597],[72.85005,18.96599],[72.84978,18.96604],[72.84983,18.96634],[72.85026,18.96624],[72.85026,18.96636],[72.85027,18.96636],[72.85041,18.96634],[72.8504,18.96664],[72.8504,18.96682],[72.85039,18.96697],[72.85039,18.96706],[72.85038,18.96716],[72.85119,18.96702],[72.85123,18.96728],[72.85144,18.96729],[72.85143,18.96742],[72.85143,18.96751],[72.85142,18.96762],[72.85141,18.96783],[72.8523,18.96781],[72.8523,18.96819],[72.85217,18.96823],[72.85215,18.96872],[72.85136,18.96876],[72.85135,18.9689],[72.85116,18.96889],[72.85114,18.96926],[72.85071,18.96929],[72.85072,18.96944],[72.85111,18.96941],[72.85153,18.96939],[72.85199,18.96936],[72.85235,18.96933],[72.85267,18.96931],[72.85298,18.96929],[72.853,18.96972],[72.85235,18.96981],[72.85185,18.96987],[72.85131,18.96995],[72.85077,18.97002],[72.85076,18.97002],[72.85016,18.9701],[72.84972,18.97017],[72.84937,18.97023],[72.84929,18.97024],[72.84908,18.97027],[72.8491,18.97045],[72.84911,18.97049],[72.84935,18.97048],[72.84937,18.97075],[72.84937,18.9708],[72.84939,18.97079],[72.84945,18.97079],[72.84947,18.97096],[72.84925,18.97098],[72.84935,18.97222],[72.84933,18.97223],[72.84933,18.97231],[72.84977,18.97219],[72.84984,18.97243],[72.84961,18.97248],[72.84875,18.97271],[72.84882,18.97301],[72.84885,18.97316],[72.84895,18.97316],[72.84897,18.97325],[72.84888,18.97327],[72.8489,18.97336],[72.84891,18.97336],[72.84891,18.97337],[72.84891,18.97338],[72.84892,18.9734],[72.84892,18.97341],[72.84893,18.97342],[72.84894,18.97343],[72.84895,18.97343],[72.84897,18.97343],[72.84898,18.97343],[72.84918,18.97339],[72.8492,18.97338],[72.84922,18.97337],[72.84923,18.97336],[72.84931,18.97334],[72.84948,18.9733],[72.84948,18.97331],[72.84972,18.97326],[72.85032,18.97317],[72.8506,18.97311],[72.85061,18.97312],[72.8508,18.97308],[72.85086,18.97307],[72.85086,18.97306],[72.85188,18.97285],[72.8521,18.9728],[72.8533,18.97254],[72.85331,18.97254],[72.85333,18.97253],[72.85334,18.97252],[72.85335,18.97251],[72.85335,18.9725],[72.85336,18.97249],[72.85335,18.97247],[72.85329,18.9722],[72.85327,18.97213],[72.85327,18.97212],[72.85328,18.97212],[72.85328,18.97211],[72.8533,18.97211],[72.85357,18.97205],[72.85368,18.97203],[72.8537,18.97209],[72.85371,18.97213],[72.85375,18.97227],[72.85379,18.97244],[72.85384,18.97263],[72.85385,18.97264],[72.85386,18.97265],[72.85387,18.97266],[72.85388,18.97267],[72.85388,18.97269],[72.85389,18.97274],[72.85396,18.97303],[72.85398,18.9731],[72.85404,18.97309],[72.85405,18.97309],[72.85409,18.97326],[72.85408,18.97326],[72.85402,18.97328],[72.85404,18.97336],[72.85405,18.97337],[72.85405,18.97338],[72.85406,18.9734],[72.85406,18.97342],[72.8541,18.9736],[72.85411,18.97368],[72.85411,18.97371],[72.85412,18.97375],[72.85413,18.97377],[72.85413,18.97378],[72.85413,18.97379],[72.85413,18.9738],[72.85412,18.97381],[72.85408,18.97383],[72.85405,18.97383],[72.8535,18.97395],[72.85321,18.97401],[72.85291,18.97407],[72.85274,18.9741],[72.85196,18.97426],[72.85181,18.97429],[72.85157,18.97434],[72.85132,18.97439],[72.851,18.97446],[72.85084,18.97449],[72.85059,18.97455],[72.8503,18.97461],[72.85021,18.97462],[72.85007,18.97465],[72.84977,18.97472],[72.84989,18.97519],[72.85006,18.97515],[72.85011,18.97514],[72.85041,18.97507],[72.85042,18.97507],[72.85043,18.97508],[72.85044,18.97509],[72.85046,18.9751],[72.85088,18.97501],[72.85089,18.975],[72.8509,18.975],[72.85091,18.975],[72.85092,18.97501],[72.85092,18.97502],[72.85093,18.97506],[72.85096,18.97518],[72.85099,18.97529],[72.85104,18.97549],[72.85122,18.97545],[72.85121,18.97543],[72.85139,18.9754],[72.85146,18.97538],[72.85191,18.9753],[72.85198,18.97528],[72.85207,18.97527],[72.8525,18.97518],[72.85319,18.97504],[72.85355,18.97496],[72.85373,18.97492],[72.85493,18.97467],[72.85526,18.9746],[72.85526,18.97459],[72.85539,18.97456],[72.85541,18.97455],[72.85542,18.97455],[72.85543,18.97456],[72.85544,18.97456],[72.85544,18.97457],[72.8558,18.97519],[72.85581,18.97522],[72.8559,18.97538],[72.8559,18.97566],[72.85587,18.97567],[72.85586,18.97566],[72.85576,18.97568],[72.85574,18.97569],[72.8557,18.97569],[72.8556,18.97571],[72.85552,18.97573],[72.8554,18.97575],[72.85528,18.97578],[72.85516,18.97581],[72.85508,18.97582],[72.85496,18.97585],[72.85483,18.97587],[72.85472,18.9759],[72.85461,18.97592],[72.8545,18.97594],[72.85437,18.97597],[72.85425,18.97599],[72.85416,18.97601],[72.85415,18.97601],[72.85407,18.97603],[72.85397,18.97605],[72.85373,18.97611],[72.85362,18.97613],[72.8535,18.97616],[72.85339,18.97618],[72.85332,18.97619],[72.85325,18.9762],[72.85317,18.97622],[72.85307,18.97624],[72.85298,18.97626],[72.85285,18.97628],[72.85272,18.97631],[72.85266,18.97632],[72.85258,18.97634],[72.85252,18.97635],[72.85241,18.97637],[72.85231,18.97639],[72.85226,18.9764],[72.8522,18.97642],[72.85211,18.97643],[72.85205,18.97645],[72.85197,18.97646],[72.85186,18.97648],[72.85179,18.9765],[72.8517,18.97652],[72.85159,18.97654],[72.85153,18.97655],[72.85147,18.97656],[72.85146,18.97655],[72.85141,18.97656],[72.85134,18.97658],[72.85133,18.97658],[72.85132,18.97658],[72.85131,18.97657],[72.85131,18.97655],[72.8513,18.97654],[72.8513,18.97652],[72.85129,18.97649],[72.85129,18.97647],[72.85128,18.97642],[72.85127,18.97637],[72.85126,18.97633],[72.85125,18.97629],[72.85124,18.97624],[72.85122,18.97615],[72.85122,18.97613],[72.85121,18.97613],[72.85121,18.97612],[72.8512,18.97612],[72.85119,18.97612],[72.85118,18.97612],[72.85117,18.97612],[72.8511,18.97613],[72.851,18.97615],[72.85088,18.97618],[72.85073,18.97621],[72.85065,18.97622],[72.85052,18.97625],[72.85043,18.97627],[72.85029,18.9763],[72.85016,18.97633],[72.85003,18.97635],[72.84991,18.97638],[72.84979,18.9764],[72.84969,18.97642],[72.84957,18.97645],[72.8495,18.97646],[72.84949,18.97647],[72.84947,18.97647],[72.84945,18.97648],[72.84943,18.9765],[72.84942,18.97651],[72.84941,18.97653],[72.8494,18.97656],[72.8494,18.97658],[72.8494,18.97659],[72.8494,18.97663],[72.8494,18.97667],[72.8494,18.97675],[72.8494,18.97681],[72.84941,18.97688],[72.84941,18.97691],[72.84941,18.97693],[72.84942,18.97697],[72.84943,18.97703],[72.84945,18.97711],[72.84947,18.97719],[72.84949,18.97728],[72.84951,18.97737],[72.84953,18.97743],[72.84955,18.97752],[72.84956,18.97755],[72.84969,18.97757],[72.84972,18.97756],[72.84976,18.97764],[72.84981,18.97777],[72.84984,18.97782],[72.84997,18.97779],[72.85017,18.97775],[72.85029,18.97773],[72.85049,18.97768],[72.85065,18.97765],[72.8508,18.97762],[72.85099,18.97758],[72.85113,18.97755],[72.85129,18.97752],[72.85146,18.97748],[72.85162,18.97745],[72.85174,18.97742],[72.85183,18.9774],[72.85195,18.97738],[72.85198,18.97738],[72.85202,18.97737],[72.85213,18.97735],[72.85227,18.97732],[72.85233,18.97731],[72.85248,18.97727],[72.85263,18.97724],[72.85286,18.9772],[72.85295,18.97718],[72.85299,18.97717],[72.85301,18.97717],[72.85307,18.97716],[72.85307,18.97715],[72.85319,18.97713],[72.85328,18.97711],[72.85344,18.97708],[72.85361,18.97704],[72.85375,18.97701],[72.85388,18.97698],[72.854,18.97696],[72.85415,18.97693],[72.85439,18.97688],[72.85464,18.97682],[72.85481,18.97679],[72.85504,18.97674],[72.85518,18.97671],[72.85529,18.97668],[72.85533,18.97668],[72.85534,18.97667],[72.85536,18.97667],[72.85537,18.97668],[72.85538,18.97668],[72.85539,18.97669],[72.85541,18.9767],[72.85541,18.97671],[72.85543,18.97677],[72.85545,18.97687],[72.85548,18.97699],[72.8555,18.97711],[72.85554,18.97725],[72.85557,18.9774],[72.8556,18.9775],[72.85563,18.97763],[72.85565,18.97774],[72.85566,18.97779],[72.85567,18.9778],[72.85566,18.97781],[72.85566,18.97782],[72.85565,18.97784],[72.85564,18.97785],[72.85563,18.97785],[72.85561,18.97786],[72.85552,18.97788],[72.85536,18.97791],[72.85531,18.97793],[72.85512,18.97797],[72.85494,18.97801],[72.85375,18.97824],[72.85321,18.97834],[72.85195,18.97857],[72.85168,18.97863],[72.85121,18.97872],[72.85074,18.97881],[72.8505,18.97886],[72.85038,18.97889],[72.85005,18.97896],[72.85009,18.97914],[72.85009,18.97917],[72.85009,18.97918],[72.85006,18.97919],[72.8501,18.97939],[72.8501,18.9794],[72.85011,18.97941],[72.85014,18.97941],[72.85025,18.97995],[72.85024,18.97996],[72.85018,18.97997],[72.85017,18.97997],[72.85014,18.97998],[72.85012,18.97998],[72.85003,18.98002],[72.84992,18.98005],[72.8498,18.98009],[72.84976,18.9801],[72.84968,18.98013],[72.84953,18.98019],[72.84936,18.98026],[72.84909,18.98037],[72.84902,18.98039],[72.84899,18.98041],[72.84892,18.98044],[72.84887,18.98046],[72.84884,18.98047],[72.84861,18.98057],[72.84841,18.98066],[72.84823,18.98073],[72.84821,18.98074],[72.84819,18.98074],[72.84807,18.98079],[72.84792,18.98085],[72.8479,18.98086],[72.84671,18.98137],[72.84664,18.9814],[72.84658,18.98143],[72.84677,18.98183],[72.84675,18.98184],[72.84672,18.98186],[72.84665,18.98189],[72.84635,18.98201],[72.84625,18.98206],[72.84609,18.98212],[72.84606,18.98213],[72.84537,18.98244],[72.84478,18.98269],[72.84444,18.98283],[72.84413,18.98295],[72.84408,18.98295],[72.84358,18.98303],[72.84332,18.98307],[72.84314,18.9831],[72.84309,18.98311],[72.84287,18.98314],[72.84286,18.98314],[72.84284,18.98314],[72.84277,18.98315],[72.84272,18.98316],[72.84261,18.98318],[72.8426,18.98323],[72.84259,18.98324],[72.84261,18.98325],[72.8426,18.9833],[72.84259,18.98332],[72.84255,18.98347],[72.84247,18.98381],[72.84239,18.98413],[72.8423,18.98447],[72.84224,18.98474],[72.84222,18.98479],[72.84213,18.98515],[72.84209,18.98528],[72.84202,18.98559],[72.84185,18.98622],[72.84171,18.98677],[72.84155,18.98738],[72.84154,18.9874],[72.84152,18.98748],[72.84152,18.98766],[72.84151,18.98773],[72.84149,18.9878],[72.84143,18.98805],[72.84143,18.98808],[72.84143,18.98809],[72.84142,18.98809],[72.84142,18.9881],[72.84141,18.98811],[72.8414,18.98812],[72.84139,18.98812],[72.84139,18.98813],[72.84138,18.98813],[72.84137,18.98813],[72.84137,18.98814],[72.84136,18.98814],[72.84135,18.98814],[72.84124,18.98814],[72.84075,18.98815],[72.8403,18.98818],[72.84015,18.9882],[72.8399,18.98822],[72.83944,18.98825],[72.83907,18.98827],[72.83863,18.9883],[72.83814,18.98833],[72.83795,18.98834],[72.83791,18.98834],[72.83769,18.98835],[72.8376,18.98836],[72.83706,18.98839],[72.83677,18.98841],[72.8365,18.98843],[72.8362,18.98846],[72.8358,18.98849],[72.83569,18.9885],[72.83529,18.9885],[72.83523,18.98849],[72.83489,18.98843],[72.83482,18.98842],[72.83445,18.98835],[72.83409,18.98829],[72.83397,18.98827],[72.83346,18.98818],[72.83341,18.98817],[72.83317,18.98813],[72.83313,18.98812],[72.83312,18.98812],[72.83298,18.98797],[72.83286,18.98785],[72.83284,18.98782],[72.8327,18.98767],[72.83263,18.98758],[72.83243,18.98736],[72.83232,18.98723],[72.83206,18.98695],[72.83183,18.9867],[72.83163,18.98647],[72.83147,18.98627],[72.8314,18.98619],[72.83134,18.98611],[72.83116,18.98591],[72.83077,18.9855],[72.83059,18.9853],[72.83016,18.98485],[72.82998,18.98466],[72.82977,18.98444],[72.82958,18.98424],[72.8294,18.98403],[72.82904,18.98365],[72.82888,18.98347],[72.82852,18.98308],[72.8284,18.98294],[72.82779,18.98225],[72.82745,18.98187],[72.8271,18.98147],[72.82706,18.98142],[72.82696,18.98146],[72.82689,18.98148],[72.82683,18.98149],[72.82675,18.98148],[72.82669,18.98148],[72.82663,18.98146],[72.82656,18.98143],[72.82649,18.98138],[72.82643,18.98132],[72.8264,18.98128],[72.82637,18.98121],[72.82636,18.98114],[72.82635,18.98107],[72.82636,18.98101],[72.82619,18.98097],[72.82618,18.98097],[72.82612,18.98096],[72.82585,18.9809],[72.82576,18.98088],[72.82547,18.98083],[72.8247,18.98068],[72.82443,18.98063],[72.82408,18.98056],[72.82397,18.98054]]]},"properties":{"NAME":"E"}},
{"type":"Feature","geometry":{"type":"Polygon","coordinates":[[[72.83199,18.96187],[72.83198,18.9618],[72.83198,18.96174],[72.83197,18.96164],[72.83197,18.96155],[72.83197,18.96138],[72.83197,18.96127],[72.83196,18.96107],[72.83195,18.96095],[72.83193,18.96088],[72.83192,18.96083],[72.83189,18.9607],[72.83184,18.96058],[72.83181,18.96049],[72.83179,18.9604],[72.83178,18.96029],[72.83177,18.96026],[72.83177,18.9602],[72.83176,18.96013],[72.83176,18.95999],[72.83175,18.9596],[72.83175,18.95944],[72.8318,18.95875],[72.83192,18.9584],[72.83196,18.95828],[72.83197,18.95823],[72.83199,18.95817],[72.832,18.95808],[72.83201,18.95803],[72.83202,18.95797],[72.83203,18.9579],[72.83203,18.95787],[72.83203,18.95778],[72.83205,18.95763],[72.83205,18.95748],[72.83206,18.95737],[72.83207,18.95734],[72.83206,18.95727],[72.83206,18.95718],[72.83204,18.95709],[72.83203,18.95704],[72.83203,18.95703],[72.83202,18.957],[72.83202,18.95692],[72.83202,18.95685],[72.83202,18.95684],[72.83203,18.95674],[72.83204,18.95657],[72.83204,18.95655],[72.83204,18.95653],[72.83208,18.95639],[72.83208,18.95633],[72.83208,18.95629],[72.83211,18.95587],[72.83211,18.95586],[72.83219,18.95505],[72.83215,18.9549],[72.83215,18.95485],[72.83214,18.95477],[72.83212,18.95466],[72.83206,18.95456],[72.83205,18.95453],[72.83194,18.95432],[72.83181,18.95414],[72.8318,18.95412],[72.8318,18.95411],[72.83179,18.95409],[72.83178,18.95407],[72.83178,18.95405],[72.83177,18.95403],[72.83177,18.954],[72.83176,18.95397],[72.83177,18.95393],[72.83178,18.9539],[72.83178,18.95388],[72.8318,18.95382],[72.8318,18.95381],[72.83183,18.95374],[72.83185,18.95367],[72.83223,18.95254],[72.83226,18.95245],[72.83226,18.95244],[72.83231,18.95226],[72.83236,18.95208],[72.83253,18.95152],[72.83255,18.95145],[72.83276,18.95074],[72.83276,18.95073],[72.83278,18.95068],[72.83284,18.95045],[72.8329,18.95025],[72.83294,18.95012],[72.83318,18.94936],[72.83325,18.94913],[72.8333,18.94895],[72.83335,18.9488],[72.83339,18.94868],[72.83344,18.94849],[72.8335,18.94829],[72.83351,18.94826],[72.83355,18.94814],[72.83357,18.948],[72.83361,18.94783],[72.83365,18.94767],[72.83365,18.94762],[72.83366,18.94757],[72.83366,18.94753],[72.83366,18.94747],[72.83406,18.94778],[72.8342,18.94789],[72.8345,18.94813],[72.83472,18.94831],[72.83479,18.94837],[72.83488,18.94842],[72.83496,18.94846],[72.83501,18.94847],[72.83503,18.94847],[72.8351,18.94849],[72.83521,18.94851],[72.83532,18.94853],[72.83562,18.94859],[72.83601,18.94868],[72.83643,18.94876],[72.83659,18.94879],[72.83671,18.94882],[72.83678,18.94883],[72.83696,18.94886],[72.83705,18.94889],[72.83709,18.9489],[72.83716,18.94892],[72.83724,18.94894],[72.83725,18.94894],[72.83754,18.94901],[72.83765,18.94904],[72.83771,18.94905],[72.83776,18.94907],[72.83778,18.94906],[72.83795,18.94904],[72.83803,18.94904],[72.83842,18.94899],[72.83871,18.94896],[72.83887,18.94894],[72.83923,18.9489],[72.84014,18.94883],[72.84021,18.94882],[72.84022,18.94881],[72.84025,18.94881],[72.8403,18.9488],[72.84042,18.94883],[72.84043,18.94883],[72.84055,18.94886],[72.84059,18.94887],[72.84065,18.94889],[72.84067,18.94889],[72.8407,18.94889],[72.84083,18.94891],[72.84097,18.94894],[72.84125,18.94898],[72.84135,18.94899],[72.84138,18.949],[72.8415,18.94899],[72.84158,18.94894],[72.84163,18.94894],[72.84169,18.94894],[72.84174,18.94894],[72.84182,18.94894],[72.84203,18.94894],[72.84207,18.94894],[72.84231,18.94894],[72.84484,18.9484],[72.84558,18.94823],[72.84559,18.94823],[72.84562,18.94823],[72.84566,18.94822],[72.84681,18.94803],[72.84682,18.94821],[72.84654,18.95012],[72.8465,18.95044],[72.84619,18.95057],[72.84624,18.95077],[72.84638,18.95133],[72.8464,18.95143],[72.84644,18.95159],[72.84647,18.95172],[72.84647,18.95174],[72.84649,18.95182],[72.8465,18.95183],[72.84651,18.95184],[72.84653,18.95184],[72.8466,18.95185],[72.84664,18.95186],[72.84666,18.95187],[72.84668,18.95189],[72.84668,18.95191],[72.84669,18.95193],[72.84669,18.95195],[72.84668,18.95197],[72.84667,18.95199],[72.84665,18.95201],[72.84663,18.95202],[72.84661,18.95202],[72.84654,18.95201],[72.84653,18.95201],[72.84642,18.952],[72.84634,18.95198],[72.84633,18.95201],[72.84637,18.95221],[72.8464,18.95221],[72.84645,18.95223],[72.84651,18.95227],[72.84655,18.95231],[72.84659,18.95236],[72.84663,18.95242],[72.84664,18.95243],[72.84665,18.95249],[72.84669,18.95266],[72.84674,18.95285],[72.84677,18.95301],[72.84682,18.95321],[72.84688,18.95343],[72.84691,18.95356],[72.84691,18.95357],[72.84691,18.95358],[72.84689,18.95366],[72.84685,18.95375],[72.84683,18.9538],[72.84681,18.95383],[72.84677,18.95389],[72.84675,18.95392],[72.84673,18.95393],[72.84671,18.95394],[72.84667,18.95395],[72.84671,18.9541],[72.84677,18.95409],[72.84703,18.95403],[72.84705,18.95403],[72.84707,18.95403],[72.84709,18.95404],[72.84711,18.95405],[72.84713,18.95407],[72.84713,18.95409],[72.84714,18.95411],[72.84713,18.95413],[72.84713,18.95414],[72.84712,18.95416],[72.8471,18.95418],[72.84708,18.95419],[72.84707,18.95419],[72.84698,18.95421],[72.84675,18.95427],[72.8468,18.95444],[72.84682,18.95443],[72.84685,18.95443],[72.84688,18.95443],[72.8469,18.95444],[72.84692,18.95445],[72.84697,18.95447],[72.84704,18.95452],[72.8471,18.95456],[72.84715,18.95462],[72.84718,18.95467],[72.8472,18.95471],[72.84725,18.95492],[72.84739,18.95548],[72.84756,18.95617],[72.8476,18.95631],[72.84763,18.95643],[72.84766,18.95657],[72.84769,18.9567],[72.84773,18.95687],[72.84779,18.95708],[72.84783,18.95726],[72.84786,18.95741],[72.84795,18.95777],[72.84944,18.9573],[72.8491,18.95596],[72.84952,18.95587],[72.84981,18.95727],[72.8506,18.95779],[72.85082,18.95774],[72.85106,18.95876],[72.85078,18.9588],[72.85058,18.95791],[72.84961,18.95738],[72.848,18.95796],[72.84818,18.95868],[72.84839,18.95966],[72.84852,18.96024],[72.84861,18.96058],[72.84863,18.9607],[72.84872,18.96103],[72.84877,18.96123],[72.84878,18.9613],[72.84879,18.9613],[72.84888,18.96171],[72.84892,18.96187],[72.849,18.96218],[72.84902,18.96227],[72.84907,18.96248],[72.84913,18.96275],[72.84938,18.9634],[72.84862,18.96356],[72.84835,18.96362],[72.84767,18.96375],[72.84762,18.96353],[72.84761,18.96345],[72.84747,18.96348],[72.84675,18.96363],[72.84665,18.96365],[72.84662,18.96366],[72.84656,18.96362],[72.84655,18.96362],[72.8465,18.96358],[72.84647,18.96356],[72.84646,18.96356],[72.84644,18.96355],[72.84596,18.96344],[72.84594,18.96343],[72.84592,18.96343],[72.84588,18.96342],[72.84564,18.96336],[72.84562,18.96336],[72.84556,18.96334],[72.84544,18.96331],[72.8453,18.96328],[72.84497,18.96351],[72.84486,18.96358],[72.84468,18.96347],[72.84461,18.96342],[72.84456,18.96342],[72.84442,18.96344],[72.84433,18.96346],[72.8443,18.96346],[72.84429,18.96346],[72.84416,18.96349],[72.84411,18.96352],[72.84405,18.96358],[72.84391,18.96361],[72.84349,18.9637],[72.8433,18.96374],[72.84279,18.96384],[72.84276,18.96385],[72.84261,18.96388],[72.84251,18.9639],[72.84244,18.96392],[72.84239,18.96393],[72.84235,18.96394],[72.84231,18.96396],[72.84217,18.964],[72.84203,18.96402],[72.8419,18.96404],[72.84181,18.96406],[72.84172,18.96407],[72.84148,18.96411],[72.84112,18.96416],[72.84042,18.96427],[72.83989,18.96438],[72.83979,18.9644],[72.83954,18.96445],[72.83944,18.96447],[72.83935,18.9645],[72.83928,18.96453],[72.83925,18.96454],[72.83923,18.96455],[72.83922,18.96456],[72.8392,18.96458],[72.83919,18.96459],[72.83918,18.96461],[72.83916,18.96463],[72.83906,18.96477],[72.83899,18.96486],[72.83891,18.96497],[72.83882,18.96511],[72.83875,18.96503],[72.83872,18.96498],[72.83867,18.96492],[72.83854,18.96476],[72.83838,18.96457],[72.83829,18.96447],[72.83826,18.96443],[72.83812,18.96427],[72.83811,18.96425],[72.83808,18.96421],[72.83803,18.9641],[72.83798,18.96401],[72.83781,18.9635],[72.8378,18.96348],[72.83777,18.9634],[72.83773,18.96328],[72.8377,18.96321],[72.83766,18.96308],[72.83757,18.96287],[72.83753,18.96276],[72.8375,18.96271],[72.83747,18.96266],[72.83745,18.96265],[72.83743,18.96263],[72.8374,18.96261],[72.83738,18.96259],[72.83734,18.96258],[72.83732,18.96257],[72.83728,18.96256],[72.83725,18.96256],[72.83715,18.96254],[72.83704,18.96253],[72.83687,18.96251],[72.83667,18.96251],[72.83656,18.9625],[72.83653,18.96251],[72.8364,18.96251],[72.83631,18.96252],[72.83623,18.96253],[72.83611,18.96254],[72.83605,18.96255],[72.83601,18.96255],[72.83598,18.96255],[72.83596,18.96255],[72.83592,18.96255],[72.83583,18.96255],[72.83575,18.96255],[72.83568,18.96255],[72.83559,18.96255],[72.83554,18.96255],[72.83545,18.96254],[72.83535,18.96253],[72.83526,18.96252],[72.83522,18.96251],[72.83518,18.9625],[72.83512,18.96248],[72.83509,18.96247],[72.83502,18.96244],[72.83496,18.96241],[72.8349,18.96237],[72.83488,18.96236],[72.83483,18.96233],[72.83474,18.96228],[72.83471,18.96226],[72.83461,18.96222],[72.83454,18.96219],[72.83446,18.96216],[72.8344,18.96214],[72.83438,18.96213],[72.83437,18.96213],[72.83435,18.96213],[72.83419,18.96213],[72.83393,18.96213],[72.83369,18.96213],[72.83345,18.96212],[72.8333,18.96211],[72.83319,18.9621],[72.83307,18.96209],[72.83299,18.96207],[72.83284,18.96204],[72.83262,18.962],[72.83259,18.96199],[72.8324,18.96195],[72.83229,18.96192],[72.83219,18.9619],[72.83211,18.96188],[72.83199,18.96187]]]},"properties":{"NAME":"B"}},
{"type":"Feature","geometry":{"type":"Polygon","coordinates":[[[72.85744,19.23723],[72.85765,19.23723],[72.85766,19.23723],[72.85767,19.23723],[72.85776,19.23724],[72.85795,19.23729],[72.85796,19.23729],[72.85809,19.23732],[72.85814,19.23733],[72.85816,19.23733],[72.85815,19.23732],[72.85816,19.23732],[72.85826,19.23735],[72.85832,19.23737],[72.85845,19.23741],[72.85846,19.23741],[72.8585,19.23743],[72.85856,19.23745],[72.85862,19.23747],[72.85863,19.23748],[72.85869,19.23767],[72.85876,19.2379],[72.85879,19.23806],[72.85887,19.23842],[72.85891,19.23863],[72.85894,19.23876],[72.85921,19.23928],[72.85937,19.23936],[72.85942,19.23938],[72.85958,19.23934],[72.85979,19.23941],[72.86004,19.23931],[72.8602,19.23924],[72.86046,19.23915],[72.86048,19.23914],[72.86087,19.23896],[72.86101,19.23889],[72.86104,19.23878],[72.8613,19.23854],[72.8616,19.23826],[72.86167,19.23821],[72.86173,19.23816],[72.86189,19.23809],[72.86191,19.23807],[72.86223,19.23786],[72.86232,19.2378],[72.86232,19.23781],[72.86233,19.2378],[72.86237,19.23777],[72.86264,19.23763],[72.86272,19.23758],[72.86273,19.23758],[72.8628,19.23752],[72.86284,19.23749],[72.86292,19.23745],[72.86294,19.23741],[72.86416,19.23724],[72.86419,19.23742],[72.86428,19.23806],[72.86431,19.23822],[72.86435,19.2385],[72.86487,19.23849],[72.86706,19.23846],[72.86716,19.23845],[72.86733,19.2384],[72.86767,19.23828],[72.86795,19.23818],[72.86799,19.23817],[72.86819,19.23812],[72.86864,19.23804],[72.86883,19.23801],[72.8691,19.23799],[72.86956,19.23799],[72.86988,19.23801],[72.87009,19.23799],[72.87028,19.23796],[72.87063,19.23802],[72.87245,19.23833],[72.87287,19.23837],[72.87297,19.23838],[72.87766,19.23898],[72.87805,19.23922],[72.87837,19.23942],[72.87838,19.23942],[72.87845,19.23946],[72.8791,19.23994],[72.87965,19.24033],[72.87968,19.24035],[72.88032,19.24075],[72.88064,19.24096],[72.88065,19.24096],[72.88087,19.2411],[72.88116,19.24129],[72.88144,19.24146],[72.88199,19.24181],[72.88217,19.24192],[72.88248,19.24212],[72.88284,19.24234],[72.88321,19.24256],[72.88326,19.24259],[72.88327,19.24259],[72.88362,19.24281],[72.88382,19.24293],[72.88382,19.24294],[72.88397,19.24303],[72.88436,19.24328],[72.88477,19.24354],[72.88484,19.24359],[72.88499,19.24369],[72.88504,19.24372],[72.88507,19.24374],[72.8852,19.24382],[72.88607,19.24439],[72.88789,19.24558],[72.88825,19.24581],[72.8887,19.24612],[72.88904,19.24634],[72.88941,19.24658],[72.88979,19.24684],[72.89016,19.24708],[72.89044,19.24726],[72.89048,19.24728],[72.89086,19.24755],[72.89107,19.2477],[72.89149,19.248],[72.89164,19.24811],[72.89182,19.24824],[72.89184,19.24825],[72.89184,19.24826],[72.89209,19.24842],[72.8921,19.24843],[72.89229,19.24856],[72.89292,19.24899],[72.89334,19.24927],[72.89343,19.24934],[72.89358,19.24944],[72.89358,19.24945],[72.89327,19.24949],[72.89309,19.24951],[72.89292,19.24954],[72.89269,19.24957],[72.89255,19.24959],[72.8925,19.2496],[72.89239,19.24961],[72.89233,19.24962],[72.89211,19.24965],[72.89205,19.24966],[72.8919,19.24968],[72.89174,19.2497],[72.89151,19.2497],[72.89147,19.2497],[72.89127,19.24971],[72.8909,19.24971],[72.89082,19.24971],[72.89065,19.24972],[72.8906,19.24972],[72.89056,19.24972],[72.89038,19.24974],[72.89036,19.24974],[72.89032,19.24974],[72.88982,19.24978],[72.88962,19.24979],[72.88945,19.2498],[72.88892,19.24984],[72.88879,19.24985],[72.88868,19.24986],[72.88867,19.24986],[72.88867,19.24987],[72.88837,19.25013],[72.88833,19.25017],[72.88791,19.25054],[72.88758,19.25084],[72.88729,19.2511],[72.88692,19.25143],[72.88654,19.25177],[72.88628,19.25202],[72.88576,19.25248],[72.88549,19.25271],[72.88524,19.25293],[72.88506,19.25309],[72.88498,19.25316],[72.88485,19.25328],[72.88473,19.25333],[72.88467,19.25336],[72.88429,19.25351],[72.88397,19.25365],[72.88389,19.25368],[72.88371,19.25373],[72.88366,19.25374],[72.88358,19.25376],[72.88342,19.2538],[72.88333,19.25382],[72.88318,19.25387],[72.88299,19.25392],[72.88261,19.25403],[72.88253,19.25405],[72.88218,19.25414],[72.8818,19.25423],[72.88163,19.25437],[72.8814,19.25457],[72.88128,19.25469],[72.88124,19.25474],[72.88122,19.25476],[72.88112,19.25487],[72.88078,19.25522],[72.88027,19.25574],[72.88016,19.25582],[72.88004,19.25592],[72.87985,19.25606],[72.87982,19.25609],[72.87981,19.25609],[72.8797,19.25616],[72.87952,19.25626],[72.87928,19.25641],[72.87905,19.25655],[72.87877,19.25673],[72.87865,19.25681],[72.8785,19.25707],[72.87833,19.25737],[72.87826,19.25752],[72.87823,19.2576],[72.87819,19.25767],[72.87809,19.25784],[72.87793,19.2581],[72.87792,19.25812],[72.87789,19.2582],[72.87784,19.25832],[72.87769,19.25869],[72.87768,19.25871],[72.87766,19.25878],[72.87765,19.25879],[72.8773,19.25924],[72.87692,19.25962],[72.87682,19.25972],[72.87681,19.25972],[72.87666,19.25988],[72.87621,19.26033],[72.8762,19.26035],[72.87614,19.26041],[72.87611,19.26044],[72.87602,19.26048],[72.87598,19.2605],[72.87589,19.26054],[72.87583,19.2605],[72.87574,19.26045],[72.87566,19.26048],[72.87534,19.26061],[72.87532,19.26062],[72.87521,19.26068],[72.87506,19.26073],[72.875,19.26071],[72.87486,19.26068],[72.87449,19.26061],[72.87426,19.26061],[72.87404,19.26061],[72.87385,19.26058],[72.8738,19.26069],[72.87376,19.2607],[72.87357,19.26075],[72.87333,19.2608],[72.87323,19.26084],[72.87321,19.26085],[72.8727,19.26107],[72.87264,19.26113],[72.87247,19.2612],[72.87241,19.26119],[72.87228,19.26117],[72.87227,19.26117],[72.87216,19.2612],[72.87216,19.26119],[72.87206,19.26122],[72.87189,19.26124],[72.87187,19.26125],[72.87177,19.26123],[72.87166,19.26121],[72.87146,19.26116],[72.87109,19.2611],[72.87109,19.26116],[72.87109,19.26117],[72.8708,19.2612],[72.87063,19.26117],[72.87011,19.26108],[72.86998,19.26099],[72.86997,19.26092],[72.86997,19.26091],[72.86996,19.26091],[72.86995,19.26082],[72.86991,19.26067],[72.86985,19.26062],[72.86982,19.26061],[72.86969,19.26068],[72.86975,19.2608],[72.86982,19.26093],[72.86973,19.26107],[72.86977,19.26113],[72.86977,19.26117],[72.86977,19.26122],[72.86975,19.26123],[72.86973,19.26124],[72.86978,19.26132],[72.86985,19.26137],[72.86985,19.26138],[72.86986,19.26146],[72.86989,19.26152],[72.8699,19.26162],[72.86991,19.26169],[72.86992,19.26173],[72.86984,19.26177],[72.86959,19.26193],[72.86941,19.26205],[72.86939,19.26207],[72.86936,19.26209],[72.86909,19.26211],[72.86892,19.262],[72.86891,19.26195],[72.86885,19.26171],[72.86884,19.26166],[72.86884,19.26162],[72.86886,19.26142],[72.86888,19.26129],[72.86889,19.26124],[72.86885,19.26114],[72.86885,19.26115],[72.86884,19.26115],[72.86863,19.26142],[72.86835,19.26175],[72.86812,19.26201],[72.8679,19.26223],[72.86749,19.26262],[72.86713,19.26296],[72.86709,19.26301],[72.86703,19.2631],[72.86692,19.26324],[72.86682,19.26339],[72.86673,19.26353],[72.86661,19.26369],[72.86644,19.26394],[72.86632,19.26411],[72.86619,19.2643],[72.86607,19.26447],[72.86593,19.26466],[72.86594,19.26466],[72.86599,19.26484],[72.86603,19.26502],[72.86608,19.26521],[72.86613,19.26542],[72.86617,19.26558],[72.86617,19.2656],[72.8662,19.26569],[72.86633,19.26631],[72.86619,19.26658],[72.86486,19.2661],[72.86465,19.26603],[72.86452,19.26622],[72.86429,19.26657],[72.86429,19.26658],[72.8639,19.26671],[72.86375,19.26676],[72.86374,19.26676],[72.86372,19.26677],[72.86334,19.26706],[72.86319,19.26718],[72.86308,19.26726],[72.86303,19.2677],[72.86264,19.26779],[72.86259,19.26753],[72.86257,19.26743],[72.8625,19.26705],[72.86249,19.26704],[72.86199,19.26674],[72.86175,19.26672],[72.86166,19.26672],[72.86142,19.2667],[72.86118,19.26668],[72.86118,19.26669],[72.86117,19.26669],[72.86097,19.26684],[72.86062,19.26715],[72.86045,19.26729],[72.86044,19.26731],[72.86035,19.26739],[72.86018,19.26754],[72.86002,19.26769],[72.85998,19.26772],[72.85994,19.26775],[72.85976,19.26786],[72.85956,19.26798],[72.8593,19.26813],[72.85919,19.2682],[72.85871,19.26828],[72.8585,19.26842],[72.85827,19.26849],[72.8581,19.26854],[72.8578,19.26864],[72.85779,19.26864],[72.85766,19.26869],[72.85764,19.26868],[72.85753,19.26868],[72.85751,19.26867],[72.85745,19.26867],[72.8569,19.26864],[72.85686,19.26963],[72.85686,19.26966],[72.85685,19.26967],[72.85684,19.26969],[72.85683,19.2697],[72.85681,19.26972],[72.85678,19.26972],[72.85673,19.26973],[72.85668,19.26972],[72.85662,19.26972],[72.85652,19.26969],[72.85634,19.26963],[72.85623,19.26961],[72.85597,19.26958],[72.85587,19.26957],[72.85573,19.26957],[72.85566,19.26959],[72.85553,19.26963],[72.85537,19.2697],[72.85525,19.26976],[72.85503,19.26989],[72.85493,19.26995],[72.85483,19.27],[72.85471,19.27006],[72.85458,19.27009],[72.85447,19.27012],[72.85432,19.27014],[72.85419,19.27015],[72.85409,19.27016],[72.85396,19.27018],[72.85388,19.27018],[72.85379,19.27016],[72.85369,19.27013],[72.8536,19.27011],[72.85346,19.27007],[72.8533,19.27001],[72.85311,19.26999],[72.85288,19.26996],[72.85268,19.26992],[72.85258,19.2699],[72.85246,19.26991],[72.85227,19.26994],[72.85203,19.26995],[72.85175,19.26994],[72.8515,19.26993],[72.85134,19.26993],[72.85121,19.26993],[72.85099,19.26992],[72.85088,19.26991],[72.85081,19.2699],[72.85051,19.26973],[72.85044,19.26969],[72.85026,19.26959],[72.85005,19.26948],[72.84988,19.26938],[72.84973,19.26928],[72.84945,19.26909],[72.84925,19.26896],[72.84919,19.26893],[72.84902,19.26881],[72.84864,19.26856],[72.84786,19.26801],[72.84763,19.26786],[72.8473,19.26755],[72.84708,19.26734],[72.84677,19.26727],[72.84665,19.26723],[72.8462,19.26711],[72.8461,19.26709],[72.84585,19.26701],[72.84556,19.26693],[72.84523,19.26699],[72.8449,19.26704],[72.84466,19.26708],[72.8445,19.26711],[72.84428,19.26715],[72.84415,19.26717],[72.84393,19.2672],[72.84325,19.26729],[72.84284,19.26737],[72.84249,19.26745],[72.84205,19.26744],[72.84167,19.26742],[72.84153,19.26742],[72.84118,19.26731],[72.84097,19.26726],[72.84076,19.26721],[72.84047,19.26712],[72.84038,19.26707],[72.84008,19.26689],[72.83981,19.26674],[72.83944,19.26651],[72.83909,19.26624],[72.83903,19.26623],[72.83892,19.26613],[72.83873,19.26597],[72.83865,19.26587],[72.83843,19.26558],[72.83813,19.26517],[72.83782,19.26471],[72.83755,19.26437],[72.83745,19.26422],[72.83739,19.26414],[72.83725,19.26388],[72.8372,19.2638],[72.83703,19.26352],[72.83696,19.2634],[72.83684,19.26311],[72.83674,19.26285],[72.83664,19.2626],[72.8366,19.26248],[72.83658,19.2624],[72.8365,19.2621],[72.83646,19.26197],[72.83646,19.26196],[72.83645,19.26193],[72.83644,19.2619],[72.83644,19.26189],[72.83579,19.25866],[72.83578,19.25863],[72.83598,19.25688],[72.83604,19.25629],[72.83617,19.25506],[72.83633,19.25486],[72.83683,19.25423],[72.83781,19.25301],[72.83852,19.25213],[72.8386,19.25204],[72.8383,19.25171],[72.83776,19.25131],[72.83675,19.25059],[72.83663,19.25051],[72.83595,19.25002],[72.83522,19.24963],[72.83496,19.24952],[72.83883,19.24612],[72.84192,19.24339],[72.84417,19.24159],[72.84538,19.24071],[72.84559,19.24055],[72.84576,19.24042],[72.8458,19.2404],[72.84597,19.24027],[72.84623,19.2401],[72.84649,19.23993],[72.84684,19.23971],[72.84695,19.23964],[72.84701,19.2396],[72.84714,19.23951],[72.84744,19.23932],[72.8482,19.23883],[72.84842,19.23869],[72.84852,19.23863],[72.84895,19.23838],[72.84901,19.23835],[72.84918,19.23827],[72.84942,19.23817],[72.84951,19.23815],[72.84965,19.23812],[72.84984,19.23809],[72.85075,19.23807],[72.85091,19.23806],[72.85106,19.23805],[72.85131,19.23804],[72.8514,19.23804],[72.85158,19.23803],[72.85168,19.23803],[72.85186,19.23803],[72.85198,19.23802],[72.8521,19.23802],[72.85224,19.23801],[72.85228,19.23801],[72.85243,19.238],[72.85258,19.23798],[72.85273,19.23797],[72.85284,19.23795],[72.85433,19.23779],[72.85482,19.23775],[72.85517,19.23777],[72.8555,19.23773],[72.85612,19.23762],[72.85692,19.23739],[72.85742,19.23723],[72.85744,19.23723]]]},"properties":{"NAME":"R/N"}},
{"type":"Feature","geometry":{"type":"Polygon","coordinates":[[[72.84276,19.09043],[72.84277,19.0905],[72.84293,19.09144],[72.84308,19.09263],[72.84325,19.09382],[72.8435,19.09565],[72.84372,19.09737],[72.84387,19.09877],[72.84414,19.10087],[72.84431,19.10194],[72.84445,19.10271],[72.84446,19.10273],[72.84446,19.10274],[72.84475,19.10512],[72.8449,19.10628],[72.84514,19.10809],[72.84544,19.11042],[72.84579,19.11262],[72.84603,19.11458],[72.8463,19.11629],[72.84645,19.11719],[72.84671,19.11893],[72.84709,19.12144],[72.84718,19.12209],[72.84718,19.12226],[72.84719,19.12257],[72.84719,19.12289],[72.84718,19.12321],[72.84737,19.12473],[72.84768,19.12701],[72.8479,19.12854],[72.84816,19.13056],[72.8483,19.13159],[72.8484,19.13235],[72.8488,19.13505],[72.84907,19.13698],[72.84916,19.13758],[72.8492,19.13783],[72.84924,19.13827],[72.84952,19.14081],[72.84981,19.14297],[72.84989,19.14356],[72.84942,19.14359],[72.84925,19.14362],[72.8492,19.14363],[72.84905,19.14368],[72.84884,19.14373],[72.84881,19.14374],[72.84875,19.14375],[72.84836,19.14384],[72.84838,19.14416],[72.84838,19.14425],[72.84839,19.14448],[72.84847,19.14464],[72.84846,19.1447],[72.84844,19.1448],[72.84839,19.14498],[72.84837,19.14507],[72.84834,19.1452],[72.84832,19.14527],[72.8483,19.14538],[72.8483,19.14539],[72.84827,19.14543],[72.84819,19.14554],[72.84817,19.14557],[72.84801,19.14578],[72.84796,19.14583],[72.84774,19.14609],[72.84756,19.14619],[72.84747,19.14624],[72.84746,19.14624],[72.84738,19.14626],[72.84717,19.1463],[72.84716,19.1463],[72.84706,19.14629],[72.84705,19.14629],[72.84701,19.14627],[72.84699,19.14626],[72.84698,19.14625],[72.84692,19.14623],[72.84682,19.14618],[72.84677,19.14616],[72.84667,19.14613],[72.84654,19.14612],[72.84653,19.14613],[72.84652,19.14612],[72.8465,19.14612],[72.84642,19.1461],[72.8464,19.14614],[72.84638,19.14617],[72.84636,19.14621],[72.84633,19.14626],[72.84628,19.14634],[72.84608,19.14645],[72.84602,19.14649],[72.84596,19.14652],[72.84586,19.14658],[72.84586,19.14668],[72.84586,19.14672],[72.84585,19.14688],[72.84585,19.14695],[72.84588,19.147],[72.84588,19.14701],[72.8459,19.14704],[72.84596,19.14718],[72.84596,19.14719],[72.84592,19.14722],[72.84591,19.14722],[72.84573,19.14734],[72.84562,19.14742],[72.84556,19.14745],[72.8455,19.14754],[72.84549,19.14763],[72.84549,19.14765],[72.84548,19.14769],[72.84545,19.14782],[72.8454,19.14803],[72.8454,19.14806],[72.84537,19.14814],[72.84533,19.14825],[72.84529,19.14836],[72.84525,19.14846],[72.84523,19.14849],[72.84519,19.14854],[72.84509,19.1487],[72.84507,19.14872],[72.84499,19.14882],[72.84495,19.14887],[72.84491,19.14891],[72.84488,19.14893],[72.84488,19.14894],[72.84484,19.14898],[72.84482,19.14901],[72.84468,19.14918],[72.84453,19.14936],[72.84445,19.14945],[72.84441,19.14951],[72.84415,19.14975],[72.84388,19.14995],[72.84383,19.14997],[72.84368,19.15001],[72.84359,19.15006],[72.84344,19.15017],[72.8434,19.1502],[72.84335,19.15022],[72.84332,19.15023],[72.84325,19.15025],[72.84322,19.15025],[72.84312,19.15025],[72.84311,19.15025],[72.84304,19.15024],[72.84301,19.15023],[72.84293,19.15022],[72.84284,19.15021],[72.84273,19.1502],[72.84264,19.15018],[72.84256,19.15017],[72.84252,19.15017],[72.8425,19.15017],[72.84246,19.15016],[72.8424,19.15015],[72.84236,19.15015],[72.84219,19.15012],[72.84216,19.15011],[72.84209,19.1501],[72.84204,19.15009],[72.84168,19.15004],[72.84165,19.15004],[72.8416,19.15003],[72.84144,19.15001],[72.84125,19.14998],[72.84102,19.14995],[72.84062,19.14989],[72.84038,19.14986],[72.84036,19.14986],[72.84009,19.15007],[72.83995,19.15018],[72.83994,19.15019],[72.83982,19.15027],[72.83968,19.15059],[72.83962,19.15073],[72.83958,19.1508],[72.83955,19.15083],[72.83952,19.15086],[72.83945,19.15087],[72.83927,19.15088],[72.83903,19.1509],[72.83861,19.15095],[72.83851,19.15096],[72.83805,19.15101],[72.8368,19.1511],[72.8362,19.15112],[72.83619,19.15113],[72.8359,19.15114],[72.83572,19.15113],[72.83567,19.15113],[72.83563,19.15113],[72.83553,19.15113],[72.83506,19.15113],[72.83407,19.15116],[72.83365,19.15119],[72.83316,19.15124],[72.833,19.15127],[72.8329,19.15129],[72.8326,19.15138],[72.83231,19.15151],[72.83211,19.15164],[72.83188,19.15178],[72.8317,19.15192],[72.83158,19.152],[72.83147,19.15208],[72.83124,19.15225],[72.83119,19.15229],[72.8311,19.15236],[72.83031,19.15288],[72.83011,19.15301],[72.8301,19.15301],[72.83007,19.15303],[72.83004,19.15305],[72.82994,19.1531],[72.82955,19.15331],[72.82913,19.15354],[72.82876,19.15373],[72.82843,19.1539],[72.82841,19.15391],[72.82835,19.15392],[72.82824,19.15393],[72.82799,19.15396],[72.82713,19.15346],[72.82697,19.15337],[72.82375,19.15152],[72.82285,19.15101],[72.822,19.15053],[72.822,19.15054],[72.82188,19.151],[72.82137,19.15288],[72.82133,19.15304],[72.82097,19.15438],[72.82068,19.15501],[72.82055,19.15527],[72.82045,19.15551],[72.82035,19.1557],[72.82003,19.15591],[72.81985,19.156],[72.81975,19.15604],[72.81966,19.15607],[72.81928,19.15619],[72.81888,19.15632],[72.81823,19.15653],[72.81787,19.15621],[72.81585,19.1547],[72.81419,19.15357],[72.81375,19.15326],[72.81312,19.15282],[72.81304,19.15275],[72.81297,19.15269],[72.81217,19.15192],[72.81102,19.15311],[72.80975,19.15443],[72.80946,19.15403],[72.80911,19.15347],[72.80862,19.15291],[72.80817,19.15237],[72.80787,19.15197],[72.80777,19.15184],[72.80679,19.15085],[72.80602,19.14995],[72.80522,19.14825],[72.80473,19.14707],[72.80421,19.14521],[72.80414,19.14499],[72.80414,19.14498],[72.80402,19.14457],[72.80355,19.14356],[72.80128,19.13863],[72.79821,19.13973],[72.7982,19.13978],[72.79818,19.14053],[72.79816,19.14093],[72.79813,19.14144],[72.7981,19.14239],[72.79808,19.14241],[72.79807,19.14248],[72.79807,19.14251],[72.79808,19.14253],[72.79807,19.14254],[72.79806,19.14261],[72.79805,19.14264],[72.79805,19.14266],[72.79807,19.14267],[72.79808,19.14267],[72.79813,19.14271],[72.79814,19.14279],[72.79814,19.14285],[72.79809,19.14283],[72.79807,19.14282],[72.79801,19.1428],[72.79797,19.14278],[72.79788,19.14275],[72.79778,19.14271],[72.79753,19.14263],[72.79734,19.14253],[72.7973,19.1425],[72.79717,19.1424],[72.79693,19.14225],[72.79681,19.14217],[72.79677,19.14215],[72.79663,19.14209],[72.79638,19.14205],[72.79635,19.14204],[72.79627,19.14203],[72.79619,19.14201],[72.79612,19.14201],[72.79608,19.14201],[72.79607,19.14201],[72.79604,19.14201],[72.79601,19.14202],[72.79589,19.14205],[72.79585,19.14206],[72.79556,19.14213],[72.79544,19.14225],[72.79532,19.14237],[72.79531,19.14237],[72.79516,19.1424],[72.79505,19.14244],[72.79509,19.14256],[72.79512,19.14262],[72.79512,19.14263],[72.79503,19.14275],[72.79502,19.14277],[72.79501,19.14277],[72.795,19.14277],[72.79495,19.14277],[72.79484,19.14279],[72.79481,19.14279],[72.7948,19.14279],[72.79474,19.14279],[72.79462,19.1428],[72.79461,19.1428],[72.79454,19.14294],[72.79454,19.14296],[72.79453,19.14298],[72.7943,19.14313],[72.79407,19.14329],[72.79405,19.14329],[72.79397,19.14336],[72.79395,19.14338],[72.79394,19.1434],[72.79393,19.14342],[72.79391,19.14346],[72.79389,19.14349],[72.79388,19.14351],[72.79385,19.14354],[72.79374,19.14367],[72.79373,19.14368],[72.79372,19.14368],[72.79369,19.14373],[72.79365,19.14378],[72.79353,19.14386],[72.79309,19.14416],[72.79296,19.14422],[72.79295,19.14422],[72.79226,19.14454],[72.7922,19.14456],[72.79219,19.14457],[72.79202,19.14463],[72.79193,19.14467],[72.79181,19.14471],[72.79177,19.14473],[72.79177,19.14474],[72.79167,19.14478],[72.79165,19.14478],[72.79157,19.14483],[72.79154,19.14484],[72.7915,19.14486],[72.79145,19.14488],[72.79134,19.14489],[72.79128,19.1449],[72.79126,19.1449],[72.79104,19.14492],[72.79098,19.14492],[72.79092,19.14493],[72.79085,19.14493],[72.79084,19.14494],[72.79081,19.14494],[72.79076,19.14494],[72.79072,19.14495],[72.79062,19.14496],[72.79048,19.14497],[72.7903,19.14499],[72.79019,19.14498],[72.79016,19.14498],[72.79012,19.14497],[72.79005,19.14494],[72.78998,19.14492],[72.78988,19.14488],[72.78975,19.14484],[72.78974,19.14484],[72.78964,19.1448],[72.78951,19.14476],[72.78947,19.14475],[72.78939,19.14473],[72.78936,19.14471],[72.78931,19.14469],[72.78865,19.14466],[72.78855,19.1444],[72.7884,19.14425],[72.78822,19.14393],[72.78818,19.1437],[72.78817,19.14343],[72.78798,19.14311],[72.78768,19.14212],[72.7882,19.14162],[72.78818,19.1406],[72.78818,19.14044],[72.78813,19.14026],[72.78847,19.13947],[72.78847,19.13945],[72.78849,19.1394],[72.78855,19.13928],[72.78854,19.1388],[72.78854,19.13863],[72.78854,19.13845],[72.78852,19.13741],[72.78851,19.13716],[72.78837,19.13655],[72.7883,19.13566],[72.78827,19.13522],[72.7883,19.13484],[72.78828,19.1348],[72.78828,19.13479],[72.78824,19.13473],[72.78824,19.13472],[72.78821,19.13466],[72.78821,19.13465],[72.78819,19.13457],[72.78819,19.13456],[72.78818,19.13452],[72.78807,19.13428],[72.78801,19.13399],[72.78794,19.13382],[72.78776,19.13356],[72.78768,19.13294],[72.78766,19.13266],[72.7877,19.1323],[72.78779,19.13168],[72.78795,19.13106],[72.78795,19.13105],[72.78802,19.13078],[72.78803,19.13043],[72.78738,19.1303],[72.78719,19.13027],[72.7872,19.13006],[72.78751,19.13001],[72.78779,19.12997],[72.78797,19.12992],[72.78814,19.12988],[72.78873,19.13033],[72.78877,19.13037],[72.7888,19.13039],[72.78885,19.13042],[72.78888,19.13045],[72.78889,19.13046],[72.78897,19.13052],[72.78923,19.13076],[72.78962,19.13113],[72.79041,19.1312],[72.79153,19.13131],[72.79181,19.13134],[72.79204,19.13121],[72.79205,19.13122],[72.79223,19.13112],[72.79262,19.1309],[72.79277,19.13082],[72.79299,19.1307],[72.7936,19.13093],[72.79383,19.13101],[72.79404,19.13109],[72.79436,19.13129],[72.7947,19.13143],[72.79516,19.13162],[72.79504,19.13212],[72.79506,19.13217],[72.79508,19.13216],[72.79509,19.13217],[72.79511,19.13217],[72.79513,19.13218],[72.79514,19.13219],[72.79516,19.13221],[72.79516,19.13225],[72.79515,19.13227],[72.79514,19.13229],[72.79511,19.1323],[72.79509,19.13231],[72.79507,19.13231],[72.79505,19.1323],[72.79504,19.13229],[72.79502,19.13228],[72.79501,19.13225],[72.79498,19.13244],[72.79495,19.13266],[72.79494,19.13274],[72.79495,19.13274],[72.79496,19.13274],[72.79498,19.13275],[72.795,19.13276],[72.79501,19.13277],[72.79502,19.13279],[72.79502,19.13281],[72.79502,19.13283],[72.79501,19.13285],[72.79499,19.13287],[72.79498,19.13288],[72.79496,19.13288],[72.79494,19.13288],[72.79492,19.13288],[72.79491,19.13287],[72.79489,19.13286],[72.79488,19.13285],[72.79487,19.13283],[72.79485,19.13292],[72.79518,19.13311],[72.79565,19.13339],[72.79635,19.13379],[72.79653,19.13386],[72.8052,19.13883],[72.80537,19.13867],[72.80588,19.13811],[72.80632,19.13761],[72.80644,19.1375],[72.80659,19.13733],[72.80693,19.13698],[72.80723,19.13666],[72.80756,19.13631],[72.80805,19.13583],[72.80816,19.13571],[72.80846,19.1354],[72.8087,19.13516],[72.80887,19.13497],[72.80908,19.13475],[72.8092,19.13462],[72.80925,19.13457],[72.8093,19.13451],[72.80934,19.13447],[72.80972,19.13406],[72.80983,19.13395],[72.81004,19.13371],[72.81014,19.13362],[72.81022,19.13346],[72.8103,19.13329],[72.81042,19.13306],[72.81053,19.13285],[72.81068,19.13271],[72.81082,19.13251],[72.81106,19.13217],[72.81139,19.13169],[72.81175,19.1313],[72.81214,19.13087],[72.81254,19.13043],[72.81266,19.1303],[72.81275,19.1302],[72.81283,19.1301],[72.81299,19.12993],[72.81305,19.12986],[72.81346,19.1293],[72.81354,19.12919],[72.81472,19.127],[72.81674,19.12359],[72.81801,19.12186],[72.81911,19.11992],[72.8206,19.11672],[72.82139,19.11482],[72.82196,19.11308],[72.82234,19.11181],[72.82285,19.10987],[72.82307,19.10898],[72.82332,19.10778],[72.82369,19.10611],[72.82386,19.10505],[72.82402,19.10382],[72.82415,19.1029],[72.82459,19.10134],[72.82535,19.09908],[72.8254,19.09893],[72.82567,19.09819],[72.82577,19.09787],[72.82581,19.09774],[72.82584,19.09763],[72.82585,19.0976],[72.82601,19.09711],[72.82606,19.09697],[72.82617,19.09669],[72.82621,19.09656],[72.82626,19.09643],[72.82627,19.09639],[72.82627,19.09635],[72.82627,19.09629],[72.82629,19.09603],[72.82631,19.09568],[72.82634,19.09528],[72.82635,19.09502],[72.82637,19.09469],[72.82639,19.09428],[72.82641,19.09397],[72.82642,19.09374],[72.82643,19.09352],[72.82644,19.09333],[72.82647,19.09296],[72.82649,19.09277],[72.8265,19.09265],[72.8265,19.09236],[72.82651,19.09208],[72.82651,19.09185],[72.82652,19.09154],[72.82652,19.09145],[72.82652,19.09126],[72.82653,19.09104],[72.82653,19.09083],[72.82654,19.09063],[72.82654,19.09027],[72.82653,19.09022],[72.82646,19.08986],[72.82639,19.08954],[72.82631,19.08915],[72.82624,19.0888],[72.82618,19.08849],[72.82615,19.08838],[72.82602,19.08808],[72.82587,19.08773],[72.82583,19.08764],[72.82582,19.08762],[72.82563,19.08714],[72.82554,19.08696],[72.8254,19.08664],[72.82528,19.0864],[72.82517,19.08617],[72.82512,19.08607],[72.82506,19.08595],[72.82494,19.0857],[72.82481,19.08543],[72.82471,19.08522],[72.82459,19.08498],[72.82449,19.08477],[72.82436,19.08449],[72.82429,19.08436],[72.82425,19.08427],[72.82414,19.08404],[72.82405,19.08391],[72.8239,19.08369],[72.82339,19.08369],[72.82338,19.0835],[72.82335,19.08337],[72.82333,19.08332],[72.82326,19.08323],[72.82311,19.0831],[72.8234,19.08291],[72.82324,19.08267],[72.82309,19.08244],[72.8231,19.08243],[72.82322,19.08228],[72.82348,19.08197],[72.82399,19.08104],[72.82493,19.08048],[72.82539,19.0802],[72.82588,19.0799],[72.82652,19.08027],[72.82679,19.08037],[72.82687,19.0804],[72.82709,19.08054],[72.82715,19.08058],[72.82728,19.08069],[72.82734,19.08075],[72.8275,19.08078],[72.82751,19.08079],[72.82758,19.08086],[72.8276,19.08088],[72.82765,19.08094],[72.82768,19.08096],[72.8278,19.08108],[72.8279,19.08134],[72.82793,19.08141],[72.82809,19.0818],[72.8281,19.08182],[72.82822,19.08213],[72.82826,19.08219],[72.82835,19.08235],[72.82835,19.08236],[72.82852,19.08247],[72.8286,19.08268],[72.82979,19.08371],[72.82984,19.08386],[72.82986,19.08391],[72.82988,19.08393],[72.82993,19.08408],[72.82997,19.0842],[72.83,19.08424],[72.83001,19.08427],[72.8301,19.08449],[72.83021,19.08479],[72.83026,19.08495],[72.83031,19.0851],[72.83035,19.0852],[72.83037,19.08527],[72.83038,19.08527],[72.83041,19.08536],[72.8322,19.08483],[72.83221,19.08486],[72.83248,19.08615],[72.83252,19.08637],[72.83267,19.08638],[72.83269,19.08638],[72.8327,19.08638],[72.8328,19.0864],[72.83297,19.08642],[72.83331,19.08644],[72.83333,19.08644],[72.83378,19.08649],[72.83396,19.0865],[72.83402,19.08656],[72.83403,19.08658],[72.83404,19.08659],[72.83423,19.08652],[72.83431,19.08649],[72.83436,19.08648],[72.83452,19.08649],[72.83486,19.08648],[72.83556,19.08653],[72.83667,19.0866],[72.83787,19.08668],[72.83812,19.08668],[72.83814,19.08723],[72.83815,19.08744],[72.83815,19.08747],[72.83816,19.0877],[72.83817,19.08791],[72.83818,19.0881],[72.83818,19.08815],[72.83818,19.08821],[72.83818,19.08826],[72.83819,19.08838],[72.83819,19.08843],[72.8382,19.08854],[72.83821,19.08871],[72.83821,19.08877],[72.83823,19.08896],[72.83823,19.08909],[72.83824,19.08919],[72.83825,19.08935],[72.83826,19.08948],[72.83827,19.0896],[72.83827,19.08963],[72.83827,19.08964],[72.83827,19.08966],[72.83827,19.08972],[72.83834,19.08972],[72.83839,19.08972],[72.83846,19.08972],[72.83852,19.08973],[72.83858,19.08973],[72.83865,19.08974],[72.83871,19.08975],[72.83877,19.08976],[72.83883,19.08977],[72.83889,19.08977],[72.83895,19.08978],[72.83901,19.08979],[72.83908,19.0898],[72.83914,19.08982],[72.8392,19.08983],[72.83926,19.08984],[72.83932,19.08985],[72.83938,19.08987],[72.83944,19.08988],[72.83954,19.08991],[72.83958,19.08992],[72.84138,19.09053],[72.84149,19.09056],[72.84155,19.09057],[72.84163,19.09057],[72.84175,19.09056],[72.8427,19.09044],[72.84276,19.09043]]]},"properties":{"NAME":"K/W"}},
{"type":"Feature","geometry":{"type":"Polygon","coordinates":[[[72.84213,19.05093],[72.84214,19.05094],[72.84216,19.05095],[72.84224,19.05096],[72.8429,19.051],[72.84322,19.05103],[72.84451,19.05112],[72.84626,19.05125],[72.8473,19.05132],[72.84981,19.05151],[72.85243,19.0517],[72.85418,19.05183],[72.85719,19.05206],[72.85825,19.05214],[72.85841,19.05215],[72.85929,19.05222],[72.86006,19.05228],[72.86118,19.0523],[72.86222,19.05231],[72.86321,19.05233],[72.86356,19.05233],[72.86517,19.05367],[72.86573,19.05413],[72.86606,19.05439],[72.86651,19.05477],[72.8686,19.05648],[72.86878,19.05667],[72.86879,19.05668],[72.86904,19.05693],[72.86907,19.05695],[72.86919,19.05708],[72.86921,19.05709],[72.86937,19.05725],[72.86952,19.0574],[72.86959,19.0575],[72.86968,19.05764],[72.86971,19.05768],[72.86987,19.05798],[72.86991,19.05805],[72.87004,19.05829],[72.87014,19.05847],[72.87015,19.05849],[72.87024,19.05866],[72.87046,19.05905],[72.87065,19.05934],[72.8708,19.05958],[72.87114,19.06022],[72.87115,19.06026],[72.87128,19.06051],[72.87127,19.06076],[72.87128,19.06091],[72.87128,19.06094],[72.87131,19.06117],[72.87132,19.06135],[72.87134,19.06142],[72.87134,19.06143],[72.87136,19.06147],[72.87139,19.06155],[72.87148,19.0617],[72.87177,19.0622],[72.87182,19.06228],[72.87238,19.06304],[72.87248,19.06318],[72.87271,19.06349],[72.87279,19.0636],[72.87293,19.06378],[72.87294,19.06385],[72.87304,19.06402],[72.8732,19.06436],[72.87327,19.06457],[72.8734,19.06493],[72.87345,19.06511],[72.87344,19.06521],[72.87342,19.06534],[72.87342,19.06535],[72.8734,19.06543],[72.87336,19.06556],[72.87336,19.06558],[72.87329,19.06583],[72.87327,19.06592],[72.87325,19.06601],[72.87317,19.06648],[72.87311,19.06772],[72.8731,19.06805],[72.87313,19.06868],[72.87317,19.06927],[72.8732,19.06952],[72.8732,19.06953],[72.87326,19.06976],[72.87332,19.06991],[72.87341,19.07015],[72.87357,19.07055],[72.87361,19.07064],[72.87361,19.07065],[72.87366,19.07079],[72.87368,19.0709],[72.87368,19.07094],[72.87369,19.071],[72.87369,19.07105],[72.87369,19.07117],[72.87369,19.07118],[72.87364,19.07137],[72.87358,19.0715],[72.87352,19.07164],[72.87345,19.07176],[72.87336,19.07189],[72.87334,19.07192],[72.87319,19.0721],[72.87305,19.07225],[72.87291,19.0724],[72.87288,19.07242],[72.87274,19.0725],[72.87256,19.07268],[72.87241,19.07283],[72.87233,19.07296],[72.8722,19.07314],[72.87214,19.07329],[72.87204,19.07352],[72.87192,19.07393],[72.87187,19.07439],[72.87186,19.07454],[72.87186,19.07456],[72.87187,19.07486],[72.87188,19.07487],[72.87187,19.07498],[72.87197,19.07542],[72.87198,19.07548],[72.872,19.07554],[72.87202,19.07565],[72.87206,19.07577],[72.87222,19.07612],[72.87236,19.07629],[72.87256,19.07648],[72.87273,19.07661],[72.87362,19.07689],[72.87369,19.07691],[72.87377,19.07693],[72.87399,19.07704],[72.87409,19.0771],[72.87434,19.07722],[72.87445,19.07727],[72.87466,19.07737],[72.87473,19.0774],[72.87493,19.0775],[72.87518,19.07777],[72.87528,19.07787],[72.87532,19.07808],[72.87551,19.07824],[72.87558,19.07831],[72.87584,19.07875],[72.87586,19.07879],[72.8759,19.07887],[72.87553,19.07902],[72.87491,19.07928],[72.87443,19.07948],[72.87438,19.0795],[72.87419,19.07958],[72.87401,19.07966],[72.87406,19.07972],[72.87409,19.07975],[72.87413,19.07978],[72.87402,19.07983],[72.87379,19.07994],[72.87254,19.08053],[72.87243,19.08058],[72.87234,19.08062],[72.87191,19.08082],[72.87099,19.08123],[72.8707,19.08136],[72.87053,19.08143],[72.87048,19.08146],[72.87045,19.08149],[72.87011,19.0817],[72.87011,19.08171],[72.87012,19.08173],[72.86863,19.08241],[72.86851,19.08246],[72.86832,19.08251],[72.8682,19.08252],[72.86798,19.08249],[72.8675,19.08244],[72.86704,19.08241],[72.86678,19.0824],[72.86657,19.08241],[72.86643,19.08245],[72.86623,19.08259],[72.866,19.08275],[72.86546,19.0832],[72.86527,19.08339],[72.86515,19.08352],[72.86502,19.08359],[72.86492,19.08365],[72.86486,19.08361],[72.86477,19.08357],[72.86468,19.08352],[72.86462,19.08348],[72.86457,19.08343],[72.86458,19.08336],[72.86456,19.08316],[72.86454,19.08298],[72.86449,19.08283],[72.86438,19.08267],[72.86428,19.08253],[72.86419,19.08243],[72.86408,19.0824],[72.86394,19.08233],[72.8639,19.0823],[72.86385,19.08227],[72.86379,19.08226],[72.86369,19.08225],[72.86361,19.08221],[72.86352,19.08212],[72.8634,19.08203],[72.86327,19.08195],[72.86313,19.08188],[72.86294,19.08181],[72.86271,19.08176],[72.86246,19.08171],[72.86231,19.0817],[72.86216,19.08168],[72.86205,19.0817],[72.86194,19.08172],[72.86189,19.08173],[72.86169,19.08176],[72.86153,19.08185],[72.86138,19.08193],[72.86131,19.08199],[72.86128,19.08201],[72.86121,19.08214],[72.8611,19.08225],[72.86102,19.08236],[72.8609,19.0825],[72.86085,19.08258],[72.86082,19.08261],[72.86074,19.08272],[72.86069,19.08279],[72.86065,19.08291],[72.86062,19.08302],[72.86063,19.08307],[72.86062,19.08311],[72.86061,19.08323],[72.86059,19.08345],[72.86057,19.0835],[72.86054,19.08356],[72.8604,19.08375],[72.86025,19.08379],[72.86,19.08385],[72.85989,19.08388],[72.85985,19.08387],[72.8598,19.08387],[72.85976,19.08385],[72.85972,19.08383],[72.85966,19.08377],[72.85961,19.0837],[72.85956,19.08362],[72.85952,19.08354],[72.85948,19.08345],[72.85945,19.08339],[72.85943,19.08335],[72.85941,19.08331],[72.85941,19.0833],[72.8594,19.08328],[72.85939,19.08326],[72.85938,19.08325],[72.85937,19.08323],[72.85937,19.08322],[72.85926,19.08306],[72.85925,19.08301],[72.85922,19.08297],[72.8592,19.08294],[72.85918,19.0829],[72.85913,19.08284],[72.85909,19.08278],[72.85903,19.0827],[72.85899,19.08263],[72.85897,19.08259],[72.85895,19.08256],[72.85892,19.0825],[72.8589,19.08246],[72.85888,19.08242],[72.85886,19.08237],[72.85886,19.08235],[72.85885,19.08234],[72.85883,19.08225],[72.85883,19.08217],[72.85882,19.08213],[72.85882,19.08212],[72.85882,19.08208],[72.85846,19.08204],[72.85846,19.08209],[72.85846,19.08211],[72.85846,19.08217],[72.85847,19.0822],[72.85847,19.08222],[72.8585,19.0823],[72.85851,19.08235],[72.85854,19.08243],[72.85855,19.08247],[72.85856,19.0825],[72.85858,19.08255],[72.85858,19.08256],[72.85859,19.08258],[72.85863,19.08269],[72.85869,19.08279],[72.85874,19.08287],[72.85875,19.08289],[72.8588,19.08296],[72.85885,19.08303],[72.85886,19.08305],[72.85889,19.08309],[72.85893,19.08314],[72.85896,19.08318],[72.85899,19.08322],[72.85901,19.08325],[72.85905,19.08332],[72.85906,19.08337],[72.85908,19.08342],[72.85909,19.08345],[72.85911,19.08348],[72.85911,19.08349],[72.85913,19.08352],[72.85916,19.08358],[72.8592,19.08367],[72.85924,19.08377],[72.85925,19.08379],[72.85928,19.08385],[72.85931,19.08393],[72.85932,19.08397],[72.85932,19.084],[72.85929,19.08409],[72.85928,19.08433],[72.8593,19.08451],[72.85938,19.08477],[72.85944,19.08492],[72.85947,19.08499],[72.85948,19.08509],[72.85948,19.08529],[72.85944,19.08555],[72.85942,19.0857],[72.85943,19.08587],[72.85945,19.08606],[72.85952,19.08625],[72.85964,19.08647],[72.85971,19.08663],[72.85974,19.08676],[72.85976,19.08691],[72.85976,19.08708],[72.85976,19.08714],[72.85975,19.08737],[72.85966,19.08752],[72.85938,19.08767],[72.85926,19.08778],[72.85916,19.08792],[72.85916,19.08813],[72.85918,19.08829],[72.85918,19.08843],[72.85896,19.08836],[72.85889,19.08836],[72.85864,19.08844],[72.85808,19.08864],[72.8577,19.08874],[72.85837,19.08984],[72.85952,19.09169],[72.86014,19.09274],[72.86034,19.09305],[72.86021,19.09312],[72.85987,19.0933],[72.85964,19.09349],[72.85948,19.0936],[72.85934,19.09375],[72.85906,19.0939],[72.85876,19.09405],[72.85849,19.09415],[72.8582,19.09423],[72.858,19.09433],[72.85787,19.09443],[72.85708,19.09356],[72.85671,19.09321],[72.85645,19.09295],[72.85634,19.09286],[72.8562,19.09272],[72.85616,19.09269],[72.85611,19.09266],[72.85606,19.09263],[72.85599,19.0926],[72.85592,19.09257],[72.85582,19.09253],[72.85573,19.09251],[72.85562,19.09249],[72.85549,19.09247],[72.85539,19.09245],[72.8553,19.09243],[72.85521,19.0924],[72.85509,19.09236],[72.85492,19.09228],[72.85478,19.0922],[72.85469,19.09214],[72.85454,19.09203],[72.85439,19.09192],[72.85428,19.09187],[72.85418,19.09182],[72.8541,19.09178],[72.85404,19.09179],[72.85396,19.09178],[72.85386,19.09173],[72.85378,19.09171],[72.8537,19.09172],[72.85356,19.09166],[72.85346,19.09163],[72.85335,19.09162],[72.85323,19.09156],[72.85305,19.0915],[72.85279,19.09151],[72.85269,19.09139],[72.85264,19.09134],[72.85256,19.09127],[72.85249,19.09122],[72.85245,19.0912],[72.8522,19.0912],[72.85195,19.09104],[72.85185,19.09098],[72.85174,19.09091],[72.85153,19.09075],[72.85132,19.0906],[72.85124,19.09054],[72.85114,19.09046],[72.85103,19.09037],[72.85088,19.09023],[72.85079,19.09013],[72.85068,19.09004],[72.85058,19.08997],[72.85042,19.08987],[72.85034,19.08983],[72.85031,19.08979],[72.85028,19.08972],[72.85024,19.08966],[72.85019,19.08963],[72.85013,19.08962],[72.85008,19.08961],[72.85005,19.0896],[72.85003,19.08956],[72.85001,19.0895],[72.84999,19.08944],[72.84995,19.08939],[72.84939,19.08882],[72.84909,19.08914],[72.84902,19.08921],[72.84896,19.08917],[72.84891,19.08914],[72.84887,19.08911],[72.84882,19.08908],[72.84872,19.08903],[72.84863,19.08902],[72.84853,19.08904],[72.84846,19.08908],[72.84841,19.08913],[72.84837,19.0892],[72.8483,19.08928],[72.8482,19.08933],[72.84806,19.08939],[72.8479,19.08942],[72.84767,19.08945],[72.84749,19.08945],[72.84733,19.08945],[72.84717,19.08943],[72.84697,19.08939],[72.8462,19.08922],[72.84619,19.08955],[72.84597,19.08961],[72.84593,19.08971],[72.84588,19.08975],[72.84531,19.08997],[72.84428,19.09047],[72.84427,19.09048],[72.84376,19.09068],[72.84372,19.09064],[72.84367,19.09059],[72.84357,19.09049],[72.84342,19.09038],[72.84337,19.09038],[72.84333,19.09037],[72.84309,19.09039],[72.84281,19.09042],[72.84276,19.09043],[72.84264,19.08936],[72.84256,19.08874],[72.84223,19.08617],[72.84206,19.08476],[72.8418,19.08253],[72.84155,19.08068],[72.84125,19.0785],[72.84114,19.07769],[72.84107,19.0772],[72.84085,19.07548],[72.8407,19.07463],[72.84041,19.07242],[72.84038,19.07214],[72.84035,19.07186],[72.84033,19.07157],[72.84031,19.07129],[72.8403,19.07101],[72.84028,19.07069],[72.84026,19.07037],[72.84023,19.07005],[72.84019,19.06973],[72.83998,19.06814],[72.83948,19.06474],[72.83942,19.06445],[72.83936,19.06417],[72.8393,19.06388],[72.83926,19.06359],[72.83922,19.0633],[72.83918,19.06301],[72.83916,19.06272],[72.83914,19.06243],[72.83913,19.06214],[72.83912,19.06174],[72.83913,19.06135],[72.83914,19.06095],[72.83915,19.06055],[72.83919,19.06024],[72.83922,19.05992],[72.83927,19.05961],[72.83932,19.0593],[72.83938,19.05898],[72.83944,19.05867],[72.83957,19.05817],[72.83962,19.05792],[72.83967,19.05767],[72.83973,19.05742],[72.8398,19.05718],[72.83987,19.05693],[72.83994,19.05669],[72.8407,19.05473],[72.84118,19.05329],[72.84139,19.05273],[72.84184,19.05158],[72.84213,19.05093]]]},"properties":{"NAME":"H/E"}},
{"type":"Feature","geometry":{"type":"Polygon","coordinates":[[[72.90239,19.19939],[72.90215,19.19939],[72.90194,19.19943],[72.90178,19.19949],[72.90168,19.19957],[72.90156,19.19975],[72.90147,19.19993],[72.90141,19.2001],[72.90137,19.20026],[72.90132,19.20049],[72.90127,19.2006],[72.90122,19.20069],[72.90112,19.20082],[72.90108,19.20092],[72.90105,19.20107],[72.90105,19.20114],[72.90106,19.20122],[72.90111,19.2014],[72.9012,19.20166],[72.90122,19.20182],[72.90122,19.20198],[72.90119,19.20212],[72.90104,19.20234],[72.90091,19.20258],[72.9008,19.20276],[72.90073,19.20295],[72.90069,19.20318],[72.90062,19.20349],[72.90054,19.20365],[72.90039,19.20384],[72.90013,19.20407],[72.89984,19.20432],[72.89977,19.20442],[72.89953,19.20477],[72.89944,19.20492],[72.89926,19.20521],[72.89908,19.20556],[72.89889,19.20589],[72.89875,19.2061],[72.8983,19.20671],[72.89806,19.20712],[72.89799,19.20728],[72.89796,19.20746],[72.89791,19.20797],[72.89787,19.20823],[72.89787,19.2085],[72.89787,19.20872],[72.8978,19.20887],[72.89768,19.20898],[72.89756,19.20902],[72.89745,19.20901],[72.89731,19.20893],[72.89707,19.20876],[72.89688,19.20866],[72.89684,19.20864],[72.89668,19.2086],[72.89653,19.20859],[72.89633,19.20862],[72.89606,19.20865],[72.89582,19.20864],[72.8956,19.20857],[72.89529,19.20847],[72.89504,19.20845],[72.8947,19.20846],[72.89432,19.20854],[72.89416,19.20859],[72.89407,19.20868],[72.89401,19.20881],[72.89397,19.20893],[72.89397,19.20911],[72.89403,19.20937],[72.89411,19.20978],[72.89412,19.20983],[72.89421,19.21019],[72.89423,19.21042],[72.8942,19.21058],[72.89413,19.21067],[72.89392,19.21076],[72.89372,19.2108],[72.89344,19.2108],[72.89324,19.21076],[72.89296,19.21064],[72.89263,19.21055],[72.89229,19.21054],[72.89202,19.2106],[72.89156,19.21074],[72.89129,19.2108],[72.89098,19.21077],[72.89075,19.21071],[72.89055,19.21071],[72.89035,19.21077],[72.88995,19.21094],[72.8896,19.21116],[72.88931,19.2115],[72.88904,19.21206],[72.88893,19.21244],[72.8889,19.21283],[72.88888,19.21321],[72.8889,19.21354],[72.88894,19.21377],[72.88902,19.21408],[72.8891,19.21455],[72.88915,19.21493],[72.8892,19.21528],[72.88633,19.21588],[72.88562,19.21612],[72.8854,19.21619],[72.88497,19.21633],[72.88454,19.21648],[72.88394,19.21668],[72.88235,19.21722],[72.88206,19.21732],[72.88114,19.21653],[72.88096,19.21637],[72.88067,19.21613],[72.87956,19.21519],[72.87937,19.21497],[72.8793,19.21489],[72.87914,19.21476],[72.87884,19.21456],[72.87879,19.21452],[72.87849,19.21432],[72.8782,19.21411],[72.87819,19.21411],[72.87772,19.21418],[72.87767,19.21418],[72.87767,19.21425],[72.87765,19.2143],[72.87762,19.21438],[72.87758,19.21445],[72.87683,19.21446],[72.87515,19.21448],[72.87426,19.21449],[72.87265,19.21449],[72.87217,19.21452],[72.87165,19.21454],[72.87045,19.21453],[72.8692,19.21455],[72.86894,19.21453],[72.8689,19.21453],[72.86757,19.21411],[72.86603,19.21372],[72.86455,19.21333],[72.86348,19.21307],[72.86307,19.21315],[72.86213,19.21309],[72.86063,19.213],[72.85891,19.21297],[72.85878,19.21297],[72.85744,19.21289],[72.85684,19.21291],[72.8564,19.21295],[72.85625,19.21299],[72.85574,19.21315],[72.8541,19.21376],[72.85379,19.21386],[72.8536,19.21391],[72.85342,19.21392],[72.85287,19.21388],[72.85243,19.21383],[72.85185,19.21374],[72.85163,19.21363],[72.85149,19.21354],[72.85116,19.21386],[72.85044,19.21341],[72.85007,19.21323],[72.8495,19.21296],[72.8489,19.2127],[72.84824,19.21244],[72.84766,19.2123],[72.84724,19.21224],[72.84668,19.21218],[72.84627,19.21215],[72.84598,19.21215],[72.84545,19.2122],[72.84479,19.21232],[72.84377,19.21259],[72.84307,19.21281],[72.84241,19.21294],[72.8419,19.21312],[72.84115,19.2134],[72.84066,19.21367],[72.83978,19.21419],[72.83826,19.2151],[72.83777,19.21511],[72.83759,19.21512],[72.83738,19.21515],[72.8371,19.21519],[72.83669,19.21525],[72.83639,19.2153],[72.83602,19.21536],[72.83578,19.21538],[72.83324,19.21533],[72.83297,19.21533],[72.83265,19.21533],[72.83226,19.21532],[72.83207,19.21532],[72.83172,19.21532],[72.83111,19.21532],[72.83075,19.21532],[72.83059,19.21532],[72.83015,19.21532],[72.82997,19.21532],[72.82959,19.21532],[72.82899,19.21531],[72.82894,19.21531],[72.82887,19.21531],[72.82852,19.21531],[72.82807,19.21532],[72.82762,19.21534],[72.82746,19.21535],[72.82729,19.21535],[72.82701,19.21536],[72.82666,19.21538],[72.82633,19.2154],[72.82615,19.2154],[72.82596,19.21541],[72.8257,19.21543],[72.82563,19.21543],[72.82527,19.21544],[72.82513,19.21544],[72.82498,19.21545],[72.82458,19.21547],[72.82413,19.21549],[72.82391,19.2155],[72.8234,19.21552],[72.82313,19.21553],[72.8225,19.21556],[72.82225,19.21557],[72.82195,19.21559],[72.82165,19.2156],[72.82134,19.21561],[72.82098,19.21561],[72.82053,19.21558],[72.82008,19.21553],[72.81972,19.21549],[72.81925,19.21545],[72.81861,19.21539],[72.81793,19.21532],[72.81737,19.21525],[72.81688,19.2152],[72.81643,19.21517],[72.81633,19.21516],[72.81593,19.21512],[72.81551,19.21507],[72.81504,19.21503],[72.81459,19.21498],[72.81262,19.21473],[72.81106,19.21461],[72.80361,19.21414],[72.80339,19.2135],[72.80424,19.21305],[72.80554,19.21269],[72.80612,19.21242],[72.80616,19.2124],[72.80621,19.21237],[72.80792,19.21194],[72.80806,19.21176],[72.80821,19.21156],[72.80828,19.21146],[72.80832,19.2114],[72.80836,19.21135],[72.80858,19.21112],[72.8087,19.21098],[72.80883,19.21085],[72.80888,19.2108],[72.80889,19.21079],[72.80891,19.21077],[72.80872,19.21013],[72.80868,19.20998],[72.80867,19.20993],[72.8086,19.20969],[72.80916,19.20895],[72.80939,19.20865],[72.80941,19.20862],[72.80946,19.20856],[72.80947,19.20855],[72.8096,19.20841],[72.81002,19.20871],[72.81019,19.20867],[72.81044,19.2086],[72.81044,19.20852],[72.81043,19.20842],[72.81039,19.20806],[72.81106,19.20826],[72.81107,19.20826],[72.81091,19.20795],[72.81102,19.2076],[72.81107,19.20745],[72.81105,19.2073],[72.81092,19.2065],[72.81141,19.20624],[72.81155,19.20616],[72.81173,19.20606],[72.8118,19.20603],[72.81211,19.2059],[72.81238,19.20578],[72.81265,19.20565],[72.81433,19.2048],[72.81453,19.20475],[72.8147,19.20472],[72.8148,19.20469],[72.81505,19.20464],[72.81599,19.20443],[72.81602,19.20443],[72.81627,19.20441],[72.8163,19.20441],[72.81634,19.20441],[72.81636,19.2044],[72.81643,19.2044],[72.81644,19.2044],[72.81653,19.20439],[72.81663,19.20438],[72.81723,19.20443],[72.81728,19.20444],[72.81729,19.20444],[72.81734,19.20444],[72.81813,19.2045],[72.81834,19.20452],[72.81836,19.20453],[72.81837,19.20453],[72.81842,19.20454],[72.81854,19.20455],[72.81861,19.20455],[72.81863,19.20455],[72.81869,19.20456],[72.81881,19.20457],[72.81887,19.20458],[72.81894,19.20458],[72.81902,19.20459],[72.81905,19.2046],[72.81908,19.2046],[72.81911,19.2046],[72.81912,19.2046],[72.81988,19.20468],[72.82011,19.2047],[72.82021,19.20472],[72.82023,19.20472],[72.82024,19.20472],[72.8204,19.20473],[72.82053,19.20474],[72.82073,19.20476],[72.82075,19.20476],[72.82092,19.20478],[72.82125,19.20481],[72.82142,19.20483],[72.82159,19.20484],[72.8216,19.20484],[72.82183,19.20487],[72.82213,19.2049],[72.82284,19.20499],[72.82289,19.20484],[72.82291,19.20478],[72.82301,19.20453],[72.82302,19.20451],[72.82382,19.20397],[72.82406,19.20381],[72.82459,19.20345],[72.82519,19.20306],[72.82538,19.20293],[72.82598,19.20253],[72.82618,19.20241],[72.82673,19.20205],[72.8274,19.20161],[72.82743,19.20159],[72.82786,19.20104],[72.82788,19.20101],[72.82796,19.2009],[72.82787,19.20081],[72.82784,19.20078],[72.82778,19.20072],[72.82776,19.2007],[72.82777,19.20068],[72.82779,19.20067],[72.82784,19.2006],[72.82785,19.2006],[72.82797,19.20048],[72.82799,19.20045],[72.828,19.20044],[72.82801,19.20043],[72.82802,19.20043],[72.82816,19.20028],[72.82822,19.20022],[72.8283,19.20013],[72.82835,19.20007],[72.82838,19.20005],[72.82839,19.20003],[72.82843,19.19995],[72.82846,19.19989],[72.82847,19.19986],[72.82847,19.19985],[72.82852,19.19976],[72.82852,19.19974],[72.82853,19.19974],[72.82855,19.19968],[72.82858,19.19962],[72.82867,19.19955],[72.82869,19.19954],[72.82889,19.1994],[72.829,19.19932],[72.82902,19.19932],[72.82904,19.19931],[72.82935,19.19926],[72.82939,19.19925],[72.82939,19.19924],[72.82941,19.19914],[72.82941,19.19911],[72.82942,19.19911],[72.82944,19.19895],[72.82926,19.19829],[72.82923,19.19816],[72.82922,19.19811],[72.82911,19.1977],[72.82937,19.19747],[72.82978,19.1971],[72.83017,19.19672],[72.83065,19.19627],[72.83078,19.19659],[72.83099,19.19694],[72.83106,19.19704],[72.83114,19.19718],[72.83114,19.19719],[72.83118,19.19725],[72.83141,19.19759],[72.83143,19.19762],[72.83162,19.1979],[72.83172,19.19803],[72.8318,19.19814],[72.83186,19.19822],[72.83181,19.19837],[72.83176,19.1986],[72.83169,19.19891],[72.83169,19.19893],[72.83178,19.19905],[72.83181,19.19908],[72.83189,19.19919],[72.8319,19.19919],[72.83194,19.19925],[72.83196,19.19928],[72.83202,19.19936],[72.83215,19.19941],[72.83229,19.19946],[72.83244,19.19952],[72.83252,19.19955],[72.83271,19.19962],[72.83276,19.19963],[72.83282,19.19965],[72.83283,19.19966],[72.83284,19.19966],[72.83286,19.19967],[72.83292,19.19969],[72.83296,19.1997],[72.833,19.19972],[72.83308,19.19975],[72.83312,19.19976],[72.83313,19.19976],[72.83315,19.19977],[72.83326,19.19981],[72.83327,19.19981],[72.83333,19.19983],[72.83336,19.19984],[72.83342,19.19986],[72.8335,19.19989],[72.83353,19.1999],[72.83354,19.1999],[72.83374,19.2],[72.83376,19.20001],[72.83384,19.20004],[72.8339,19.20007],[72.83395,19.20009],[72.83405,19.20013],[72.83409,19.20014],[72.83421,19.20019],[72.8343,19.20022],[72.83437,19.20025],[72.8344,19.20026],[72.83465,19.20035],[72.83469,19.20037],[72.8347,19.20037],[72.83471,19.20037],[72.83509,19.20055],[72.83523,19.20065],[72.8354,19.20077],[72.8356,19.20091],[72.8357,19.20093],[72.83593,19.201],[72.83608,19.20095],[72.83609,19.20094],[72.83636,19.20079],[72.83648,19.20077],[72.83652,19.20076],[72.83669,19.20073],[72.83677,19.20072],[72.83678,19.20071],[72.83682,19.20071],[72.83685,19.2007],[72.83693,19.20069],[72.83696,19.20068],[72.83699,19.20068],[72.83699,19.20067],[72.83702,19.20067],[72.83731,19.20066],[72.83739,19.20066],[72.83746,19.20065],[72.83761,19.20064],[72.83773,19.20066],[72.83791,19.20068],[72.83798,19.20068],[72.83803,19.20067],[72.83809,19.20066],[72.8382,19.20059],[72.83845,19.20053],[72.83867,19.20051],[72.83871,19.2005],[72.83874,19.2005],[72.83886,19.2005],[72.83899,19.20049],[72.839,19.20049],[72.83904,19.20048],[72.83905,19.20047],[72.83912,19.20045],[72.83914,19.20045],[72.83917,19.20044],[72.83919,19.20043],[72.83925,19.20041],[72.83927,19.20041],[72.83936,19.20039],[72.83937,19.20039],[72.83939,19.20039],[72.83952,19.20041],[72.83976,19.20043],[72.83987,19.20037],[72.83989,19.20037],[72.83991,19.20035],[72.83993,19.20035],[72.84002,19.20032],[72.84004,19.20031],[72.84012,19.20028],[72.84013,19.20028],[72.84043,19.20021],[72.84045,19.20021],[72.8405,19.20021],[72.84056,19.20021],[72.8406,19.20019],[72.84069,19.20014],[72.84071,19.20013],[72.84073,19.20012],[72.84081,19.20006],[72.84089,19.2],[72.8409,19.19999],[72.84091,19.19999],[72.84096,19.19996],[72.84099,19.19994],[72.84101,19.19993],[72.84117,19.19981],[72.84127,19.1997],[72.84162,19.19965],[72.84174,19.19963],[72.84191,19.19961],[72.84216,19.19955],[72.84241,19.19947],[72.84259,19.19939],[72.84289,19.19901],[72.84299,19.19888],[72.84311,19.19872],[72.84317,19.19864],[72.84326,19.19846],[72.84333,19.19833],[72.84335,19.19829],[72.84337,19.19825],[72.84338,19.19822],[72.84345,19.19808],[72.84348,19.19802],[72.84349,19.19793],[72.84352,19.19782],[72.84359,19.1977],[72.84363,19.19767],[72.84375,19.19755],[72.84375,19.19754],[72.84389,19.19732],[72.84393,19.19727],[72.84413,19.19702],[72.84415,19.19699],[72.8443,19.19672],[72.84432,19.1967],[72.84442,19.19653],[72.84442,19.19652],[72.8445,19.1964],[72.84451,19.19638],[72.84475,19.1964],[72.8451,19.19644],[72.84512,19.19631],[72.84515,19.1961],[72.84518,19.19584],[72.84522,19.19551],[72.84524,19.19538],[72.84541,19.1954],[72.84575,19.19543],[72.846,19.19545],[72.84627,19.19548],[72.84643,19.19549],[72.84659,19.19549],[72.84673,19.19546],[72.84695,19.19541],[72.84708,19.19537],[72.84719,19.19535],[72.84716,19.19498],[72.84721,19.19498],[72.84731,19.19496],[72.84753,19.19492],[72.84787,19.19489],[72.84805,19.19489],[72.84832,19.19491],[72.84883,19.19491],[72.84908,19.1949],[72.84946,19.19488],[72.84952,19.19491],[72.84994,19.19488],[72.85026,19.19485],[72.8505,19.19483],[72.85054,19.19483],[72.85055,19.19482],[72.85056,19.19487],[72.85059,19.195],[72.85059,19.19502],[72.85063,19.19517],[72.85066,19.19532],[72.85068,19.19541],[72.85071,19.1956],[72.85074,19.19601],[72.85077,19.19639],[72.85082,19.19696],[72.85086,19.19739],[72.85091,19.19769],[72.85094,19.19788],[72.85094,19.1979],[72.85097,19.19809],[72.851,19.19823],[72.85102,19.19834],[72.85107,19.19855],[72.85112,19.19878],[72.85116,19.19893],[72.85127,19.19893],[72.85134,19.19893],[72.85139,19.19892],[72.8514,19.19892],[72.85145,19.19892],[72.85147,19.19892],[72.85152,19.19884],[72.85153,19.19884],[72.85156,19.1988],[72.85159,19.1988],[72.85163,19.1988],[72.85212,19.19882],[72.85247,19.19884],[72.85249,19.19884],[72.85266,19.19885],[72.85281,19.19886],[72.85291,19.19886],[72.85293,19.19886],[72.85306,19.19887],[72.85344,19.19889],[72.85353,19.19889],[72.85366,19.1989],[72.85367,19.1989],[72.85368,19.1989],[72.85368,19.19889],[72.8537,19.19886],[72.85371,19.19882],[72.85371,19.19881],[72.85373,19.19866],[72.85374,19.19858],[72.8538,19.19813],[72.85381,19.19812],[72.85385,19.1978],[72.85386,19.1977],[72.85395,19.19699],[72.85395,19.19698],[72.85394,19.19695],[72.854,19.19648],[72.85401,19.1964],[72.85411,19.19589],[72.85405,19.19584],[72.85388,19.19576],[72.85385,19.19574],[72.85371,19.19574],[72.8536,19.19574],[72.85361,19.19546],[72.85361,19.19521],[72.85362,19.19504],[72.85362,19.19502],[72.85362,19.19487],[72.85363,19.19476],[72.85364,19.1942],[72.85365,19.19391],[72.85368,19.19389],[72.85372,19.19388],[72.85373,19.19387],[72.85386,19.19385],[72.85412,19.1938],[72.8542,19.19378],[72.85426,19.19377],[72.85427,19.19377],[72.85433,19.19376],[72.85457,19.19372],[72.85478,19.19369],[72.8551,19.1937],[72.85524,19.19377],[72.85526,19.19378],[72.85528,19.19379],[72.85541,19.19387],[72.85544,19.19388],[72.85549,19.19392],[72.85553,19.19394],[72.85554,19.19394],[72.85556,19.19395],[72.85566,19.19397],[72.85575,19.19401],[72.85578,19.19403],[72.85601,19.19417],[72.85601,19.19418],[72.85605,19.1942],[72.8563,19.19434],[72.85643,19.19435],[72.85664,19.19435],[72.85673,19.19436],[72.85674,19.19437],[72.85682,19.19438],[72.85717,19.19443],[72.85725,19.19443],[72.85737,19.19444],[72.85739,19.19444],[72.85744,19.19444],[72.85762,19.1945],[72.85786,19.19457],[72.85817,19.19465],[72.85819,19.19463],[72.85823,19.19462],[72.85831,19.19458],[72.85834,19.19457],[72.85834,19.19456],[72.85851,19.1945],[72.85871,19.19453],[72.85884,19.19456],[72.85887,19.19457],[72.85889,19.19457],[72.85903,19.19461],[72.85905,19.19462],[72.85906,19.19462],[72.85908,19.19463],[72.85909,19.19464],[72.85911,19.19464],[72.85919,19.19466],[72.85923,19.19467],[72.85926,19.19468],[72.85927,19.19468],[72.85929,19.19469],[72.85931,19.1947],[72.85933,19.19471],[72.85934,19.19471],[72.85935,19.19472],[72.85939,19.19472],[72.8594,19.19471],[72.85945,19.19468],[72.85946,19.19467],[72.85947,19.19466],[72.85949,19.19465],[72.8595,19.19464],[72.85951,19.19463],[72.85953,19.19462],[72.85954,19.19461],[72.85961,19.19463],[72.85962,19.19463],[72.85975,19.19466],[72.85992,19.1947],[72.86007,19.19472],[72.86035,19.19468],[72.86019,19.19434],[72.86006,19.194],[72.86001,19.1939],[72.85981,19.19351],[72.8598,19.19349],[72.85982,19.19341],[72.85984,19.19337],[72.85997,19.19316],[72.86001,19.19312],[72.86008,19.19304],[72.86012,19.19301],[72.86013,19.19299],[72.86022,19.19288],[72.86026,19.19283],[72.86029,19.19281],[72.86033,19.19277],[72.86037,19.19272],[72.86047,19.1926],[72.86057,19.1925],[72.8606,19.19246],[72.86065,19.1924],[72.8607,19.19234],[72.86071,19.19232],[72.86072,19.19232],[72.86073,19.19231],[72.8608,19.19223],[72.8609,19.19212],[72.86099,19.19201],[72.86105,19.19195],[72.86106,19.19194],[72.86109,19.1919],[72.86113,19.19185],[72.86122,19.19176],[72.86128,19.19169],[72.86131,19.19168],[72.86146,19.19158],[72.86147,19.19157],[72.86153,19.19156],[72.86162,19.19153],[72.86172,19.19151],[72.86186,19.19147],[72.86209,19.19141],[72.86212,19.19141],[72.86219,19.19141],[72.86231,19.19137],[72.86251,19.19131],[72.86262,19.1913],[72.86267,19.19129],[72.86272,19.19128],[72.86275,19.19128],[72.86279,19.19127],[72.86282,19.19126],[72.86289,19.19124],[72.86296,19.19123],[72.86306,19.1912],[72.86321,19.19116],[72.86325,19.19115],[72.86327,19.19115],[72.86329,19.19114],[72.86331,19.19114],[72.86332,19.19114],[72.86337,19.19112],[72.86343,19.19111],[72.86345,19.19111],[72.86348,19.1911],[72.86355,19.19109],[72.86366,19.19106],[72.86371,19.19105],[72.86375,19.19105],[72.86377,19.19104],[72.86378,19.19104],[72.86384,19.19103],[72.86404,19.19098],[72.86408,19.19104],[72.8641,19.19106],[72.86411,19.19108],[72.86413,19.1911],[72.86414,19.1911],[72.86419,19.1911],[72.86427,19.1911],[72.86427,19.19118],[72.86426,19.19126],[72.86426,19.19134],[72.86425,19.19142],[72.86426,19.19143],[72.86429,19.19153],[72.8643,19.19155],[72.86432,19.1916],[72.86432,19.19162],[72.86433,19.19164],[72.86434,19.1917],[72.86434,19.19171],[72.86434,19.19172],[72.86435,19.19179],[72.86435,19.19184],[72.86435,19.19186],[72.86436,19.19195],[72.86443,19.19203],[72.86445,19.19205],[72.86446,19.19205],[72.86449,19.1921],[72.86453,19.19214],[72.86454,19.19215],[72.86456,19.19217],[72.86457,19.19222],[72.86457,19.19225],[72.86458,19.19227],[72.86459,19.19235],[72.86459,19.1924],[72.86461,19.19251],[72.86464,19.19274],[72.86474,19.19329],[72.86476,19.19343],[72.86489,19.19342],[72.86499,19.19342],[72.8651,19.19342],[72.86512,19.19342],[72.86515,19.19342],[72.86524,19.19342],[72.86526,19.19342],[72.86528,19.19342],[72.86529,19.19343],[72.8653,19.19343],[72.86531,19.19343],[72.86533,19.19343],[72.86567,19.19343],[72.86584,19.19345],[72.86585,19.19345],[72.86602,19.19347],[72.8661,19.19348],[72.86613,19.19349],[72.86634,19.19349],[72.86641,19.1935],[72.8667,19.19352],[72.86673,19.19352],[72.86683,19.19353],[72.86696,19.19353],[72.867,19.19355],[72.86721,19.19361],[72.86742,19.19367],[72.86743,19.19367],[72.86745,19.19368],[72.86757,19.1937],[72.86761,19.19371],[72.86767,19.19372],[72.86768,19.19372],[72.86769,19.19372],[72.86771,19.19372],[72.86784,19.19371],[72.86807,19.19371],[72.86809,19.19371],[72.86812,19.19376],[72.86809,19.1938],[72.86805,19.19384],[72.86804,19.19393],[72.86804,19.19394],[72.86805,19.19394],[72.8681,19.19393],[72.86815,19.19392],[72.86819,19.19392],[72.86829,19.19391],[72.86835,19.1939],[72.86842,19.19389],[72.86843,19.19389],[72.86869,19.19383],[72.86876,19.19381],[72.86881,19.1938],[72.8689,19.19378],[72.86891,19.19378],[72.86921,19.19378],[72.86923,19.19378],[72.86926,19.19377],[72.86934,19.19376],[72.86942,19.19374],[72.86953,19.19371],[72.86954,19.19371],[72.86958,19.1937],[72.86965,19.19371],[72.86971,19.19371],[72.87007,19.19375],[72.8703,19.19383],[72.87049,19.19383],[72.8705,19.19383],[72.87053,19.19383],[72.87073,19.19383],[72.8708,19.19383],[72.87085,19.19383],[72.87096,19.19384],[72.87099,19.19384],[72.871,19.19384],[72.87101,19.19384],[72.87107,19.19384],[72.87126,19.19385],[72.87132,19.19385],[72.87134,19.19385],[72.87154,19.19387],[72.87185,19.19386],[72.87199,19.19386],[72.87218,19.19386],[72.8722,19.19386],[72.87225,19.19386],[72.87236,19.19387],[72.87239,19.19388],[72.8724,19.19388],[72.87247,19.19391],[72.87248,19.19391],[72.87252,19.19393],[72.87253,19.19393],[72.87259,19.19394],[72.87265,19.19393],[72.87266,19.19393],[72.8727,19.19393],[72.87272,19.19393],[72.87278,19.19393],[72.87279,19.19394],[72.87281,19.19396],[72.87286,19.19398],[72.87289,19.19399],[72.87291,19.19399],[72.87295,19.194],[72.87299,19.19401],[72.87309,19.194],[72.8731,19.194],[72.87315,19.19399],[72.87318,19.19399],[72.87322,19.19398],[72.87324,19.19397],[72.87336,19.19397],[72.87342,19.19396],[72.87346,19.19396],[72.8736,19.19395],[72.87371,19.19394],[72.87374,19.19394],[72.87375,19.19394],[72.87379,19.19394],[72.87384,19.19394],[72.87386,19.19394],[72.87387,19.19394],[72.87399,19.19396],[72.87402,19.19396],[72.87405,19.19396],[72.87415,19.19395],[72.87418,19.19394],[72.87422,19.19393],[72.87427,19.19393],[72.87428,19.19392],[72.87429,19.19392],[72.8743,19.19392],[72.87431,19.19389],[72.87435,19.19385],[72.87443,19.19373],[72.87454,19.19355],[72.87457,19.19352],[72.87459,19.19348],[72.87461,19.19348],[72.87468,19.19345],[72.87476,19.19343],[72.87477,19.19343],[72.87486,19.1934],[72.8749,19.19339],[72.87493,19.19338],[72.87496,19.19337],[72.87506,19.19333],[72.8751,19.19332],[72.87516,19.19331],[72.87527,19.19327],[72.87528,19.19327],[72.87543,19.19322],[72.87545,19.19321],[72.87572,19.19313],[72.87576,19.19312],[72.87583,19.1931],[72.87591,19.19308],[72.87602,19.19304],[72.87606,19.19303],[72.87611,19.19302],[72.8762,19.193],[72.87629,19.19298],[72.87638,19.19296],[72.87652,19.19293],[72.87654,19.19292],[72.87656,19.19292],[72.8767,19.19286],[72.87671,19.19286],[72.87672,19.19286],[72.8768,19.19285],[72.87697,19.19284],[72.87742,19.19281],[72.87842,19.19292],[72.87846,19.19293],[72.87884,19.19297],[72.88073,19.19273],[72.88275,19.19246],[72.88279,19.19246],[72.88475,19.19246],[72.88558,19.19247],[72.88565,19.19247],[72.88586,19.19247],[72.88704,19.19248],[72.88708,19.19248],[72.88711,19.19247],[72.88714,19.19246],[72.88726,19.19242],[72.88758,19.19232],[72.88767,19.19229],[72.88773,19.19227],[72.88782,19.19224],[72.88784,19.19223],[72.89108,19.19119],[72.89201,19.19111],[72.89244,19.19107],[72.89404,19.19068],[72.89417,19.19066],[72.8943,19.19065],[72.8945,19.19063],[72.89567,19.19054],[72.89568,19.19054],[72.89611,19.1902],[72.89618,19.19014],[72.89704,19.18947],[72.89705,19.18946],[72.89734,19.18925],[72.89737,19.18923],[72.89737,19.18922],[72.89739,19.1892],[72.90019,19.1851],[72.90018,19.1857],[72.90015,19.18933],[72.90015,19.18936],[72.90016,19.18938],[72.90016,19.18954],[72.90017,19.18962],[72.90019,19.18976],[72.90019,19.18985],[72.90019,19.19],[72.9002,19.19015],[72.90021,19.19015],[72.90022,19.19015],[72.90022,19.19022],[72.90023,19.19028],[72.90023,19.19033],[72.90023,19.19038],[72.90024,19.19044],[72.90025,19.19049],[72.90025,19.19062],[72.90026,19.1907],[72.90026,19.19082],[72.9003,19.19113],[72.90032,19.19136],[72.90032,19.19154],[72.90034,19.19162],[72.90034,19.19163],[72.90037,19.19173],[72.90039,19.1918],[72.9004,19.19184],[72.90042,19.19192],[72.90044,19.19204],[72.90044,19.19208],[72.90046,19.19215],[72.90049,19.19227],[72.90054,19.19247],[72.90059,19.19267],[72.90061,19.19278],[72.90064,19.1929],[72.90068,19.193],[72.90068,19.19302],[72.9007,19.1931],[72.90091,19.19403],[72.90094,19.19416],[72.90115,19.19506],[72.90126,19.1955],[72.90133,19.1958],[72.90147,19.19637],[72.90214,19.19704],[72.90236,19.19725],[72.90236,19.19785],[72.90237,19.19846],[72.90238,19.19881],[72.90238,19.19889],[72.90239,19.19919],[72.90239,19.19924],[72.90239,19.1993],[72.90239,19.19939]]]},"properties":{"NAME":"R/S"}},
{"type":"Feature","geometry":{"type":"Polygon","coordinates":[[[72.90239,19.1993],[72.90239,19.19924],[72.90239,19.19919],[72.90238,19.19881],[72.90237,19.19846],[72.90236,19.19785],[72.90236,19.19725],[72.90214,19.19704],[72.90147,19.19637],[72.90133,19.1958],[72.90126,19.1955],[72.90115,19.19506],[72.90094,19.19416],[72.90091,19.19403],[72.9007,19.1931],[72.90068,19.19302],[72.90068,19.193],[72.90064,19.1929],[72.90061,19.19278],[72.90059,19.19267],[72.90054,19.19247],[72.90049,19.19227],[72.90046,19.19215],[72.90044,19.19208],[72.90044,19.19204],[72.90042,19.19192],[72.9004,19.19184],[72.90039,19.1918],[72.90037,19.19173],[72.90034,19.19163],[72.90034,19.19162],[72.90032,19.19154],[72.90032,19.19136],[72.9003,19.19113],[72.90026,19.19082],[72.90026,19.1907],[72.90025,19.19062],[72.90025,19.19049],[72.90024,19.19044],[72.90023,19.19038],[72.90023,19.19033],[72.90023,19.19028],[72.90022,19.19022],[72.90022,19.19015],[72.90021,19.19015],[72.9002,19.19015],[72.90019,19.19],[72.90019,19.18985],[72.90019,19.18976],[72.90017,19.18962],[72.90016,19.18954],[72.90016,19.18938],[72.90015,19.18936],[72.90015,19.18933],[72.90018,19.1857],[72.90019,19.1851],[72.89999,19.18326],[72.90001,19.18252],[72.90002,19.1813],[72.90006,19.1811],[72.90027,19.17993],[72.90025,19.17984],[72.89993,19.1785],[72.89978,19.17785],[72.89968,19.17748],[72.89959,19.17711],[72.89957,19.17705],[72.89949,19.17671],[72.89933,19.17609],[72.89889,19.17562],[72.89852,19.17522],[72.89839,19.17507],[72.89708,19.17363],[72.89705,19.1736],[72.89627,19.17206],[72.89502,19.1696],[72.89474,19.16902],[72.89362,19.16667],[72.89248,19.16429],[72.89238,19.1641],[72.89232,19.16397],[72.89234,19.16388],[72.89238,19.16369],[72.89243,19.16343],[72.89248,19.16318],[72.89244,19.16304],[72.89235,19.16272],[72.89234,19.16267],[72.8923,19.1625],[72.89213,19.1619],[72.89197,19.1614],[72.89186,19.16111],[72.89184,19.16106],[72.89155,19.16027],[72.89103,19.16026],[72.89047,19.15989],[72.89047,19.15939],[72.89045,19.15847],[72.89046,19.15826],[72.89046,19.15786],[72.89046,19.15763],[72.89032,19.15753],[72.8901,19.15736],[72.88996,19.15726],[72.88941,19.15685],[72.88982,19.15666],[72.89016,19.15651],[72.89017,19.15651],[72.89035,19.15633],[72.89079,19.1559],[72.89112,19.15559],[72.89194,19.15481],[72.89198,19.15477],[72.89267,19.15412],[72.89346,19.15373],[72.8935,19.15371],[72.89352,19.15357],[72.89359,19.15316],[72.89338,19.1528],[72.8933,19.15266],[72.89317,19.15246],[72.89311,19.15233],[72.89306,19.15172],[72.89298,19.15068],[72.89317,19.15035],[72.89342,19.14993],[72.89363,19.14958],[72.89369,19.14948],[72.89416,19.14869],[72.89433,19.1484],[72.89437,19.14833],[72.89499,19.1473],[72.89502,19.14683],[72.89503,19.14679],[72.89506,19.14671],[72.89513,19.1465],[72.89515,19.14596],[72.89516,19.14582],[72.89516,19.14576],[72.89517,19.14576],[72.8952,19.14555],[72.89525,19.14541],[72.89531,19.14527],[72.89534,19.14521],[72.89528,19.1449],[72.89501,19.14434],[72.89491,19.14417],[72.89474,19.14382],[72.89442,19.14316],[72.89422,19.14276],[72.89414,19.142],[72.89442,19.14209],[72.89449,19.14261],[72.89463,19.14261],[72.89519,19.14262],[72.8954,19.14263],[72.8955,19.14258],[72.89564,19.14246],[72.8957,19.14239],[72.89588,19.14222],[72.89601,19.14209],[72.89609,19.14203],[72.89622,19.14196],[72.89637,19.14189],[72.89664,19.14177],[72.89679,19.14169],[72.89698,19.14162],[72.89724,19.14152],[72.89863,19.14104],[72.89865,19.14104],[72.89893,19.14095],[72.89897,19.14092],[72.89901,19.14089],[72.89903,19.14088],[72.89905,19.14085],[72.89906,19.14084],[72.89912,19.14076],[72.89913,19.14074],[72.89914,19.14072],[72.89916,19.14069],[72.8992,19.14061],[72.89926,19.14052],[72.89929,19.14047],[72.89932,19.1404],[72.89947,19.14016],[72.89956,19.13989],[72.89978,19.13935],[72.9002,19.13981],[72.90063,19.13971],[72.90086,19.14008],[72.90105,19.14042],[72.90118,19.14064],[72.9016,19.14041],[72.90178,19.14047],[72.90194,19.14052],[72.90196,19.14054],[72.90258,19.14094],[72.90305,19.14125],[72.90346,19.14151],[72.90354,19.14157],[72.90412,19.14195],[72.90425,19.14193],[72.90441,19.14193],[72.90456,19.14194],[72.9046,19.14194],[72.9047,19.14194],[72.90477,19.14175],[72.90481,19.14112],[72.90481,19.14098],[72.90481,19.14097],[72.90481,19.14095],[72.90478,19.14057],[72.90478,19.14035],[72.90496,19.14025],[72.90526,19.14011],[72.90533,19.14007],[72.90554,19.13997],[72.90596,19.13976],[72.90616,19.13968],[72.9062,19.13973],[72.90644,19.13995],[72.90645,19.14005],[72.90654,19.14018],[72.90663,19.1403],[72.90696,19.14026],[72.90708,19.14005],[72.90736,19.13933],[72.90739,19.13933],[72.90722,19.13887],[72.90789,19.13874],[72.91031,19.13968],[72.91022,19.13976],[72.91005,19.14004],[72.91014,19.14012],[72.91033,19.14026],[72.91073,19.14059],[72.91135,19.1404],[72.91169,19.14029],[72.91183,19.14024],[72.91222,19.14034],[72.91239,19.14037],[72.91272,19.14045],[72.91277,19.14064],[72.91281,19.14087],[72.91288,19.14117],[72.91309,19.1412],[72.91354,19.14127],[72.91392,19.14179],[72.91428,19.14175],[72.91437,19.14174],[72.91454,19.14171],[72.91515,19.14163],[72.91525,19.1416],[72.91529,19.14159],[72.91555,19.14152],[72.91559,19.14151],[72.91562,19.1415],[72.91592,19.14141],[72.91626,19.14131],[72.91681,19.14133],[72.91712,19.14134],[72.91768,19.14141],[72.91772,19.14141],[72.91813,19.1414],[72.91845,19.14087],[72.91887,19.14151],[72.91919,19.14195],[72.91964,19.1426],[72.92067,19.14406],[72.92086,19.14407],[72.92164,19.14461],[72.92216,19.14531],[72.92238,19.14553],[72.92261,19.14575],[72.92276,19.14603],[72.92297,19.1463],[72.92311,19.14673],[72.92316,19.14688],[72.92325,19.14705],[72.92334,19.14734],[72.9234,19.14759],[72.92344,19.14773],[72.92355,19.14815],[72.92361,19.14833],[72.92368,19.14868],[72.92371,19.14875],[72.92381,19.14905],[72.92383,19.14915],[72.92393,19.14934],[72.92405,19.14953],[72.92403,19.14994],[72.92403,19.14999],[72.92403,19.15049],[72.92404,19.15071],[72.92405,19.15085],[72.92409,19.15093],[72.92413,19.15099],[72.92416,19.15106],[72.92426,19.15125],[72.92452,19.15163],[72.92478,19.15204],[72.92511,19.15202],[72.92543,19.15268],[72.92549,19.15276],[72.92576,19.15294],[72.92582,19.15298],[72.92602,19.15311],[72.92622,19.15314],[72.92659,19.15307],[72.92668,19.15307],[72.92672,19.15306],[72.92695,19.15334],[72.92724,19.15366],[72.92734,19.15378],[72.92744,19.15392],[72.92746,19.15414],[72.92743,19.15445],[72.9274,19.15461],[72.92736,19.15484],[72.92735,19.15491],[72.92731,19.15503],[72.92728,19.15513],[72.92727,19.15516],[72.92723,19.15528],[72.92719,19.15539],[72.9272,19.15546],[72.92721,19.15546],[72.92724,19.1555],[72.92729,19.15555],[72.92737,19.15563],[72.92744,19.15569],[72.9275,19.15575],[72.92756,19.1558],[72.92765,19.15588],[72.92778,19.156],[72.92793,19.15614],[72.92803,19.15624],[72.92806,19.15631],[72.92809,19.1564],[72.92814,19.15651],[72.92818,19.15663],[72.92819,19.1567],[72.92819,19.15676],[72.92823,19.15682],[72.9283,19.15695],[72.92835,19.15704],[72.92841,19.15712],[72.92846,19.15718],[72.92848,19.15721],[72.92856,19.15734],[72.92862,19.15743],[72.92866,19.1577],[72.92869,19.15787],[72.92864,19.15808],[72.92861,19.15816],[72.92859,19.15828],[72.92856,19.15851],[72.92855,19.15854],[72.92853,19.15865],[72.9285,19.15878],[72.92849,19.15883],[72.92849,19.15926],[72.9285,19.1594],[72.92851,19.15947],[72.92852,19.15951],[72.92853,19.15958],[72.92855,19.15974],[72.92859,19.15994],[72.92861,19.16007],[72.92863,19.1602],[72.92863,19.16021],[72.9286,19.16048],[72.92864,19.16069],[72.92866,19.16083],[72.92868,19.16094],[72.9287,19.16104],[72.92875,19.16135],[72.92886,19.16207],[72.92888,19.16221],[72.92898,19.16283],[72.92874,19.16312],[72.92867,19.1632],[72.92866,19.16321],[72.92866,19.16322],[72.92866,19.16323],[72.92866,19.16325],[72.92866,19.16326],[72.92873,19.16355],[72.9288,19.16381],[72.92882,19.16386],[72.92883,19.16389],[72.92884,19.16397],[72.92888,19.16421],[72.92888,19.16443],[72.92886,19.16473],[72.92886,19.16483],[72.92876,19.16508],[72.92871,19.16518],[72.92869,19.16522],[72.92865,19.16533],[72.92873,19.16531],[72.92902,19.16527],[72.92888,19.16547],[72.92883,19.16556],[72.92877,19.16599],[72.92877,19.166],[72.92876,19.16608],[72.92876,19.16616],[72.92873,19.16632],[72.92873,19.16635],[72.92873,19.16636],[72.92873,19.16637],[72.92872,19.16641],[72.92871,19.16646],[72.9287,19.16652],[72.92949,19.16655],[72.92954,19.16656],[72.92957,19.16657],[72.9296,19.16658],[72.92963,19.1666],[72.92982,19.16674],[72.92996,19.16683],[72.93005,19.16688],[72.93009,19.1669],[72.9303,19.16699],[72.93063,19.16711],[72.93098,19.16722],[72.93118,19.16721],[72.93123,19.16721],[72.93129,19.1672],[72.93134,19.16719],[72.93142,19.16717],[72.9315,19.16715],[72.93159,19.16712],[72.93163,19.1671],[72.932,19.16689],[72.93294,19.16625],[72.93352,19.16586],[72.934,19.16556],[72.93438,19.16536],[72.93531,19.16487],[72.93632,19.1643],[72.93698,19.16394],[72.93706,19.16391],[72.93714,19.16388],[72.93723,19.16386],[72.93731,19.16384],[72.9374,19.16383],[72.93748,19.16382],[72.93757,19.16383],[72.93832,19.16378],[72.93848,19.16377],[72.93864,19.16375],[72.9388,19.16373],[72.93896,19.1637],[72.93912,19.16366],[72.93928,19.16362],[72.9397,19.16346],[72.94123,19.16289],[72.94248,19.16242],[72.94383,19.16189],[72.94391,19.16185],[72.94402,19.16181],[72.94424,19.16171],[72.9449,19.16139],[72.94626,19.16073],[72.94634,19.16068],[72.94642,19.16064],[72.94649,19.16058],[72.94657,19.16053],[72.94663,19.16047],[72.9467,19.1604],[72.94676,19.16033],[72.94681,19.16026],[72.94686,19.16018],[72.94689,19.16009],[72.94692,19.16001],[72.94695,19.15992],[72.94697,19.15982],[72.94698,19.15973],[72.94698,19.15964],[72.94698,19.15955],[72.94697,19.15945],[72.94695,19.15936],[72.94663,19.15819],[72.94662,19.1581],[72.94662,19.158],[72.94662,19.15791],[72.94663,19.15782],[72.94665,19.15772],[72.94668,19.15763],[72.94671,19.15754],[72.94675,19.15746],[72.9468,19.15737],[72.94684,19.15731],[72.9469,19.15725],[72.94695,19.15719],[72.94701,19.15714],[72.94708,19.15708],[72.94716,19.15703],[72.94723,19.15699],[72.94731,19.15695],[72.9474,19.15692],[72.94767,19.15684],[72.95211,19.1558],[72.95444,19.15525],[72.95693,19.15468],[72.95563,19.15275],[72.95468,19.1513],[72.95528,19.15087],[72.95541,19.15078],[72.95553,19.15065],[72.95573,19.15049],[72.95596,19.15035],[72.95624,19.15024],[72.95646,19.15017],[72.95658,19.15015],[72.95671,19.15015],[72.95688,19.15017],[72.95709,19.1502],[72.95723,19.15022],[72.95777,19.15025],[72.95828,19.15016],[72.95883,19.14999],[72.95895,19.14996],[72.95996,19.14947],[72.96022,19.14931],[72.96117,19.14888],[72.96139,19.14874],[72.96145,19.14866],[72.96147,19.14861],[72.9615,19.14853],[72.96153,19.14841],[72.96154,19.14831],[72.96157,19.14814],[72.96161,19.14799],[72.96175,19.14762],[72.96178,19.14754],[72.96181,19.14746],[72.96184,19.14737],[72.96186,19.14728],[72.96187,19.1472],[72.96186,19.1471],[72.96183,19.14701],[72.9618,19.14691],[72.96177,19.14682],[72.96173,19.14674],[72.96168,19.14665],[72.96162,19.14657],[72.96156,19.14649],[72.96149,19.14642],[72.96142,19.14635],[72.96135,19.14629],[72.96096,19.14609],[72.95998,19.14565],[72.95869,19.1449],[72.95839,19.1447],[72.95822,19.14457],[72.95804,19.14438],[72.95731,19.14352],[72.95716,19.14332],[72.95701,19.14306],[72.95681,19.14248],[72.95673,19.14209],[72.95666,19.14176],[72.95665,19.14106],[72.95668,19.14063],[72.95672,19.14015],[72.95669,19.13977],[72.95673,19.13924],[72.95674,19.13909],[72.95679,19.13881],[72.95682,19.13866],[72.95693,19.13832],[72.95763,19.13669],[72.95789,19.13625],[72.95886,19.13472],[72.95981,19.13376],[72.96009,19.13357],[72.96023,19.13347],[72.96045,19.13331],[72.96046,19.13331],[72.96104,19.13292],[72.96196,19.13276],[72.96273,19.13276],[72.96336,19.13279],[72.96371,19.13289],[72.96434,19.13279],[72.97199,19.13166],[72.97199,19.13167],[72.9721,19.13192],[72.97211,19.13192],[72.97218,19.13209],[72.97228,19.13231],[72.97228,19.13232],[72.97239,19.13256],[72.97247,19.13275],[72.97248,19.13276],[72.97257,19.13297],[72.97257,19.13298],[72.97266,19.13317],[72.97276,19.13341],[72.97277,19.13341],[72.97286,19.13362],[72.97286,19.13363],[72.97294,19.13381],[72.97295,19.13382],[72.97302,19.13399],[72.97311,19.13418],[72.97318,19.13435],[72.97327,19.13454],[72.97334,19.13471],[72.97343,19.1349],[72.9735,19.13508],[72.97351,19.13508],[72.97358,19.13524],[72.97365,19.13541],[72.97367,19.13545],[72.97368,19.13546],[72.97376,19.13562],[72.97377,19.13562],[72.97387,19.13582],[72.97395,19.13596],[72.97395,19.13597],[72.97404,19.13614],[72.97405,19.13614],[72.97412,19.13628],[72.97413,19.13629],[72.97416,19.13635],[72.97422,19.13648],[72.9743,19.13665],[72.9743,19.13666],[72.97437,19.13682],[72.97437,19.13683],[72.97444,19.13697],[72.97444,19.13698],[72.97452,19.13715],[72.97452,19.13716],[72.9746,19.13733],[72.97461,19.13733],[72.97461,19.13734],[72.97469,19.13752],[72.97469,19.13753],[72.97477,19.1377],[72.97478,19.13771],[72.97487,19.1379],[72.97487,19.13791],[72.97495,19.13809],[72.97504,19.1383],[72.97505,19.13831],[72.97514,19.1385],[72.97514,19.13851],[72.97522,19.13869],[72.97523,19.13869],[72.9753,19.13886],[72.9753,19.13887],[72.97537,19.13901],[72.97537,19.13902],[72.97544,19.13916],[72.97544,19.13917],[72.97553,19.13937],[72.97554,19.13938],[72.97556,19.13942],[72.97561,19.13956],[72.97568,19.13974],[72.97576,19.13994],[72.97584,19.14013],[72.97592,19.14033],[72.97592,19.14034],[72.97599,19.14053],[72.976,19.14053],[72.97608,19.14074],[72.97616,19.14095],[72.97616,19.14096],[72.97624,19.14115],[72.97632,19.14135],[72.97639,19.14155],[72.9764,19.14155],[72.97648,19.14175],[72.97648,19.14176],[72.97656,19.14196],[72.97656,19.14197],[72.97667,19.14223],[72.97667,19.14224],[72.97676,19.14248],[72.97683,19.14266],[72.97689,19.14281],[72.97697,19.14308],[72.97697,19.14309],[72.97706,19.14341],[72.97706,19.14342],[72.97714,19.1437],[72.97722,19.14402],[72.97723,19.14402],[72.9773,19.14431],[72.97731,19.14431],[72.97739,19.14463],[72.9774,19.14464],[72.97749,19.14497],[72.97749,19.14498],[72.97756,19.14523],[72.97756,19.14524],[72.97766,19.14559],[72.97774,19.14591],[72.97775,19.14591],[72.97782,19.1462],[72.97783,19.14621],[72.97791,19.1465],[72.97791,19.14651],[72.978,19.14684],[72.978,19.14685],[72.97809,19.14717],[72.97817,19.14745],[72.97817,19.14746],[72.97823,19.14767],[72.97824,19.14772],[72.97829,19.14804],[72.97829,19.14805],[72.97833,19.1483],[72.97833,19.14832],[72.97837,19.14863],[72.97838,19.14864],[72.97843,19.14897],[72.97843,19.14898],[72.97844,19.14908],[72.97847,19.14924],[72.97848,19.14926],[72.97848,19.14929],[72.97849,19.1493],[72.97853,19.14955],[72.97853,19.14956],[72.97859,19.14984],[72.97859,19.14985],[72.97865,19.15016],[72.97868,19.15034],[72.9787,19.15046],[72.97871,19.15047],[72.97871,19.15048],[72.97873,19.15062],[72.97873,19.15063],[72.97875,19.1508],[72.97877,19.15093],[72.97877,19.15094],[72.97879,19.15102],[72.9788,19.15111],[72.97881,19.1512],[72.97883,19.15128],[72.97883,19.15129],[72.97884,19.15139],[72.97885,19.15148],[72.97887,19.15157],[72.97888,19.15165],[72.97889,19.15174],[72.9789,19.15182],[72.97891,19.15183],[72.97892,19.15193],[72.97894,19.15202],[72.97897,19.15222],[72.979,19.15244],[72.979,19.15245],[72.97904,19.15267],[72.97904,19.15268],[72.97904,19.15269],[72.97905,19.15285],[72.97906,19.15309],[72.97906,19.1531],[72.97907,19.15331],[72.97907,19.15332],[72.97907,19.15338],[72.97907,19.15349],[72.97907,19.1535],[72.97906,19.15373],[72.97906,19.15374],[72.97905,19.15397],[72.97905,19.15416],[72.97905,19.15417],[72.97904,19.15427],[72.979,19.15483],[72.97902,19.15492],[72.97902,19.15493],[72.97906,19.15519],[72.97906,19.1552],[72.97911,19.1555],[72.97912,19.15551],[72.97916,19.15577],[72.97916,19.15578],[72.97919,19.15597],[72.97919,19.15606],[72.97919,19.15608],[72.9792,19.15629],[72.9792,19.1563],[72.97921,19.15654],[72.97922,19.1569],[72.97922,19.15691],[72.97923,19.1572],[72.97923,19.15721],[72.97924,19.15754],[72.97925,19.15779],[72.97925,19.15787],[72.97925,19.15788],[72.97927,19.15815],[72.97927,19.15816],[72.9793,19.15845],[72.9793,19.15846],[72.97933,19.15883],[72.97935,19.15914],[72.97935,19.15915],[72.97937,19.15942],[72.97937,19.15943],[72.97939,19.15965],[72.97939,19.15966],[72.97939,19.15967],[72.97943,19.16002],[72.97948,19.16035],[72.97948,19.16036],[72.97952,19.16069],[72.97952,19.1607],[72.97954,19.16086],[72.97954,19.16087],[72.97957,19.16108],[72.97957,19.1611],[72.9796,19.16133],[72.9796,19.16134],[72.97962,19.16154],[72.97963,19.16156],[72.97964,19.16171],[72.97965,19.16172],[72.97965,19.16178],[72.97966,19.16186],[72.97967,19.16187],[72.97971,19.16215],[72.97971,19.16216],[72.97974,19.16241],[72.97974,19.16242],[72.9798,19.1628],[72.9798,19.16282],[72.97983,19.16307],[72.97984,19.16308],[72.97987,19.16333],[72.97987,19.16335],[72.9799,19.16353],[72.9799,19.16354],[72.97993,19.16379],[72.97994,19.16379],[72.97996,19.16397],[72.97998,19.16405],[72.97998,19.16406],[72.98006,19.16445],[72.98011,19.16468],[72.98011,19.1647],[72.98016,19.16491],[72.98016,19.16492],[72.9802,19.16512],[72.98021,19.16513],[72.98027,19.16545],[72.98028,19.16546],[72.98032,19.16568],[72.98036,19.16586],[72.98036,19.16587],[72.98041,19.16607],[72.98046,19.16633],[72.98046,19.16634],[72.98053,19.16665],[72.98053,19.16666],[72.98055,19.16676],[72.98055,19.16677],[72.98057,19.16684],[72.98057,19.16687],[72.98057,19.1673],[72.98057,19.16733],[72.98058,19.16736],[72.98064,19.16771],[72.97973,19.16888],[72.97964,19.16899],[72.97926,19.16948],[72.97877,19.1701],[72.97814,19.17091],[72.9778,19.17134],[72.97706,19.17228],[72.97694,19.17243],[72.97658,19.17285],[72.97653,19.17291],[72.97649,19.17297],[72.97631,19.17317],[72.97625,19.17322],[72.97613,19.17335],[72.97599,19.17349],[72.97594,19.17355],[72.97587,19.17367],[72.97541,19.17429],[72.9751,19.17471],[72.97475,19.17519],[72.97427,19.17583],[72.97424,19.17587],[72.97419,19.17594],[72.97389,19.17634],[72.97375,19.17652],[72.97365,19.17671],[72.97355,19.17681],[72.97347,19.17699],[72.97357,19.1772],[72.97306,19.17727],[72.97288,19.17729],[72.9727,19.17731],[72.97269,19.17747],[72.97268,19.17762],[72.97268,19.17782],[72.97273,19.17793],[72.97295,19.17835],[72.97268,19.17853],[72.97186,19.1787],[72.97186,19.17866],[72.97182,19.17853],[72.97176,19.17835],[72.9717,19.17816],[72.97164,19.17793],[72.97158,19.17775],[72.97154,19.17763],[72.97149,19.17749],[72.97148,19.17745],[72.97146,19.17738],[72.97143,19.17732],[72.97132,19.17705],[72.97115,19.17661],[72.97092,19.17609],[72.97059,19.17584],[72.9705,19.17577],[72.97022,19.17556],[72.96991,19.17559],[72.96976,19.17562],[72.96964,19.17564],[72.9693,19.1757],[72.96912,19.17575],[72.96899,19.1758],[72.96894,19.17582],[72.96881,19.17586],[72.96868,19.17591],[72.96851,19.17601],[72.9685,19.17605],[72.96849,19.17613],[72.96843,19.17632],[72.9684,19.17639],[72.96836,19.17647],[72.96835,19.17649],[72.9683,19.17658],[72.96822,19.17674],[72.96821,19.17678],[72.9682,19.1768],[72.96816,19.1769],[72.96811,19.17709],[72.9681,19.17711],[72.96808,19.17715],[72.96807,19.17722],[72.96805,19.17728],[72.96799,19.17745],[72.96796,19.17753],[72.96803,19.17791],[72.96778,19.1778],[72.96776,19.17779],[72.96767,19.17782],[72.9673,19.17789],[72.96725,19.1779],[72.96697,19.17795],[72.96677,19.17766],[72.96653,19.1776],[72.9665,19.17758],[72.96633,19.17754],[72.96629,19.17752],[72.96625,19.17747],[72.9662,19.17743],[72.96583,19.17722],[72.96574,19.17714],[72.96531,19.17706],[72.96482,19.17695],[72.96474,19.17693],[72.96458,19.17692],[72.96449,19.17688],[72.96427,19.17686],[72.96407,19.1769],[72.96397,19.1769],[72.96395,19.17686],[72.96385,19.17676],[72.96383,19.17669],[72.96379,19.17667],[72.96378,19.17667],[72.96338,19.17683],[72.96304,19.17716],[72.96277,19.17743],[72.96264,19.17756],[72.96263,19.17757],[72.96256,19.17761],[72.96256,19.17762],[72.96258,19.17786],[72.96259,19.17795],[72.96262,19.17811],[72.96259,19.17825],[72.96255,19.17843],[72.96215,19.17869],[72.96186,19.17901],[72.96181,19.1792],[72.96173,19.17939],[72.96167,19.17944],[72.96158,19.17948],[72.96144,19.17931],[72.96106,19.17887],[72.96088,19.17901],[72.96087,19.179],[72.96078,19.1789],[72.9605,19.17911],[72.96017,19.1789],[72.9598,19.17893],[72.95975,19.17906],[72.95975,19.17931],[72.95939,19.17942],[72.95939,19.17971],[72.9596,19.18006],[72.95956,19.18021],[72.95938,19.18041],[72.95914,19.1807],[72.95902,19.18081],[72.95881,19.18086],[72.95874,19.1808],[72.95867,19.18076],[72.95862,19.18081],[72.95854,19.18105],[72.95866,19.18169],[72.95845,19.18193],[72.9584,19.18202],[72.95835,19.18215],[72.95816,19.18217],[72.95802,19.18255],[72.9577,19.18267],[72.95767,19.18266],[72.9575,19.18259],[72.95734,19.1827],[72.95726,19.1827],[72.95719,19.1827],[72.957,19.1827],[72.95666,19.18271],[72.95656,19.18276],[72.95646,19.1829],[72.95642,19.18301],[72.95579,19.18333],[72.95569,19.18357],[72.95589,19.1838],[72.95587,19.18412],[72.95586,19.18422],[72.95553,19.18437],[72.95542,19.18465],[72.95532,19.1847],[72.95518,19.18476],[72.95512,19.18483],[72.95508,19.18487],[72.95508,19.18489],[72.95503,19.1851],[72.95498,19.18518],[72.95489,19.1852],[72.95451,19.18516],[72.95446,19.18517],[72.95446,19.18484],[72.95446,19.1848],[72.95441,19.18478],[72.95415,19.18484],[72.95405,19.18486],[72.95388,19.18488],[72.95373,19.18492],[72.95345,19.18485],[72.95344,19.18484],[72.9533,19.18474],[72.95316,19.18476],[72.95306,19.18477],[72.95286,19.18479],[72.95271,19.1848],[72.95253,19.18485],[72.95248,19.18487],[72.95224,19.18488],[72.95136,19.18504],[72.9513,19.18505],[72.95127,19.18506],[72.95118,19.18515],[72.95111,19.18525],[72.95105,19.18528],[72.951,19.18534],[72.95082,19.18544],[72.95057,19.18558],[72.95028,19.18586],[72.9502,19.18591],[72.95011,19.18592],[72.95007,19.18595],[72.95004,19.18599],[72.95003,19.18621],[72.95004,19.18633],[72.95008,19.18666],[72.94991,19.18677],[72.94975,19.18687],[72.94974,19.18688],[72.94961,19.18708],[72.94917,19.18715],[72.94884,19.18731],[72.94874,19.18733],[72.94871,19.18734],[72.94858,19.18736],[72.94842,19.18742],[72.94837,19.18744],[72.94828,19.18746],[72.94814,19.1875],[72.94812,19.18756],[72.94792,19.18765],[72.94771,19.18774],[72.94754,19.18782],[72.94729,19.18764],[72.94714,19.18769],[72.94713,19.1877],[72.94711,19.1877],[72.947,19.18774],[72.94692,19.18775],[72.94681,19.18776],[72.94686,19.18797],[72.94673,19.18802],[72.94651,19.18789],[72.94639,19.18795],[72.94629,19.18789],[72.94616,19.18797],[72.94593,19.18814],[72.94502,19.18811],[72.94497,19.18808],[72.94474,19.18797],[72.94469,19.18797],[72.94425,19.18798],[72.94378,19.18776],[72.94344,19.1876],[72.9431,19.18775],[72.94288,19.18785],[72.94241,19.1877],[72.94225,19.18765],[72.94194,19.18739],[72.94165,19.18778],[72.94151,19.18795],[72.94145,19.18801],[72.94133,19.18816],[72.94109,19.18833],[72.94085,19.18855],[72.94079,19.18861],[72.94075,19.18865],[72.94065,19.18872],[72.94024,19.189],[72.93992,19.18922],[72.93974,19.18934],[72.93953,19.18949],[72.93702,19.19183],[72.93533,19.194],[72.93533,19.19669],[72.93548,19.19999],[72.93555,19.20153],[72.93553,19.20263],[72.93551,19.2047],[72.93551,19.2055],[72.93429,19.20626],[72.93296,19.20711],[72.93263,19.2078],[72.93163,19.20988],[72.93098,19.21123],[72.93004,19.21135],[72.92843,19.21156],[72.92757,19.21169],[72.92616,19.21352],[72.92419,19.21499],[72.92229,19.21639],[72.92159,19.21656],[72.92009,19.21693],[72.91937,19.21674],[72.91882,19.2166],[72.91791,19.21636],[72.91721,19.21617],[72.91672,19.21538],[72.91633,19.21417],[72.91596,19.21318],[72.91574,19.21261],[72.91486,19.21017],[72.91466,19.20989],[72.91411,19.20915],[72.91346,19.20826],[72.9133,19.20808],[72.91279,19.20802],[72.91224,19.20795],[72.91163,19.20788],[72.91112,19.20781],[72.91017,19.2076],[72.90992,19.2065],[72.90961,19.20521],[72.90946,19.20458],[72.90934,19.20408],[72.9093,19.20389],[72.90929,19.20387],[72.90913,19.20317],[72.90906,19.20282],[72.90902,19.20264],[72.90899,19.20247],[72.90893,19.20238],[72.90701,19.19934],[72.90658,19.19867],[72.90652,19.19858],[72.90647,19.19861],[72.90629,19.19863],[72.90611,19.19861],[72.90593,19.19855],[72.90562,19.19845],[72.90547,19.19842],[72.90531,19.1984],[72.90522,19.19845],[72.90518,19.19854],[72.90516,19.19873],[72.90517,19.19895],[72.90518,19.1992],[72.90515,19.19937],[72.90513,19.19948],[72.90509,19.19958],[72.90501,19.19961],[72.90484,19.19961],[72.90443,19.19947],[72.9039,19.19934],[72.90335,19.1993],[72.90282,19.19934],[72.90239,19.19939],[72.90239,19.1993]]]},"properties":{"NAME":"T"}},
{"type":"Feature","geometry":{"type":"Polygon","coordinates":[[[72.91174,19.0651],[72.91195,19.0652],[72.91212,19.06524],[72.91244,19.06531],[72.91254,19.06531],[72.91267,19.06532],[72.91297,19.06532],[72.91303,19.06532],[72.91309,19.06534],[72.91321,19.0654],[72.91357,19.06551],[72.91382,19.06559],[72.91432,19.06577],[72.91461,19.06588],[72.91467,19.0659],[72.91479,19.06595],[72.91518,19.06609],[72.91641,19.06654],[72.91658,19.06662],[72.91671,19.06667],[72.9169,19.06676],[72.91691,19.06676],[72.91712,19.06686],[72.91737,19.06697],[72.9175,19.06702],[72.91765,19.06709],[72.91785,19.06718],[72.91794,19.06722],[72.91818,19.06732],[72.91843,19.06748],[72.91918,19.06793],[72.91941,19.06824],[72.91942,19.06825],[72.91971,19.06852],[72.91974,19.06854],[72.91976,19.06857],[72.91976,19.06861],[72.91977,19.0687],[72.91978,19.06875],[72.91978,19.06881],[72.9198,19.06895],[72.91981,19.06904],[72.91982,19.06917],[72.91985,19.06948],[72.91999,19.06959],[72.92004,19.06981],[72.9201,19.07009],[72.92019,19.07047],[72.92026,19.0708],[72.92028,19.07089],[72.92031,19.07103],[72.92034,19.07114],[72.92038,19.07128],[72.92044,19.07154],[72.92047,19.07166],[72.92051,19.07179],[72.92053,19.07186],[72.92062,19.07221],[72.92067,19.07239],[72.92068,19.07244],[72.92075,19.07274],[72.92078,19.07283],[72.92082,19.07301],[72.92091,19.07336],[72.92097,19.07364],[72.92099,19.07369],[72.92101,19.07377],[72.92152,19.07456],[72.92222,19.07506],[72.92312,19.07549],[72.92444,19.07588],[72.92567,19.07601],[72.92711,19.07597],[72.9281,19.07582],[72.92915,19.07549],[72.92993,19.07498],[72.93059,19.07459],[72.93165,19.07385],[72.93243,19.07333],[72.93324,19.07266],[72.93419,19.07176],[72.93491,19.07116],[72.93576,19.07011],[72.93647,19.06913],[72.93683,19.06852],[72.93774,19.06674],[72.93881,19.06464],[72.93895,19.06445],[72.9391,19.06424],[72.93937,19.06387],[72.93951,19.06368],[72.93988,19.06318],[72.94008,19.06291],[72.9404,19.06246],[72.94048,19.06235],[72.94134,19.06142],[72.94181,19.0591],[72.94186,19.05883],[72.9423,19.05673],[72.94242,19.05665],[72.94251,19.0566],[72.94267,19.0565],[72.94268,19.0565],[72.94271,19.05648],[72.94363,19.05644],[72.94371,19.05647],[72.94378,19.05649],[72.94415,19.05665],[72.94461,19.05685],[72.94519,19.0571],[72.94531,19.05715],[72.94592,19.05741],[72.94663,19.05772],[72.94695,19.05785],[72.94731,19.058],[72.94803,19.05832],[72.94825,19.05841],[72.94845,19.05849],[72.94846,19.0585],[72.94854,19.05853],[72.94856,19.05854],[72.94866,19.05858],[72.94879,19.05864],[72.9489,19.05868],[72.94902,19.05873],[72.94913,19.05878],[72.94925,19.05883],[72.94933,19.05893],[72.94944,19.05907],[72.94958,19.05923],[72.94968,19.05936],[72.94974,19.05942],[72.9499,19.05962],[72.95004,19.05979],[72.95009,19.05985],[72.95028,19.06008],[72.95034,19.06015],[72.95044,19.06028],[72.95053,19.06039],[72.95058,19.06045],[72.95072,19.06062],[72.95074,19.06064],[72.95085,19.06078],[72.95094,19.06089],[72.95104,19.06102],[72.95114,19.06114],[72.95114,19.06115],[72.95122,19.06124],[72.95134,19.06138],[72.95145,19.06153],[72.95159,19.06169],[72.95169,19.06181],[72.95176,19.06191],[72.95181,19.06196],[72.95185,19.06201],[72.95189,19.06206],[72.95192,19.0621],[72.95208,19.06221],[72.95208,19.06222],[72.95234,19.06241],[72.95256,19.06257],[72.95269,19.06267],[72.95286,19.06279],[72.95309,19.06297],[72.95317,19.06303],[72.95319,19.06305],[72.95321,19.06306],[72.9533,19.06312],[72.95333,19.06314],[72.9534,19.06318],[72.95346,19.06322],[72.9535,19.06325],[72.95354,19.06328],[72.95361,19.06332],[72.95371,19.06339],[72.95373,19.06339],[72.95382,19.06341],[72.95387,19.06342],[72.95394,19.06343],[72.95396,19.06343],[72.95406,19.06345],[72.95414,19.06347],[72.95418,19.06347],[72.95431,19.06349],[72.95434,19.0635],[72.95443,19.06352],[72.95454,19.06352],[72.95457,19.06352],[72.95466,19.06353],[72.95479,19.06353],[72.95491,19.06353],[72.95504,19.06354],[72.95516,19.06354],[72.95528,19.06354],[72.95537,19.06355],[72.95541,19.06355],[72.95553,19.06355],[72.95566,19.06355],[72.95578,19.06356],[72.95579,19.06356],[72.95584,19.06356],[72.9559,19.06356],[72.9562,19.06352],[72.95634,19.0635],[72.95644,19.06348],[72.95685,19.06353],[72.95699,19.06354],[72.96052,19.06369],[72.96033,19.06405],[72.96032,19.06407],[72.96015,19.0644],[72.96014,19.06442],[72.96002,19.06465],[72.95997,19.06474],[72.95996,19.06476],[72.95977,19.06507],[72.95976,19.06508],[72.95956,19.06542],[72.95955,19.06544],[72.95936,19.06576],[72.95935,19.06576],[72.95916,19.06609],[72.95915,19.0661],[72.95896,19.06643],[72.95895,19.06644],[72.95893,19.06648],[72.95882,19.06686],[72.95881,19.06687],[72.95872,19.0672],[72.95871,19.06721],[72.95859,19.06762],[72.95859,19.06763],[72.95849,19.06796],[72.95849,19.06798],[72.95843,19.06818],[72.95841,19.0684],[72.95841,19.06841],[72.95839,19.06881],[72.95839,19.06882],[72.95837,19.06911],[72.95837,19.06912],[72.9583,19.06947],[72.9583,19.06948],[72.95823,19.06991],[72.95822,19.06992],[72.95817,19.07023],[72.95817,19.07024],[72.9581,19.07062],[72.9581,19.07064],[72.95803,19.07103],[72.95803,19.07104],[72.95797,19.07139],[72.95796,19.07141],[72.95789,19.07182],[72.95789,19.07183],[72.95788,19.07189],[72.95778,19.07229],[72.95778,19.0723],[72.95766,19.07276],[72.95766,19.07277],[72.95754,19.07324],[72.95753,19.07325],[72.95741,19.07372],[72.95741,19.07374],[72.95735,19.07397],[72.95729,19.07422],[72.95729,19.07424],[72.9572,19.07464],[72.9572,19.07466],[72.95708,19.07517],[72.95708,19.07518],[72.95697,19.07565],[72.95697,19.07567],[72.95695,19.07575],[72.9569,19.07621],[72.9569,19.07623],[72.95685,19.07668],[72.95685,19.0767],[72.9568,19.07715],[72.9568,19.07716],[72.95675,19.07763],[72.95675,19.07764],[72.95674,19.07772],[72.95691,19.07823],[72.95691,19.07824],[72.95704,19.07866],[72.95705,19.07867],[72.95718,19.07907],[72.95718,19.07909],[72.9573,19.07946],[72.9573,19.07947],[72.95745,19.07992],[72.95745,19.07993],[72.9576,19.08039],[72.9576,19.08041],[72.95773,19.0808],[72.95778,19.08096],[72.95779,19.08099],[72.95779,19.081],[72.9578,19.08102],[72.95786,19.08121],[72.95788,19.0814],[72.95789,19.08141],[72.9579,19.08157],[72.95791,19.08158],[72.95792,19.08173],[72.95793,19.08175],[72.95795,19.08192],[72.95795,19.08193],[72.95798,19.08216],[72.95798,19.08217],[72.958,19.08233],[72.958,19.08237],[72.958,19.08247],[72.95801,19.08248],[72.95801,19.08264],[72.95802,19.08279],[72.95802,19.0828],[72.95802,19.08295],[72.95803,19.0831],[72.95803,19.08311],[72.95804,19.08327],[72.95804,19.08338],[72.95804,19.08339],[72.95805,19.08351],[72.95805,19.0836],[72.95805,19.08361],[72.95806,19.08373],[72.95806,19.08374],[72.95806,19.08385],[72.95806,19.08386],[72.95807,19.08396],[72.95807,19.08397],[72.95807,19.08407],[72.95807,19.08408],[72.95808,19.08433],[72.95808,19.08434],[72.95809,19.08451],[72.95809,19.08452],[72.9581,19.08483],[72.9581,19.08484],[72.95812,19.08519],[72.95812,19.0852],[72.95813,19.08537],[72.95813,19.08543],[72.95814,19.08569],[72.95814,19.0857],[72.95815,19.08596],[72.95815,19.08597],[72.95816,19.0862],[72.95816,19.08626],[72.95816,19.08627],[72.95817,19.08654],[72.95817,19.08655],[72.95819,19.08687],[72.9582,19.08714],[72.9582,19.08715],[72.95821,19.08739],[72.95821,19.0874],[72.95822,19.0877],[72.95822,19.08771],[72.95823,19.08796],[72.95824,19.08802],[72.95824,19.08803],[72.95828,19.08833],[72.95828,19.08834],[72.95832,19.08868],[72.95832,19.08869],[72.95835,19.08896],[72.95839,19.08928],[72.95839,19.08929],[72.95842,19.08955],[72.95842,19.08956],[72.95844,19.08972],[72.95844,19.08973],[72.95846,19.0899],[72.95849,19.0901],[72.95849,19.09011],[72.95851,19.09028],[72.95853,19.09048],[72.95853,19.09049],[72.95855,19.09062],[72.95855,19.09063],[72.95857,19.09079],[72.95858,19.09094],[72.95858,19.09095],[72.9586,19.09111],[72.95861,19.09112],[72.95862,19.09127],[72.95862,19.09128],[72.95865,19.09147],[72.95867,19.09163],[72.95867,19.09164],[72.95869,19.09183],[72.95869,19.09184],[72.95871,19.09197],[72.95871,19.09198],[72.95873,19.09222],[72.95874,19.09223],[72.95876,19.09243],[72.95876,19.09244],[72.95878,19.09263],[72.95879,19.09267],[72.95879,19.09268],[72.95882,19.09282],[72.95885,19.09296],[72.9589,19.09319],[72.95894,19.09342],[72.95894,19.09343],[72.95898,19.09362],[72.95898,19.09363],[72.95902,19.09383],[72.95903,19.09383],[72.95906,19.09402],[72.95906,19.09403],[72.95909,19.09415],[72.95909,19.09416],[72.95913,19.09435],[72.95918,19.09457],[72.95918,19.09458],[72.95921,19.09475],[72.95921,19.09476],[72.95925,19.09496],[72.95925,19.09497],[72.9593,19.09517],[72.95935,19.09542],[72.95935,19.09543],[72.95939,19.09566],[72.9594,19.09569],[72.95943,19.09584],[72.95953,19.09632],[72.95953,19.09635],[72.95959,19.09661],[72.95959,19.09662],[72.95961,19.09673],[72.95966,19.09698],[72.95968,19.09709],[72.95972,19.09727],[72.95972,19.09728],[72.95974,19.09736],[72.95978,19.0975],[72.95979,19.09751],[72.95986,19.09775],[72.95986,19.09776],[72.95994,19.09803],[72.95995,19.09804],[72.96002,19.0983],[72.96003,19.09831],[72.9601,19.09855],[72.9602,19.09888],[72.96027,19.0991],[72.96027,19.09911],[72.96035,19.09938],[72.96036,19.09939],[72.96042,19.09961],[72.96043,19.09963],[72.96051,19.0999],[72.96051,19.09991],[72.9606,19.10019],[72.9606,19.1002],[72.9607,19.10052],[72.9607,19.10053],[72.96079,19.10084],[72.9608,19.10084],[72.96084,19.10099],[72.9609,19.10119],[72.96095,19.10135],[72.96095,19.10136],[72.96101,19.10156],[72.96102,19.10157],[72.96107,19.10174],[72.96108,19.10189],[72.96108,19.1019],[72.96109,19.10209],[72.9611,19.10226],[72.9611,19.10227],[72.96111,19.10248],[72.96111,19.10249],[72.96113,19.10268],[72.96114,19.10284],[72.96114,19.10285],[72.96115,19.10298],[72.96115,19.10299],[72.96116,19.10317],[72.96117,19.10335],[72.96117,19.10339],[72.96119,19.10347],[72.9612,19.10347],[72.96122,19.10358],[72.96124,19.10363],[72.96124,19.10364],[72.96127,19.10377],[72.96127,19.10378],[72.96132,19.10396],[72.96136,19.10411],[72.96136,19.10412],[72.9614,19.10427],[72.9614,19.10428],[72.96144,19.10443],[72.96148,19.1046],[72.96151,19.10474],[72.96152,19.10474],[72.96155,19.10488],[72.96159,19.10504],[72.96163,19.10518],[72.96163,19.10519],[72.96166,19.10531],[72.96166,19.10532],[72.96169,19.10542],[72.96169,19.10543],[72.96172,19.10556],[72.96172,19.10557],[72.96177,19.10574],[72.96181,19.10592],[72.96185,19.10606],[72.96189,19.10621],[72.96189,19.10622],[72.96192,19.10633],[72.96196,19.1065],[72.96199,19.1066],[72.962,19.10662],[72.96207,19.10683],[72.96214,19.10704],[72.96215,19.10704],[72.96222,19.10725],[72.96222,19.10726],[72.96229,19.10745],[72.96229,19.10746],[72.96234,19.1076],[72.96239,19.10776],[72.9624,19.10777],[72.9551,19.10988],[72.95182,19.11083],[72.95095,19.11093],[72.95042,19.111],[72.9501,19.11104],[72.9499,19.11108],[72.94955,19.11115],[72.94944,19.11117],[72.9494,19.11118],[72.94937,19.11119],[72.94933,19.11122],[72.94906,19.11135],[72.94881,19.11151],[72.94852,19.1117],[72.94827,19.11194],[72.94815,19.11206],[72.94815,19.11207],[72.94776,19.11243],[72.94722,19.11294],[72.94708,19.11308],[72.94644,19.1136],[72.94636,19.11366],[72.94627,19.11372],[72.9462,19.11376],[72.94609,19.11385],[72.94599,19.11394],[72.94561,19.11426],[72.94561,19.11429],[72.94537,19.11459],[72.94408,19.11481],[72.94407,19.11482],[72.94401,19.11481],[72.94351,19.11474],[72.94338,19.11468],[72.94293,19.11476],[72.94189,19.11435],[72.9418,19.11432],[72.94128,19.11411],[72.94103,19.11406],[72.94053,19.11395],[72.94007,19.11389],[72.93956,19.11382],[72.93938,19.11379],[72.93909,19.11373],[72.93869,19.11366],[72.93859,19.11364],[72.93817,19.11356],[72.93791,19.11352],[72.9375,19.11344],[72.93739,19.11342],[72.93718,19.11337],[72.93701,19.11334],[72.93657,19.11318],[72.93646,19.11314],[72.93634,19.11308],[72.93615,19.11283],[72.93593,19.11253],[72.9359,19.11249],[72.93586,19.11243],[72.93584,19.11241],[72.93462,19.11087],[72.93407,19.11078],[72.93402,19.11066],[72.93332,19.1089],[72.9333,19.10887],[72.93327,19.10885],[72.93324,19.10883],[72.93321,19.10882],[72.93317,19.10881],[72.93314,19.1088],[72.9331,19.10881],[72.93296,19.10885],[72.93131,19.10947],[72.93113,19.10954],[72.9305,19.10977],[72.92984,19.11002],[72.92977,19.11005],[72.92875,19.11043],[72.92869,19.11045],[72.92868,19.11046],[72.92866,19.11046],[72.92857,19.1105],[72.92855,19.11051],[72.92854,19.11051],[72.92853,19.11052],[72.92847,19.11054],[72.92842,19.11056],[72.92823,19.11063],[72.92822,19.11056],[72.92822,19.11055],[72.92803,19.11057],[72.92773,19.11064],[72.9273,19.11075],[72.92718,19.11078],[72.9271,19.11081],[72.92696,19.11079],[72.92692,19.1108],[72.92689,19.11081],[72.92686,19.11082],[72.92684,19.11084],[72.92682,19.11088],[72.9268,19.11094],[72.92677,19.11107],[72.92665,19.11104],[72.92612,19.11091],[72.9255,19.11075],[72.92546,19.11066],[72.92532,19.11036],[72.92512,19.11001],[72.92459,19.10911],[72.92378,19.10777],[72.92322,19.10694],[72.92239,19.10574],[72.92154,19.10463],[72.92124,19.10421],[72.9205,19.10315],[72.91995,19.10242],[72.91874,19.10327],[72.9176,19.10407],[72.91717,19.10439],[72.91706,19.10449],[72.91675,19.10473],[72.91656,19.10486],[72.91615,19.10499],[72.916,19.10502],[72.91591,19.10503],[72.9161,19.10631],[72.9161,19.10633],[72.91607,19.10635],[72.91601,19.10642],[72.91595,19.10648],[72.91589,19.10655],[72.91583,19.10664],[72.91577,19.10672],[72.91573,19.10679],[72.91569,19.10686],[72.91566,19.10692],[72.91564,19.10696],[72.91555,19.10722],[72.91554,19.10722],[72.91553,19.10727],[72.91552,19.10731],[72.91551,19.10736],[72.9155,19.1074],[72.9155,19.10746],[72.9155,19.10751],[72.9155,19.10756],[72.91551,19.10761],[72.91552,19.10766],[72.91554,19.1077],[72.91555,19.10774],[72.91557,19.10778],[72.9156,19.10783],[72.91568,19.10796],[72.9159,19.10831],[72.9161,19.10864],[72.9163,19.10897],[72.9164,19.10897],[72.91652,19.10896],[72.91659,19.10893],[72.9167,19.10911],[72.91678,19.10924],[72.91692,19.10948],[72.91716,19.10986],[72.91728,19.11007],[72.91739,19.11025],[72.91751,19.11045],[72.91762,19.11058],[72.91792,19.11066],[72.91819,19.11074],[72.91846,19.11081],[72.91848,19.11099],[72.91848,19.11107],[72.91847,19.11135],[72.91846,19.11156],[72.91845,19.11164],[72.91843,19.11183],[72.91842,19.1119],[72.91841,19.11205],[72.91838,19.11225],[72.91837,19.11228],[72.91837,19.11233],[72.91836,19.11264],[72.91836,19.11274],[72.91835,19.11302],[72.91835,19.11325],[72.91834,19.11332],[72.91834,19.11334],[72.91831,19.11354],[72.91831,19.1136],[72.9183,19.11378],[72.91829,19.11404],[72.91828,19.11421],[72.91827,19.1145],[72.9183,19.11466],[72.91832,19.11479],[72.91837,19.11515],[72.9184,19.11535],[72.91837,19.1156],[72.91834,19.11589],[72.91833,19.11595],[72.91831,19.11612],[72.9183,19.11638],[72.91828,19.11665],[72.9183,19.11705],[72.9181,19.11692],[72.91803,19.11687],[72.91764,19.11663],[72.91737,19.11642],[72.9171,19.11616],[72.91689,19.11596],[72.91673,19.11581],[72.9166,19.11569],[72.91635,19.1155],[72.91629,19.11548],[72.91619,19.11545],[72.9161,19.11542],[72.91603,19.1154],[72.91586,19.11535],[72.91567,19.11529],[72.91557,19.11526],[72.91538,19.11521],[72.91521,19.11516],[72.91515,19.11492],[72.91507,19.11467],[72.91468,19.11361],[72.91454,19.11325],[72.91409,19.11181],[72.91388,19.11137],[72.91369,19.11114],[72.91342,19.11079],[72.9133,19.11065],[72.91287,19.11038],[72.91221,19.10996],[72.9121,19.10988],[72.91188,19.10974],[72.9117,19.10961],[72.91169,19.10961],[72.91156,19.10955],[72.91143,19.10948],[72.91129,19.1094],[72.91119,19.10935],[72.91112,19.10932],[72.91095,19.10923],[72.91072,19.1091],[72.91039,19.10894],[72.91012,19.10879],[72.90996,19.10872],[72.90978,19.10863],[72.90905,19.1083],[72.90835,19.10841],[72.90801,19.10814],[72.90733,19.10761],[72.90698,19.10732],[72.90679,19.10717],[72.90672,19.10707],[72.9063,19.1064],[72.90614,19.10617],[72.906,19.10598],[72.90575,19.10564],[72.9056,19.10542],[72.90521,19.10488],[72.90501,19.1046],[72.9046,19.10328],[72.90459,19.10327],[72.90398,19.10287],[72.90389,19.10279],[72.90381,19.10265],[72.90373,19.10251],[72.90367,19.10238],[72.90366,19.10236],[72.90364,19.10233],[72.9036,19.10231],[72.90348,19.10227],[72.9033,19.10221],[72.90303,19.10212],[72.9024,19.10163],[72.90199,19.1014],[72.90176,19.10115],[72.90171,19.10109],[72.90165,19.10102],[72.90156,19.10094],[72.90134,19.10072],[72.90119,19.10061],[72.90109,19.1005],[72.90099,19.10039],[72.90095,19.10025],[72.90093,19.10019],[72.90092,19.10015],[72.90077,19.09979],[72.9007,19.09957],[72.90059,19.09945],[72.90055,19.09943],[72.90038,19.09933],[72.90033,19.09932],[72.89999,19.09922],[72.89996,19.0992],[72.89986,19.09912],[72.89978,19.09906],[72.89969,19.09899],[72.89959,19.09881],[72.89954,19.09865],[72.8995,19.09847],[72.89938,19.09779],[72.89938,19.09776],[72.89931,19.09754],[72.89923,19.0973],[72.89917,19.09711],[72.8991,19.09689],[72.89904,19.09669],[72.89894,19.09645],[72.8989,19.09635],[72.89887,19.09628],[72.89884,19.09621],[72.89879,19.0961],[72.89879,19.09609],[72.89876,19.09602],[72.89897,19.09593],[72.89901,19.09591],[72.89934,19.09577],[72.89938,19.09557],[72.89939,19.09553],[72.8994,19.09549],[72.89943,19.09533],[72.89952,19.09512],[72.89954,19.09486],[72.89955,19.09481],[72.89959,19.09467],[72.89968,19.09466],[72.8997,19.09455],[72.89969,19.09439],[72.89969,19.09434],[72.89968,19.09421],[72.89967,19.09416],[72.89965,19.09406],[72.89961,19.09395],[72.89958,19.09382],[72.8995,19.09382],[72.89944,19.09375],[72.89924,19.09349],[72.89917,19.09335],[72.89904,19.09326],[72.89903,19.09325],[72.89894,19.09318],[72.89882,19.0931],[72.89874,19.09304],[72.89869,19.09299],[72.89843,19.09275],[72.89839,19.09259],[72.89802,19.09252],[72.89783,19.09237],[72.89774,19.09231],[72.89728,19.09209],[72.89721,19.09203],[72.89674,19.09163],[72.8965,19.0916],[72.89623,19.09159],[72.89594,19.09158],[72.89586,19.09198],[72.8957,19.09213],[72.89546,19.09217],[72.89534,19.09219],[72.89497,19.09228],[72.89483,19.09194],[72.89488,19.09134],[72.89489,19.09122],[72.89479,19.0912],[72.89468,19.09117],[72.89461,19.09115],[72.89457,19.09113],[72.89456,19.09113],[72.89441,19.09106],[72.89434,19.09103],[72.89435,19.09097],[72.89439,19.09058],[72.8944,19.09047],[72.89441,19.09043],[72.89443,19.09023],[72.89444,19.09014],[72.89462,19.08861],[72.89462,19.08853],[72.89462,19.08848],[72.89462,19.08842],[72.89462,19.08837],[72.89462,19.08835],[72.89462,19.08833],[72.89461,19.08827],[72.8946,19.08824],[72.89458,19.08812],[72.89449,19.08778],[72.89435,19.08742],[72.89423,19.08704],[72.8942,19.08689],[72.89418,19.08674],[72.89418,19.0867],[72.89417,19.08668],[72.89417,19.08667],[72.89417,19.08664],[72.89418,19.0866],[72.89419,19.08657],[72.89419,19.08653],[72.8942,19.08649],[72.89422,19.08643],[72.89424,19.08637],[72.89432,19.08606],[72.89434,19.08599],[72.89437,19.08588],[72.89439,19.08583],[72.89442,19.08572],[72.89267,19.08508],[72.89273,19.085],[72.89275,19.08497],[72.89277,19.08495],[72.89282,19.08488],[72.89297,19.08471],[72.89302,19.08461],[72.89311,19.08442],[72.89315,19.08436],[72.89329,19.08413],[72.8935,19.08348],[72.89375,19.08335],[72.89369,19.08252],[72.89368,19.0824],[72.89371,19.08221],[72.89373,19.08212],[72.89382,19.08198],[72.89385,19.08192],[72.89394,19.08179],[72.89394,19.08178],[72.89392,19.08173],[72.89391,19.08169],[72.89384,19.08147],[72.89383,19.08145],[72.89385,19.08122],[72.89385,19.08117],[72.89386,19.08114],[72.89386,19.08111],[72.89386,19.08107],[72.89387,19.08105],[72.89387,19.08104],[72.89387,19.08103],[72.89387,19.081],[72.89387,19.08099],[72.89387,19.08098],[72.89386,19.08092],[72.89386,19.08088],[72.89385,19.08085],[72.89385,19.08084],[72.89384,19.08084],[72.89384,19.08082],[72.89377,19.08063],[72.89377,19.0806],[72.89376,19.08057],[72.89375,19.08056],[72.89375,19.08055],[72.89375,19.08054],[72.89374,19.08052],[72.89374,19.08051],[72.89373,19.08049],[72.89372,19.08046],[72.89371,19.08045],[72.89371,19.08044],[72.8937,19.08043],[72.89369,19.0804],[72.89369,19.08038],[72.89368,19.08036],[72.89366,19.08033],[72.89364,19.08028],[72.89363,19.08025],[72.89336,19.07948],[72.89334,19.07942],[72.89333,19.07939],[72.89329,19.07924],[72.89327,19.07918],[72.89326,19.07915],[72.89325,19.07912],[72.89318,19.07885],[72.8931,19.07859],[72.89305,19.07798],[72.89286,19.07732],[72.89277,19.07701],[72.89272,19.07687],[72.89264,19.07656],[72.89257,19.07633],[72.89241,19.07574],[72.89233,19.07545],[72.89229,19.07532],[72.89218,19.07481],[72.89206,19.07426],[72.89185,19.07351],[72.89174,19.07314],[72.89173,19.07308],[72.89172,19.07307],[72.89171,19.07301],[72.89154,19.07275],[72.89149,19.07257],[72.89145,19.07241],[72.89142,19.07213],[72.89139,19.07177],[72.89135,19.07136],[72.89125,19.07059],[72.89125,19.07056],[72.89122,19.07041],[72.89121,19.07026],[72.89117,19.06978],[72.89116,19.06967],[72.89115,19.06949],[72.89106,19.06843],[72.89233,19.06824],[72.8924,19.06823],[72.89241,19.06822],[72.89247,19.06821],[72.89253,19.0682],[72.89254,19.0682],[72.89271,19.06817],[72.89277,19.06824],[72.8937,19.06952],[72.89457,19.07071],[72.89518,19.07154],[72.89525,19.07158],[72.89558,19.0716],[72.89561,19.0716],[72.89564,19.0716],[72.89626,19.0717],[72.89642,19.07176],[72.8967,19.07182],[72.89686,19.07186],[72.89693,19.07187],[72.89743,19.07194],[72.89755,19.07197],[72.8977,19.072],[72.89777,19.07201],[72.8979,19.07203],[72.89809,19.07204],[72.89829,19.07204],[72.89836,19.07204],[72.89851,19.07205],[72.89874,19.07185],[72.89923,19.07185],[72.89941,19.07192],[72.89974,19.07204],[72.89977,19.07206],[72.89981,19.07207],[72.89992,19.07211],[72.90041,19.0723],[72.9006,19.0724],[72.90064,19.07242],[72.90098,19.0726],[72.90109,19.07264],[72.90113,19.07266],[72.90138,19.07276],[72.9015,19.0728],[72.90157,19.07283],[72.9016,19.07284],[72.90164,19.07285],[72.90193,19.07298],[72.90221,19.0728],[72.90223,19.0728],[72.90227,19.07277],[72.90268,19.07354],[72.90277,19.07363],[72.90286,19.07364],[72.9029,19.07362],[72.90293,19.07359],[72.90295,19.07358],[72.90301,19.07353],[72.90317,19.0734],[72.90322,19.07336],[72.90356,19.07311],[72.90374,19.07297],[72.90391,19.07285],[72.90416,19.07267],[72.90445,19.07247],[72.90466,19.07232],[72.90468,19.0723],[72.90477,19.07216],[72.90522,19.07158],[72.90535,19.07161],[72.90551,19.07164],[72.90568,19.07167],[72.9059,19.07171],[72.90595,19.07172],[72.90608,19.07173],[72.9062,19.07175],[72.90634,19.07177],[72.90638,19.07178],[72.90667,19.07183],[72.90672,19.07184],[72.90695,19.07188],[72.90707,19.07191],[72.9073,19.07196],[72.90735,19.07187],[72.90736,19.07185],[72.90742,19.07173],[72.9076,19.07075],[72.90768,19.07035],[72.90825,19.0704],[72.90848,19.0704],[72.90925,19.0704],[72.90951,19.06951],[72.90987,19.06956],[72.90987,19.06952],[72.91011,19.06808],[72.91027,19.06792],[72.91061,19.06755],[72.91066,19.06716],[72.91174,19.0651]]]},"properties":{"NAME":"N"}},
{"type":"Feature","geometry":{"type":"MultiPolygon","coordinates":[[[[72.84942,19.14359],[72.84998,19.14356],[72.85027,19.14353],[72.85137,19.14342],[72.8518,19.14337],[72.8519,19.14336],[72.85192,19.14336],[72.85193,19.14336],[72.85197,19.14336],[72.85202,19.14335],[72.85212,19.14334],[72.85219,19.14333],[72.85225,19.14332],[72.8524,19.14329],[72.85243,19.14328],[72.8525,19.14327],[72.85251,19.14327],[72.85254,19.14319],[72.85255,19.14315],[72.85259,19.14305],[72.85262,19.14293],[72.85266,19.14283],[72.85269,19.14274],[72.85267,19.14268],[72.85272,19.14252],[72.85274,19.14248],[72.85284,19.14249],[72.85287,19.14249],[72.85296,19.14249],[72.85309,19.1425],[72.85322,19.1425],[72.85334,19.14251],[72.85336,19.14251],[72.85339,19.14251],[72.85359,19.14252],[72.85369,19.14252],[72.85385,19.14253],[72.85393,19.14252],[72.85407,19.14251],[72.85419,19.14251],[72.85431,19.1425],[72.85437,19.14247],[72.85438,19.14245],[72.85443,19.14242],[72.85453,19.14236],[72.85454,19.14235],[72.85455,19.14234],[72.85456,19.14234],[72.85457,19.14233],[72.85459,19.14232],[72.8546,19.14231],[72.85469,19.14225],[72.85473,19.14222],[72.85474,19.14222],[72.85491,19.14213],[72.85499,19.14209],[72.85526,19.14194],[72.85532,19.14193],[72.85543,19.1419],[72.85567,19.14184],[72.85575,19.14182],[72.85616,19.14175],[72.85671,19.14166],[72.85705,19.14161],[72.85729,19.14162],[72.85742,19.14162],[72.85751,19.14162],[72.8576,19.14163],[72.85778,19.14164],[72.8578,19.14164],[72.8579,19.14164],[72.85817,19.14166],[72.85832,19.14166],[72.85841,19.14168],[72.85864,19.14174],[72.85867,19.14175],[72.85888,19.1418],[72.85889,19.14181],[72.85893,19.14181],[72.85896,19.14181],[72.85899,19.14181],[72.85902,19.14181],[72.85923,19.14182],[72.85925,19.14182],[72.8593,19.14182],[72.85933,19.14183],[72.85936,19.14183],[72.85939,19.14183],[72.85951,19.14183],[72.85957,19.14184],[72.85982,19.14189],[72.86006,19.14192],[72.86013,19.14193],[72.86023,19.14194],[72.86036,19.14196],[72.86048,19.14198],[72.86061,19.14199],[72.86063,19.14199],[72.86064,19.14199],[72.86089,19.14201],[72.86119,19.14202],[72.86131,19.142],[72.86127,19.14198],[72.86171,19.14191],[72.86172,19.14191],[72.86179,19.14191],[72.86201,19.14193],[72.86228,19.14194],[72.86251,19.14196],[72.86325,19.14164],[72.86338,19.14159],[72.86347,19.14154],[72.86388,19.1413],[72.86415,19.14131],[72.86453,19.14131],[72.86458,19.1413],[72.86486,19.14126],[72.86507,19.14123],[72.86538,19.14117],[72.8656,19.14112],[72.86588,19.14106],[72.86593,19.14099],[72.86599,19.14097],[72.86625,19.14089],[72.86642,19.14086],[72.86662,19.14081],[72.86732,19.14062],[72.86753,19.14057],[72.86798,19.14048],[72.86858,19.14026],[72.86882,19.14021],[72.86901,19.14016],[72.8691,19.14014],[72.86918,19.14008],[72.8693,19.14002],[72.8694,19.13999],[72.86947,19.13996],[72.86954,19.13993],[72.87089,19.13955],[72.8709,19.13955],[72.8711,19.1395],[72.87129,19.13945],[72.87131,19.13944],[72.87148,19.13941],[72.87163,19.13937],[72.87208,19.13928],[72.87218,19.13926],[72.87233,19.13923],[72.87238,19.13923],[72.87247,19.13921],[72.87251,19.1392],[72.87256,19.13919],[72.87261,19.13917],[72.87276,19.13913],[72.87361,19.1389],[72.8742,19.13874],[72.87538,19.13854],[72.87533,19.13852],[72.87507,19.13847],[72.87489,19.13847],[72.87484,19.13847],[72.8748,19.1385],[72.87469,19.13858],[72.87445,19.13839],[72.87438,19.13817],[72.87472,19.13758],[72.87491,19.13764],[72.87528,19.13774],[72.87557,19.13784],[72.87568,19.13777],[72.87576,19.13773],[72.87596,19.13781],[72.87612,19.13792],[72.87627,19.13812],[72.87629,19.13827],[72.87635,19.13846],[72.87645,19.13863],[72.87656,19.13873],[72.877,19.13867],[72.87719,19.13863],[72.87736,19.13856],[72.87774,19.13875],[72.87781,19.13879],[72.87786,19.13894],[72.878,19.13932],[72.87806,19.13948],[72.87808,19.13954],[72.87811,19.13958],[72.8782,19.13958],[72.87827,19.13957],[72.87833,19.13957],[72.87835,19.13956],[72.87836,19.13954],[72.87837,19.13951],[72.87838,19.1394],[72.87837,19.13938],[72.87868,19.13878],[72.87876,19.1383],[72.87883,19.13796],[72.87908,19.13791],[72.87915,19.1379],[72.87985,19.13779],[72.88111,19.13761],[72.88113,19.13761],[72.8812,19.1376],[72.88122,19.1376],[72.88129,19.13758],[72.88132,19.13758],[72.88217,19.13742],[72.88233,19.13739],[72.88303,19.13726],[72.88327,19.13721],[72.8833,19.1372],[72.88339,19.13719],[72.88362,19.13715],[72.88385,19.1371],[72.88493,19.13691],[72.88525,19.13685],[72.88533,19.13704],[72.88536,19.13709],[72.88539,19.13715],[72.88558,19.13758],[72.88601,19.13741],[72.88648,19.13723],[72.88652,19.13722],[72.88663,19.13717],[72.88664,19.13717],[72.88668,19.13716],[72.88684,19.13708],[72.88703,19.13704],[72.88704,19.13704],[72.88732,19.13693],[72.88734,19.13692],[72.88739,19.1369],[72.88748,19.13687],[72.88752,19.13685],[72.88768,19.13679],[72.88782,19.13674],[72.88791,19.1367],[72.88804,19.13665],[72.88806,19.13664],[72.88825,19.13657],[72.88845,19.13649],[72.88865,19.13642],[72.88866,19.13641],[72.88873,19.13638],[72.88884,19.13634],[72.8889,19.13632],[72.88895,19.1363],[72.88905,19.13626],[72.88923,19.13619],[72.88936,19.13614],[72.88953,19.13607],[72.88958,19.13605],[72.88961,19.13604],[72.88964,19.13604],[72.88964,19.13603],[72.88967,19.13602],[72.88974,19.136],[72.88989,19.13593],[72.89013,19.13584],[72.89021,19.1358],[72.89045,19.13571],[72.89064,19.13564],[72.89067,19.13562],[72.8907,19.13561],[72.89072,19.13564],[72.89084,19.13582],[72.89096,19.13599],[72.89093,19.13615],[72.89099,19.13619],[72.89112,19.13626],[72.89126,19.13619],[72.89159,19.13625],[72.89184,19.13635],[72.89188,19.13636],[72.89191,19.13637],[72.89197,19.13641],[72.8922,19.13654],[72.89245,19.13668],[72.89278,19.13685],[72.8928,19.13686],[72.89307,19.13701],[72.89311,19.13709],[72.89322,19.1373],[72.89333,19.1375],[72.8934,19.13762],[72.89351,19.13781],[72.89351,19.13782],[72.8936,19.13799],[72.89378,19.13816],[72.89383,19.13821],[72.89389,19.13827],[72.89396,19.13834],[72.89399,19.13836],[72.89399,19.13837],[72.894,19.13839],[72.89403,19.13844],[72.89404,19.13845],[72.89406,19.13847],[72.89411,19.13853],[72.89413,19.13855],[72.89418,19.13863],[72.89429,19.13878],[72.89429,19.13879],[72.89433,19.13885],[72.8945,19.13909],[72.89463,19.13927],[72.89463,19.13928],[72.89463,19.13944],[72.89463,19.13951],[72.89463,19.13955],[72.89464,19.13972],[72.89463,19.13981],[72.89463,19.13994],[72.89456,19.14009],[72.8945,19.14019],[72.89439,19.14041],[72.89433,19.14054],[72.89426,19.14066],[72.89421,19.14076],[72.8942,19.14079],[72.89412,19.14095],[72.89407,19.14104],[72.89405,19.14108],[72.89402,19.14114],[72.89395,19.14124],[72.89376,19.14154],[72.89375,19.14157],[72.89348,19.14192],[72.89347,19.14201],[72.89346,19.14209],[72.89414,19.142],[72.89422,19.14276],[72.89442,19.14316],[72.89474,19.14382],[72.89491,19.14417],[72.89501,19.14434],[72.89528,19.1449],[72.89534,19.14521],[72.89531,19.14527],[72.89525,19.14541],[72.8952,19.14555],[72.89517,19.14576],[72.89516,19.14576],[72.89516,19.14582],[72.89515,19.14596],[72.89513,19.1465],[72.89506,19.14671],[72.89503,19.14679],[72.89502,19.14683],[72.89499,19.1473],[72.89437,19.14833],[72.89433,19.1484],[72.89416,19.14869],[72.89369,19.14948],[72.89363,19.14958],[72.89342,19.14993],[72.89317,19.15035],[72.89298,19.15068],[72.89306,19.15172],[72.89311,19.15233],[72.89317,19.15246],[72.89338,19.1528],[72.89359,19.15316],[72.89352,19.15357],[72.8935,19.15371],[72.89346,19.15373],[72.89267,19.15412],[72.89198,19.15477],[72.89194,19.15481],[72.89112,19.15559],[72.89079,19.1559],[72.89035,19.15633],[72.89017,19.15651],[72.89016,19.15651],[72.88982,19.15666],[72.88941,19.15685],[72.88996,19.15726],[72.8901,19.15736],[72.89032,19.15753],[72.89046,19.15763],[72.89046,19.15786],[72.89046,19.15826],[72.89045,19.15847],[72.89047,19.15939],[72.89047,19.15989],[72.89103,19.16026],[72.89155,19.16027],[72.89184,19.16106],[72.89186,19.16111],[72.89197,19.1614],[72.89213,19.1619],[72.8923,19.1625],[72.89234,19.16267],[72.89235,19.16272],[72.89244,19.16304],[72.89248,19.16318],[72.89243,19.16343],[72.89238,19.16369],[72.89234,19.16388],[72.89232,19.16397],[72.89238,19.1641],[72.89107,19.16392],[72.89068,19.16389],[72.89051,19.16386],[72.8892,19.1632],[72.88907,19.16316],[72.88893,19.16315],[72.88883,19.16315],[72.88874,19.16315],[72.88853,19.16319],[72.88795,19.16331],[72.88794,19.1633],[72.88793,19.1633],[72.88662,19.16353],[72.88544,19.16368],[72.88343,19.16405],[72.87997,19.16473],[72.87983,19.16475],[72.8797,19.16478],[72.87957,19.16481],[72.87943,19.16485],[72.8793,19.16489],[72.87918,19.16494],[72.87905,19.165],[72.87893,19.16506],[72.87881,19.16512],[72.87869,19.16519],[72.87855,19.16529],[72.87841,19.16538],[72.87827,19.16549],[72.87814,19.16559],[72.87801,19.1657],[72.87789,19.16582],[72.87777,19.16594],[72.87766,19.16607],[72.87736,19.16638],[72.87721,19.16661],[72.87723,19.16659],[72.87647,19.16769],[72.87633,19.16789],[72.8759,19.16853],[72.87535,19.16941],[72.87518,19.1697],[72.875,19.17002],[72.87487,19.17024],[72.87475,19.17045],[72.87458,19.17137],[72.87447,19.172],[72.87436,19.17297],[72.87422,19.17429],[72.87403,19.17597],[72.87384,19.17595],[72.87379,19.17594],[72.87358,19.17592],[72.87343,19.17591],[72.87308,19.17587],[72.87225,19.17579],[72.87223,19.17579],[72.87209,19.17578],[72.87185,19.17576],[72.87171,19.17574],[72.87148,19.17572],[72.87145,19.17572],[72.87131,19.17569],[72.8713,19.17568],[72.87117,19.17566],[72.87105,19.17564],[72.87102,19.17563],[72.87089,19.17561],[72.87058,19.1756],[72.87049,19.1756],[72.869,19.17556],[72.86884,19.17556],[72.86815,19.17557],[72.86807,19.17558],[72.86805,19.17558],[72.86802,19.17559],[72.86784,19.17561],[72.86768,19.17565],[72.86721,19.17578],[72.86695,19.17583],[72.86687,19.17584],[72.86677,19.17584],[72.86669,19.17584],[72.86658,19.17581],[72.86647,19.17579],[72.86615,19.17571],[72.86544,19.17558],[72.86343,19.17511],[72.86104,19.17463],[72.85948,19.17436],[72.85947,19.17436],[72.85947,19.17441],[72.85945,19.17475],[72.85945,19.17476],[72.85944,19.17478],[72.85944,19.17479],[72.85943,19.17485],[72.85943,19.17489],[72.85941,19.17504],[72.85938,19.1754],[72.85839,19.17538],[72.85798,19.17536],[72.85787,19.17536],[72.85776,19.1754],[72.8577,19.17543],[72.85757,19.1755],[72.85743,19.1756],[72.85721,19.1758],[72.85718,19.17583],[72.85715,19.17587],[72.8571,19.17596],[72.85708,19.17601],[72.85706,19.1761],[72.85706,19.17624],[72.85706,19.17627],[72.85705,19.17642],[72.85703,19.17649],[72.85702,19.17653],[72.85697,19.17661],[72.85694,19.17666],[72.85693,19.17676],[72.85691,19.17697],[72.85688,19.17726],[72.85686,19.17737],[72.85682,19.17743],[72.8568,19.17745],[72.85678,19.17746],[72.85677,19.17747],[72.85676,19.17747],[72.8567,19.17748],[72.85662,19.17749],[72.85657,19.17749],[72.85653,19.17748],[72.8563,19.17738],[72.85626,19.17736],[72.85623,19.17735],[72.85603,19.17726],[72.85594,19.17724],[72.8559,19.17722],[72.85587,19.17722],[72.8557,19.17718],[72.85563,19.17716],[72.85552,19.17713],[72.85518,19.17705],[72.85517,19.17705],[72.85438,19.17684],[72.8541,19.17677],[72.8538,19.1767],[72.85333,19.17671],[72.85304,19.17672],[72.85279,19.17666],[72.85277,19.17665],[72.85276,19.17665],[72.85257,19.17659],[72.85202,19.17639],[72.85181,19.17632],[72.85173,19.1763],[72.85163,19.17627],[72.85146,19.17628],[72.85142,19.17628],[72.85109,19.17633],[72.8505,19.17642],[72.85035,19.17654],[72.85018,19.1767],[72.85011,19.1768],[72.8501,19.17682],[72.85005,19.17682],[72.84989,19.17683],[72.84975,19.17685],[72.84967,19.17686],[72.84963,19.17688],[72.84947,19.17696],[72.84943,19.17699],[72.84925,19.1771],[72.84911,19.17726],[72.84909,19.17729],[72.84905,19.17737],[72.84888,19.17753],[72.84882,19.17758],[72.84873,19.17764],[72.84869,19.17766],[72.84862,19.17771],[72.84856,19.17775],[72.84855,19.17775],[72.84846,19.17778],[72.84827,19.17784],[72.84824,19.17785],[72.84805,19.17792],[72.8478,19.17797],[72.84722,19.17807],[72.84694,19.17809],[72.84655,19.17812],[72.84633,19.17811],[72.84632,19.17811],[72.84628,19.17811],[72.84626,19.17812],[72.84625,19.17813],[72.84622,19.17814],[72.84618,19.17815],[72.84602,19.17823],[72.84585,19.17832],[72.84576,19.17835],[72.84572,19.17837],[72.84566,19.17839],[72.84565,19.17839],[72.84557,19.17843],[72.84553,19.17844],[72.8455,19.17845],[72.84541,19.17849],[72.84523,19.17861],[72.8452,19.17863],[72.84516,19.17865],[72.84503,19.17876],[72.845,19.17878],[72.84496,19.1788],[72.84485,19.17887],[72.8448,19.17888],[72.84478,19.17888],[72.84478,19.17889],[72.84477,19.17889],[72.84474,19.17888],[72.84472,19.17888],[72.84471,19.17887],[72.84469,19.17887],[72.84463,19.17886],[72.84462,19.17885],[72.8446,19.17885],[72.84451,19.17885],[72.84443,19.17885],[72.84435,19.17885],[72.84423,19.17885],[72.84407,19.17887],[72.84402,19.17888],[72.84394,19.1789],[72.84385,19.17892],[72.84378,19.17894],[72.84375,19.17895],[72.84373,19.17896],[72.84366,19.17899],[72.84356,19.17901],[72.84351,19.17902],[72.84346,19.17902],[72.8434,19.17902],[72.84332,19.17902],[72.84307,19.17902],[72.84292,19.17902],[72.84287,19.17905],[72.84286,19.17906],[72.84273,19.17907],[72.84272,19.17907],[72.84257,19.17911],[72.84251,19.17912],[72.8425,19.17913],[72.84248,19.17913],[72.84245,19.17914],[72.84243,19.17914],[72.84241,19.17915],[72.84237,19.17915],[72.84212,19.17919],[72.84188,19.17922],[72.84178,19.17923],[72.84176,19.17923],[72.84175,19.17923],[72.84174,19.17924],[72.8417,19.17924],[72.84164,19.17924],[72.84127,19.17922],[72.84101,19.17922],[72.84086,19.17924],[72.84072,19.17926],[72.84071,19.17926],[72.84062,19.17926],[72.84039,19.1793],[72.84038,19.1793],[72.84035,19.1793],[72.84027,19.1793],[72.84015,19.17931],[72.84002,19.17931],[72.8399,19.17932],[72.83977,19.17932],[72.83964,19.17932],[72.83948,19.17932],[72.83932,19.17932],[72.83918,19.17932],[72.83902,19.17932],[72.83888,19.17932],[72.83875,19.17932],[72.83851,19.17932],[72.83836,19.17933],[72.83825,19.17933],[72.83817,19.17934],[72.83795,19.17933],[72.83789,19.17932],[72.8377,19.17933],[72.83763,19.17933],[72.83753,19.17935],[72.83745,19.17938],[72.83731,19.17944],[72.83721,19.17948],[72.8372,19.17948],[72.83717,19.1795],[72.83701,19.17962],[72.8369,19.1797],[72.83678,19.17976],[72.83677,19.17976],[72.83665,19.17976],[72.83654,19.17977],[72.83647,19.17976],[72.83633,19.17976],[72.83632,19.17975],[72.83631,19.17974],[72.8363,19.17974],[72.83629,19.17973],[72.8361,19.17959],[72.83594,19.17944],[72.83581,19.17932],[72.83571,19.17922],[72.83563,19.17914],[72.83554,19.17908],[72.83542,19.17898],[72.83537,19.17895],[72.83528,19.17889],[72.83522,19.17885],[72.83515,19.17881],[72.83509,19.17878],[72.83506,19.17876],[72.83498,19.17874],[72.83496,19.17873],[72.83494,19.17873],[72.83491,19.17873],[72.8348,19.17871],[72.83467,19.17869],[72.8344,19.17867],[72.83407,19.17864],[72.83406,19.17864],[72.83368,19.17862],[72.83353,19.17861],[72.83303,19.17858],[72.83266,19.17856],[72.8323,19.17855],[72.83194,19.17854],[72.83186,19.17853],[72.83169,19.17853],[72.83151,19.17854],[72.83143,19.17854],[72.83131,19.17855],[72.8313,19.17855],[72.83116,19.17855],[72.8311,19.17856],[72.83102,19.17856],[72.83101,19.17856],[72.83077,19.17857],[72.82976,19.1785],[72.82964,19.17849],[72.82955,19.17746],[72.82931,19.17642],[72.8287,19.17541],[72.82796,19.17472],[72.82724,19.17441],[72.82576,19.17266],[72.82555,19.17188],[72.82555,19.17186],[72.82536,19.17085],[72.82523,19.17018],[72.82503,19.16963],[72.82351,19.16827],[72.82231,19.16702],[72.82159,19.16634],[72.81618,19.16103],[72.81104,19.156],[72.81091,19.15586],[72.81016,19.155],[72.80975,19.15443],[72.81102,19.15311],[72.81217,19.15192],[72.81297,19.15269],[72.81304,19.15275],[72.81312,19.15282],[72.81375,19.15326],[72.81419,19.15357],[72.81585,19.1547],[72.81787,19.15621],[72.81823,19.15653],[72.81888,19.15632],[72.81928,19.15619],[72.81966,19.15607],[72.81975,19.15604],[72.81985,19.156],[72.82003,19.15591],[72.82035,19.1557],[72.82045,19.15551],[72.82055,19.15527],[72.82068,19.15501],[72.82097,19.15438],[72.82133,19.15304],[72.82137,19.15288],[72.82188,19.151],[72.822,19.15054],[72.822,19.15053],[72.82285,19.15101],[72.82375,19.15152],[72.82697,19.15337],[72.82713,19.15346],[72.82799,19.15396],[72.82824,19.15393],[72.82835,19.15392],[72.82841,19.15391],[72.82843,19.1539],[72.82876,19.15373],[72.82913,19.15354],[72.82955,19.15331],[72.82994,19.1531],[72.83004,19.15305],[72.83007,19.15303],[72.8301,19.15301],[72.83011,19.15301],[72.83031,19.15288],[72.8311,19.15236],[72.83119,19.15229],[72.83124,19.15225],[72.83147,19.15208],[72.83158,19.152],[72.8317,19.15192],[72.83188,19.15178],[72.83211,19.15164],[72.83231,19.15151],[72.8326,19.15138],[72.8329,19.15129],[72.833,19.15127],[72.83316,19.15124],[72.83365,19.15119],[72.83407,19.15116],[72.83506,19.15113],[72.83553,19.15113],[72.83563,19.15113],[72.83567,19.15113],[72.83572,19.15113],[72.8359,19.15114],[72.83619,19.15113],[72.8362,19.15112],[72.8368,19.1511],[72.83805,19.15101],[72.83851,19.15096],[72.83861,19.15095],[72.83903,19.1509],[72.83927,19.15088],[72.83945,19.15087],[72.83952,19.15086],[72.83955,19.15083],[72.83958,19.1508],[72.83962,19.15073],[72.83968,19.15059],[72.83982,19.15027],[72.83994,19.15019],[72.83995,19.15018],[72.84009,19.15007],[72.84036,19.14986],[72.84038,19.14986],[72.84062,19.14989],[72.84102,19.14995],[72.84125,19.14998],[72.84144,19.15001],[72.8416,19.15003],[72.84165,19.15004],[72.84168,19.15004],[72.84204,19.15009],[72.84209,19.1501],[72.84216,19.15011],[72.84219,19.15012],[72.84236,19.15015],[72.8424,19.15015],[72.84246,19.15016],[72.8425,19.15017],[72.84252,19.15017],[72.84256,19.15017],[72.84264,19.15018],[72.84273,19.1502],[72.84284,19.15021],[72.84293,19.15022],[72.84301,19.15023],[72.84304,19.15024],[72.84311,19.15025],[72.84312,19.15025],[72.84322,19.15025],[72.84325,19.15025],[72.84332,19.15023],[72.84335,19.15022],[72.8434,19.1502],[72.84344,19.15017],[72.84359,19.15006],[72.84368,19.15001],[72.84383,19.14997],[72.84388,19.14995],[72.84415,19.14975],[72.84441,19.14951],[72.84445,19.14945],[72.84453,19.14936],[72.84468,19.14918],[72.84482,19.14901],[72.84484,19.14898],[72.84488,19.14894],[72.84488,19.14893],[72.84491,19.14891],[72.84495,19.14887],[72.84499,19.14882],[72.84507,19.14872],[72.84509,19.1487],[72.84519,19.14854],[72.84523,19.14849],[72.84525,19.14846],[72.84529,19.14836],[72.84533,19.14825],[72.84537,19.14814],[72.8454,19.14806],[72.8454,19.14803],[72.84545,19.14782],[72.84548,19.14769],[72.84549,19.14763],[72.8455,19.14754],[72.84556,19.14745],[72.84562,19.14742],[72.84573,19.14734],[72.84591,19.14722],[72.84592,19.14722],[72.84596,19.14719],[72.84596,19.14718],[72.8459,19.14704],[72.84588,19.14701],[72.84588,19.147],[72.84585,19.14695],[72.84585,19.14688],[72.84586,19.14672],[72.84586,19.14668],[72.84586,19.14658],[72.84596,19.14652],[72.84602,19.14649],[72.84608,19.14645],[72.84628,19.14634],[72.84633,19.14626],[72.84636,19.14621],[72.84638,19.14617],[72.8464,19.14614],[72.84642,19.1461],[72.8465,19.14612],[72.84652,19.14612],[72.84653,19.14613],[72.84654,19.14612],[72.84667,19.14613],[72.84677,19.14616],[72.84682,19.14618],[72.84692,19.14623],[72.84698,19.14625],[72.84699,19.14626],[72.84701,19.14627],[72.84705,19.14629],[72.84706,19.14629],[72.84716,19.1463],[72.84717,19.1463],[72.84738,19.14626],[72.84746,19.14624],[72.84747,19.14624],[72.84756,19.14619],[72.84774,19.14609],[72.84796,19.14583],[72.84801,19.14578],[72.84817,19.14557],[72.84819,19.14554],[72.84827,19.14543],[72.8483,19.14539],[72.8483,19.14538],[72.84832,19.14527],[72.84834,19.1452],[72.84837,19.14507],[72.84839,19.14498],[72.84844,19.1448],[72.84846,19.1447],[72.84847,19.14464],[72.84839,19.14448],[72.84838,19.14425],[72.84838,19.14416],[72.84836,19.14384],[72.84875,19.14375],[72.84881,19.14374],[72.84884,19.14373],[72.84905,19.14368],[72.8492,19.14363],[72.84925,19.14362],[72.84942,19.14359]]],[[[72.78219,19.13248],[72.78259,19.13257],[72.78284,19.13257],[72.78313,19.13285],[72.78346,19.13329],[72.78357,19.13359],[72.78342,19.13419],[72.78313,19.13454],[72.78207,19.13512],[72.78152,19.13525],[72.78092,19.13484],[72.78075,19.13472],[72.78047,19.1345],[72.78042,19.13399],[72.78042,19.13369],[72.78066,19.13325],[72.78109,19.13288],[72.78138,19.13261],[72.7817,19.13248],[72.78219,19.13248]]]]},"properties":{"NAME":"P/S"}},
{"type":"Feature","geometry":{"type":"Polygon","coordinates":[[[72.78931,19.14469],[72.78936,19.14471],[72.78939,19.14473],[72.78947,19.14475],[72.78951,19.14476],[72.78964,19.1448],[72.78974,19.14484],[72.78975,19.14484],[72.78988,19.14488],[72.78998,19.14492],[72.79005,19.14494],[72.79012,19.14497],[72.79016,19.14498],[72.79019,19.14498],[72.7903,19.14499],[72.79048,19.14497],[72.79062,19.14496],[72.79073,19.14495],[72.79076,19.14494],[72.79081,19.14494],[72.79084,19.14494],[72.79085,19.14494],[72.79092,19.14493],[72.79098,19.14492],[72.79104,19.14492],[72.79126,19.1449],[72.79127,19.1449],[72.79128,19.1449],[72.79134,19.14489],[72.79145,19.14488],[72.7915,19.14486],[72.79154,19.14484],[72.79157,19.14483],[72.79166,19.14478],[72.79167,19.14478],[72.79177,19.14474],[72.79178,19.14473],[72.79182,19.14471],[72.79193,19.14467],[72.79202,19.14463],[72.79219,19.14457],[72.7922,19.14456],[72.79226,19.14454],[72.79296,19.14422],[72.79309,19.14416],[72.79353,19.14386],[72.79365,19.14378],[72.79369,19.14373],[72.79373,19.14368],[72.79374,19.14367],[72.79385,19.14354],[72.79388,19.14351],[72.79389,19.14349],[72.79392,19.14346],[72.79393,19.14342],[72.79394,19.14341],[72.79394,19.1434],[72.79395,19.14338],[72.79397,19.14336],[72.79406,19.14329],[72.79407,19.14329],[72.7943,19.14313],[72.79453,19.14298],[72.79454,19.14296],[72.79455,19.14294],[72.79461,19.1428],[72.79462,19.1428],[72.79474,19.14279],[72.7948,19.14279],[72.79481,19.14279],[72.79484,19.14279],[72.79495,19.14277],[72.795,19.14277],[72.79501,19.14277],[72.79502,19.14277],[72.79504,19.14275],[72.79512,19.14263],[72.79512,19.14262],[72.7951,19.14256],[72.79505,19.14244],[72.79516,19.1424],[72.79531,19.14237],[72.79532,19.14237],[72.79545,19.14225],[72.79556,19.14213],[72.79585,19.14206],[72.79589,19.14205],[72.79601,19.14202],[72.79604,19.14201],[72.79607,19.14201],[72.79608,19.14201],[72.79612,19.14201],[72.79619,19.14201],[72.79627,19.14203],[72.79635,19.14204],[72.79638,19.14205],[72.79663,19.14209],[72.79677,19.14215],[72.79681,19.14217],[72.79693,19.14225],[72.79717,19.1424],[72.7973,19.1425],[72.79734,19.14253],[72.79753,19.14263],[72.79778,19.14271],[72.79788,19.14275],[72.79797,19.14278],[72.79801,19.1428],[72.79807,19.14282],[72.79809,19.14283],[72.79814,19.14285],[72.79814,19.14279],[72.79813,19.14271],[72.79808,19.14267],[72.79807,19.14267],[72.79805,19.14266],[72.79805,19.14264],[72.79806,19.14261],[72.79808,19.14254],[72.79808,19.14253],[72.79808,19.14251],[72.79807,19.14248],[72.79808,19.14241],[72.7981,19.14239],[72.79814,19.14144],[72.79816,19.14093],[72.79818,19.14053],[72.79821,19.13978],[72.79821,19.13973],[72.80128,19.13863],[72.80355,19.14356],[72.80402,19.14457],[72.80414,19.14498],[72.80414,19.14499],[72.80421,19.14521],[72.80473,19.14707],[72.80522,19.14825],[72.80602,19.14995],[72.80679,19.15085],[72.80777,19.15184],[72.80787,19.15197],[72.80817,19.15237],[72.80862,19.15291],[72.80911,19.15347],[72.80946,19.15403],[72.80975,19.15443],[72.81016,19.155],[72.81091,19.15586],[72.81104,19.156],[72.81618,19.16103],[72.82159,19.16634],[72.82231,19.16702],[72.82351,19.16827],[72.82503,19.16963],[72.82523,19.17018],[72.82536,19.17085],[72.82555,19.17186],[72.82555,19.17188],[72.82576,19.17266],[72.82724,19.17441],[72.82796,19.17472],[72.8287,19.17541],[72.82931,19.17642],[72.82955,19.17746],[72.82964,19.17849],[72.82976,19.1785],[72.83077,19.17857],[72.83101,19.17856],[72.83102,19.17856],[72.8311,19.17856],[72.83116,19.17855],[72.8313,19.17855],[72.83131,19.17855],[72.83144,19.17854],[72.83152,19.17854],[72.83169,19.17853],[72.83186,19.17853],[72.83195,19.17854],[72.8323,19.17855],[72.83266,19.17856],[72.83303,19.17858],[72.83353,19.17861],[72.83368,19.17862],[72.83406,19.17864],[72.83407,19.17864],[72.8344,19.17867],[72.83467,19.17869],[72.8348,19.17871],[72.83492,19.17873],[72.83494,19.17873],[72.83496,19.17873],[72.83498,19.17874],[72.83506,19.17876],[72.83509,19.17878],[72.83515,19.17881],[72.83522,19.17885],[72.83528,19.17889],[72.83537,19.17895],[72.83542,19.17898],[72.83554,19.17908],[72.83563,19.17914],[72.83571,19.17922],[72.83581,19.17932],[72.83594,19.17944],[72.8361,19.17959],[72.83629,19.17973],[72.8363,19.17974],[72.83631,19.17974],[72.83632,19.17975],[72.83633,19.17976],[72.83647,19.17976],[72.83654,19.17977],[72.83665,19.17976],[72.83677,19.17976],[72.83678,19.17976],[72.8369,19.1797],[72.83702,19.17962],[72.83717,19.1795],[72.8372,19.17948],[72.83721,19.17948],[72.83731,19.17944],[72.83745,19.17938],[72.83753,19.17935],[72.83763,19.17933],[72.8377,19.17933],[72.83789,19.17932],[72.83795,19.17933],[72.83817,19.17934],[72.83825,19.17933],[72.83836,19.17933],[72.83852,19.17932],[72.83875,19.17932],[72.83889,19.17932],[72.83902,19.17932],[72.83918,19.17932],[72.83932,19.17932],[72.83948,19.17932],[72.83964,19.17932],[72.83978,19.17932],[72.8399,19.17932],[72.84002,19.17931],[72.84015,19.17931],[72.84027,19.1793],[72.84035,19.1793],[72.84038,19.1793],[72.84039,19.1793],[72.84062,19.17926],[72.84071,19.17926],[72.84072,19.17926],[72.84086,19.17924],[72.84101,19.17922],[72.84102,19.17922],[72.84127,19.17922],[72.84128,19.17922],[72.84164,19.17924],[72.8417,19.17924],[72.84174,19.17924],[72.84175,19.17924],[72.84177,19.17923],[72.84179,19.17923],[72.84188,19.17922],[72.84212,19.17919],[72.84237,19.17915],[72.84241,19.17915],[72.84243,19.17914],[72.84245,19.17914],[72.84249,19.17913],[72.8425,19.17913],[72.84252,19.17912],[72.84257,19.17911],[72.84273,19.17907],[72.84274,19.17907],[72.84286,19.17906],[72.84287,19.17905],[72.84292,19.17903],[72.84308,19.17902],[72.84332,19.17902],[72.84341,19.17902],[72.84346,19.17902],[72.84351,19.17902],[72.84356,19.17901],[72.84366,19.17899],[72.84373,19.17896],[72.84375,19.17895],[72.84378,19.17894],[72.84385,19.17892],[72.84394,19.1789],[72.84402,19.17888],[72.84407,19.17887],[72.84424,19.17885],[72.84435,19.17885],[72.84443,19.17885],[72.84451,19.17885],[72.8446,19.17885],[72.84462,19.17885],[72.84463,19.17886],[72.84469,19.17887],[72.84471,19.17887],[72.84472,19.17888],[72.84474,19.17888],[72.84477,19.17889],[72.84478,19.17889],[72.8448,19.17888],[72.84485,19.17887],[72.84496,19.1788],[72.845,19.17878],[72.84503,19.17876],[72.84516,19.17866],[72.8452,19.17863],[72.84524,19.17861],[72.84541,19.17849],[72.8455,19.17845],[72.84554,19.17844],[72.84557,19.17843],[72.84565,19.17839],[72.84566,19.17839],[72.84572,19.17837],[72.84576,19.17835],[72.84585,19.17832],[72.84602,19.17823],[72.84619,19.17815],[72.84622,19.17814],[72.84625,19.17813],[72.84626,19.17812],[72.84628,19.17811],[72.84632,19.17811],[72.84633,19.17811],[72.84655,19.17812],[72.84694,19.17809],[72.84722,19.17807],[72.8478,19.17797],[72.84805,19.17792],[72.84824,19.17785],[72.84828,19.17784],[72.84846,19.17778],[72.84855,19.17775],[72.84856,19.17775],[72.84862,19.17771],[72.84869,19.17766],[72.84874,19.17764],[72.84883,19.17758],[72.84889,19.17753],[72.84905,19.17737],[72.84909,19.17729],[72.84911,19.17726],[72.84925,19.1771],[72.84943,19.17699],[72.84947,19.17696],[72.84963,19.17688],[72.84967,19.17686],[72.84975,19.17685],[72.84989,19.17683],[72.85005,19.17682],[72.8501,19.17682],[72.85012,19.1768],[72.85018,19.1767],[72.85036,19.17654],[72.8505,19.17642],[72.85109,19.17633],[72.85142,19.17628],[72.85147,19.17628],[72.85163,19.17627],[72.85173,19.1763],[72.85181,19.17632],[72.85202,19.17639],[72.85257,19.17659],[72.85276,19.17665],[72.85277,19.17665],[72.85279,19.17666],[72.85304,19.17672],[72.85333,19.17671],[72.8538,19.1767],[72.8541,19.17677],[72.85438,19.17684],[72.85517,19.17705],[72.85518,19.17705],[72.85552,19.17713],[72.85563,19.17716],[72.8557,19.17718],[72.85587,19.17722],[72.8559,19.17722],[72.85594,19.17724],[72.85603,19.17726],[72.85623,19.17735],[72.85626,19.17736],[72.8563,19.17738],[72.85653,19.17748],[72.85657,19.17749],[72.85662,19.17749],[72.8567,19.17748],[72.85677,19.17747],[72.85678,19.17746],[72.8568,19.17745],[72.85683,19.17743],[72.85686,19.17737],[72.85689,19.17726],[72.85691,19.17697],[72.85693,19.17676],[72.85694,19.17666],[72.85697,19.17661],[72.85702,19.17653],[72.85703,19.17649],[72.85705,19.17642],[72.85706,19.17627],[72.85706,19.1761],[72.85708,19.17601],[72.8571,19.17596],[72.85715,19.17587],[72.85718,19.17583],[72.85721,19.1758],[72.85744,19.1756],[72.85757,19.1755],[72.8577,19.17543],[72.85776,19.1754],[72.85787,19.17536],[72.85798,19.17537],[72.8584,19.17538],[72.85938,19.1754],[72.85941,19.17504],[72.85943,19.17489],[72.85944,19.17485],[72.85944,19.17479],[72.85944,19.17478],[72.85945,19.17476],[72.85945,19.17475],[72.85947,19.17441],[72.85948,19.17436],[72.86104,19.17463],[72.86343,19.17511],[72.86544,19.17558],[72.86615,19.17571],[72.86647,19.17579],[72.86658,19.17581],[72.86669,19.17584],[72.86677,19.17584],[72.86687,19.17585],[72.86695,19.17583],[72.86722,19.17578],[72.86768,19.17565],[72.86784,19.17561],[72.86802,19.17559],[72.86806,19.17558],[72.86807,19.17558],[72.86815,19.17557],[72.86884,19.17556],[72.86901,19.17556],[72.87049,19.1756],[72.87058,19.1756],[72.87089,19.17561],[72.87102,19.17563],[72.87105,19.17564],[72.87117,19.17566],[72.8713,19.17568],[72.87131,19.17569],[72.87145,19.17572],[72.87149,19.17572],[72.87171,19.17574],[72.87185,19.17576],[72.8721,19.17578],[72.87223,19.17579],[72.87225,19.1758],[72.87308,19.17587],[72.87343,19.17591],[72.87358,19.17592],[72.87379,19.17594],[72.87384,19.17595],[72.87403,19.17597],[72.87422,19.17429],[72.87436,19.17297],[72.87447,19.172],[72.87458,19.17137],[72.87475,19.17045],[72.87487,19.17024],[72.875,19.17002],[72.87518,19.1697],[72.87535,19.16941],[72.8759,19.16853],[72.87634,19.16789],[72.87647,19.16769],[72.87723,19.16659],[72.87744,19.16634],[72.87754,19.1662],[72.87765,19.16607],[72.87777,19.16595],[72.87789,19.16583],[72.87801,19.16571],[72.87814,19.1656],[72.87827,19.16549],[72.87841,19.16538],[72.87855,19.16529],[72.87869,19.16519],[72.87881,19.16512],[72.87893,19.16506],[72.87905,19.165],[72.87918,19.16494],[72.87931,19.16489],[72.87944,19.16485],[72.87957,19.16481],[72.8797,19.16478],[72.87984,19.16475],[72.87997,19.16474],[72.88344,19.16406],[72.88544,19.16368],[72.88662,19.16353],[72.88793,19.1633],[72.88794,19.1633],[72.88795,19.16331],[72.88854,19.16319],[72.88874,19.16315],[72.88883,19.16315],[72.88894,19.16315],[72.88907,19.16316],[72.8892,19.1632],[72.89051,19.16386],[72.89068,19.16389],[72.89108,19.16392],[72.89238,19.1641],[72.89248,19.16429],[72.89362,19.16667],[72.89474,19.16902],[72.89502,19.1696],[72.89627,19.17206],[72.89705,19.1736],[72.89708,19.17363],[72.89839,19.17507],[72.89852,19.17522],[72.89889,19.17562],[72.89933,19.17609],[72.89949,19.17671],[72.89957,19.17705],[72.89959,19.17711],[72.89968,19.17748],[72.89978,19.17785],[72.89993,19.1785],[72.90025,19.17984],[72.90027,19.17993],[72.90006,19.1811],[72.90002,19.1813],[72.90001,19.18252],[72.89999,19.18326],[72.90019,19.1851],[72.89739,19.1892],[72.89737,19.18922],[72.89737,19.18923],[72.89734,19.18925],[72.89705,19.18946],[72.89704,19.18947],[72.89618,19.19014],[72.89611,19.1902],[72.89568,19.19054],[72.89567,19.19054],[72.8945,19.19063],[72.8943,19.19065],[72.89417,19.19066],[72.89404,19.19068],[72.89244,19.19107],[72.89201,19.19111],[72.89108,19.19119],[72.88784,19.19223],[72.88782,19.19224],[72.88773,19.19227],[72.88767,19.19229],[72.88758,19.19232],[72.88726,19.19242],[72.88714,19.19246],[72.88711,19.19247],[72.88708,19.19248],[72.88704,19.19248],[72.88586,19.19247],[72.88565,19.19247],[72.88558,19.19247],[72.88475,19.19246],[72.88279,19.19246],[72.88275,19.19246],[72.88073,19.19273],[72.87884,19.19297],[72.87846,19.19293],[72.87842,19.19292],[72.87742,19.19281],[72.87697,19.19284],[72.8768,19.19285],[72.87672,19.19286],[72.87671,19.19286],[72.8767,19.19286],[72.87656,19.19292],[72.87654,19.19292],[72.87652,19.19293],[72.87638,19.19296],[72.87629,19.19298],[72.8762,19.193],[72.87611,19.19302],[72.87606,19.19303],[72.87602,19.19304],[72.87591,19.19308],[72.87583,19.1931],[72.87576,19.19312],[72.87572,19.19313],[72.87545,19.19321],[72.87543,19.19322],[72.87528,19.19327],[72.87527,19.19327],[72.87516,19.19331],[72.8751,19.19332],[72.87506,19.19333],[72.87496,19.19337],[72.87493,19.19338],[72.8749,19.19339],[72.87486,19.1934],[72.87477,19.19343],[72.87476,19.19343],[72.87468,19.19345],[72.87461,19.19348],[72.87459,19.19348],[72.87457,19.19352],[72.87454,19.19355],[72.87443,19.19373],[72.87435,19.19385],[72.87431,19.19389],[72.8743,19.19392],[72.87429,19.19392],[72.87428,19.19392],[72.87427,19.19393],[72.87422,19.19393],[72.87418,19.19394],[72.87415,19.19395],[72.87405,19.19396],[72.87402,19.19396],[72.87399,19.19396],[72.87387,19.19394],[72.87386,19.19394],[72.87384,19.19394],[72.87379,19.19394],[72.87375,19.19394],[72.87374,19.19394],[72.87371,19.19394],[72.8736,19.19395],[72.87346,19.19396],[72.87342,19.19396],[72.87336,19.19397],[72.87324,19.19397],[72.87322,19.19398],[72.87318,19.19399],[72.87315,19.19399],[72.8731,19.194],[72.87309,19.194],[72.87299,19.19401],[72.87295,19.194],[72.87291,19.19399],[72.87289,19.19399],[72.87287,19.19398],[72.87282,19.19396],[72.87279,19.19394],[72.87279,19.19393],[72.87278,19.19393],[72.87272,19.19393],[72.8727,19.19393],[72.87266,19.19393],[72.87265,19.19393],[72.87259,19.19394],[72.87253,19.19393],[72.87252,19.19393],[72.87248,19.19391],[72.87241,19.19388],[72.87239,19.19388],[72.87236,19.19387],[72.87225,19.19386],[72.8722,19.19386],[72.87218,19.19386],[72.87199,19.19386],[72.87185,19.19386],[72.87154,19.19387],[72.87134,19.19385],[72.87132,19.19385],[72.87126,19.19385],[72.87107,19.19384],[72.87101,19.19384],[72.871,19.19384],[72.87099,19.19384],[72.87096,19.19384],[72.87085,19.19383],[72.8708,19.19383],[72.87073,19.19383],[72.87053,19.19383],[72.8705,19.19383],[72.87049,19.19383],[72.8703,19.19383],[72.87007,19.19375],[72.86971,19.19371],[72.86965,19.19371],[72.86958,19.1937],[72.86954,19.19371],[72.86953,19.19371],[72.86942,19.19374],[72.86934,19.19376],[72.86926,19.19377],[72.86923,19.19378],[72.86921,19.19378],[72.86891,19.19378],[72.8689,19.19378],[72.86881,19.1938],[72.86876,19.19381],[72.86869,19.19383],[72.86843,19.19389],[72.86842,19.19389],[72.86835,19.1939],[72.86829,19.19391],[72.86819,19.19392],[72.86815,19.19392],[72.8681,19.19393],[72.86805,19.19394],[72.86805,19.19393],[72.86806,19.19384],[72.86809,19.1938],[72.86813,19.19376],[72.86809,19.19371],[72.86807,19.19371],[72.86784,19.19371],[72.86771,19.19372],[72.86769,19.19372],[72.86768,19.19372],[72.86767,19.19372],[72.86762,19.19371],[72.86758,19.1937],[72.86745,19.19368],[72.86743,19.19367],[72.86721,19.19361],[72.867,19.19355],[72.86696,19.19353],[72.86683,19.19353],[72.86673,19.19352],[72.8667,19.19352],[72.86641,19.1935],[72.86634,19.19349],[72.86613,19.19349],[72.8661,19.19348],[72.86602,19.19347],[72.86585,19.19345],[72.86584,19.19345],[72.86567,19.19343],[72.86533,19.19343],[72.86531,19.19343],[72.8653,19.19343],[72.86529,19.19343],[72.86528,19.19342],[72.86526,19.19342],[72.86524,19.19342],[72.86515,19.19342],[72.86512,19.19342],[72.8651,19.19342],[72.86499,19.19342],[72.86489,19.19342],[72.86476,19.19343],[72.86474,19.19329],[72.86464,19.19274],[72.86461,19.19251],[72.86459,19.1924],[72.86459,19.19235],[72.86458,19.19227],[72.86457,19.19225],[72.86457,19.19222],[72.86456,19.19217],[72.86455,19.19215],[72.86454,19.19215],[72.86453,19.19214],[72.8645,19.1921],[72.86446,19.19205],[72.86445,19.19205],[72.86443,19.19203],[72.86437,19.19195],[72.86436,19.19186],[72.86435,19.19184],[72.86435,19.19179],[72.86434,19.19172],[72.86434,19.19171],[72.86434,19.1917],[72.86433,19.19164],[72.86432,19.19162],[72.86432,19.1916],[72.8643,19.19156],[72.86429,19.19153],[72.86426,19.19143],[72.86426,19.19142],[72.86426,19.19134],[72.86426,19.19126],[72.86427,19.19118],[72.86427,19.1911],[72.86419,19.1911],[72.86414,19.1911],[72.86412,19.19108],[72.8641,19.19106],[72.86409,19.19104],[72.86405,19.19098],[72.86404,19.19098],[72.86384,19.19103],[72.86378,19.19104],[72.86377,19.19104],[72.86375,19.19105],[72.86371,19.19105],[72.86366,19.19106],[72.86355,19.19109],[72.86348,19.1911],[72.86345,19.19111],[72.86343,19.19111],[72.86337,19.19112],[72.86332,19.19114],[72.86331,19.19114],[72.86329,19.19114],[72.86327,19.19115],[72.86325,19.19115],[72.86321,19.19116],[72.86306,19.1912],[72.86296,19.19123],[72.86289,19.19124],[72.86282,19.19126],[72.86279,19.19127],[72.86275,19.19128],[72.86272,19.19128],[72.86267,19.19129],[72.86262,19.1913],[72.86251,19.19131],[72.86231,19.19137],[72.86219,19.19141],[72.86212,19.19141],[72.86209,19.19141],[72.86186,19.19147],[72.86172,19.19151],[72.86162,19.19153],[72.86153,19.19156],[72.86147,19.19157],[72.86146,19.19158],[72.86131,19.19168],[72.86128,19.19169],[72.86122,19.19176],[72.86113,19.19185],[72.86109,19.1919],[72.86106,19.19194],[72.86105,19.19195],[72.86099,19.19201],[72.8609,19.19212],[72.8608,19.19223],[72.86073,19.19231],[72.86072,19.19232],[72.86071,19.19232],[72.8607,19.19234],[72.86065,19.1924],[72.8606,19.19246],[72.86057,19.1925],[72.86047,19.1926],[72.86037,19.19272],[72.86033,19.19277],[72.86029,19.19281],[72.86026,19.19283],[72.86022,19.19288],[72.86013,19.19299],[72.86012,19.19301],[72.86008,19.19304],[72.86001,19.19312],[72.85997,19.19316],[72.85984,19.19337],[72.85982,19.19341],[72.8598,19.19349],[72.85981,19.19351],[72.86001,19.1939],[72.86006,19.194],[72.86019,19.19434],[72.86035,19.19468],[72.86007,19.19472],[72.85992,19.1947],[72.85975,19.19466],[72.85962,19.19463],[72.85961,19.19463],[72.85954,19.19461],[72.85953,19.19462],[72.85951,19.19463],[72.8595,19.19464],[72.85949,19.19465],[72.85947,19.19466],[72.85946,19.19467],[72.85945,19.19468],[72.8594,19.19471],[72.85939,19.19472],[72.85935,19.19472],[72.85934,19.19471],[72.85933,19.19471],[72.85931,19.1947],[72.85929,19.19469],[72.85927,19.19468],[72.85923,19.19467],[72.85919,19.19466],[72.85912,19.19465],[72.85909,19.19464],[72.85908,19.19463],[72.85906,19.19462],[72.85905,19.19462],[72.85903,19.19461],[72.85889,19.19457],[72.85887,19.19457],[72.85884,19.19456],[72.85871,19.19453],[72.85851,19.1945],[72.85834,19.19456],[72.85834,19.19457],[72.85831,19.19458],[72.85823,19.19462],[72.85819,19.19463],[72.85817,19.19465],[72.85786,19.19457],[72.85763,19.1945],[72.85744,19.19444],[72.85739,19.19444],[72.85737,19.19444],[72.85725,19.19443],[72.85717,19.19443],[72.85682,19.19438],[72.85674,19.19437],[72.85673,19.19436],[72.85664,19.19435],[72.85643,19.19435],[72.8563,19.19434],[72.85605,19.1942],[72.85602,19.19418],[72.85601,19.19417],[72.85578,19.19403],[72.85575,19.19401],[72.85566,19.19397],[72.85556,19.19395],[72.85554,19.19394],[72.85553,19.19394],[72.8555,19.19392],[72.85549,19.19392],[72.85544,19.19388],[72.85542,19.19387],[72.85528,19.19379],[72.85526,19.19378],[72.85524,19.19377],[72.8551,19.1937],[72.85478,19.19369],[72.85457,19.19372],[72.85433,19.19376],[72.85427,19.19377],[72.85426,19.19377],[72.8542,19.19378],[72.85412,19.1938],[72.85386,19.19385],[72.85373,19.19387],[72.85372,19.19388],[72.85368,19.19389],[72.85365,19.19391],[72.85364,19.1942],[72.85363,19.19476],[72.85362,19.19487],[72.85362,19.19502],[72.85362,19.19504],[72.85361,19.19521],[72.85361,19.19546],[72.8536,19.19574],[72.85371,19.19574],[72.85385,19.19574],[72.85388,19.19576],[72.85405,19.19584],[72.85411,19.19589],[72.85401,19.1964],[72.854,19.19648],[72.85394,19.19695],[72.85395,19.19698],[72.85395,19.19699],[72.85386,19.1977],[72.85385,19.1978],[72.85381,19.19812],[72.8538,19.19813],[72.85374,19.19858],[72.85373,19.19866],[72.85371,19.19881],[72.85371,19.19882],[72.8537,19.19886],[72.85368,19.19889],[72.85368,19.1989],[72.85367,19.1989],[72.85366,19.1989],[72.85353,19.19889],[72.85344,19.19889],[72.85306,19.19887],[72.85293,19.19886],[72.85291,19.19886],[72.85281,19.19886],[72.85266,19.19885],[72.85249,19.19884],[72.85247,19.19884],[72.85212,19.19882],[72.85163,19.1988],[72.85159,19.1988],[72.85156,19.1988],[72.85153,19.19884],[72.85152,19.19884],[72.85147,19.19892],[72.85145,19.19892],[72.8514,19.19892],[72.85139,19.19892],[72.85134,19.19893],[72.85127,19.19893],[72.85116,19.19893],[72.85113,19.19878],[72.85107,19.19855],[72.85102,19.19834],[72.851,19.19823],[72.85098,19.19809],[72.85094,19.1979],[72.85094,19.19788],[72.85091,19.19769],[72.85086,19.19739],[72.85082,19.19696],[72.85077,19.19639],[72.85074,19.19601],[72.85071,19.1956],[72.85069,19.19541],[72.85067,19.19532],[72.85063,19.19517],[72.8506,19.19502],[72.85059,19.195],[72.85056,19.19487],[72.85055,19.19482],[72.85054,19.19483],[72.8505,19.19483],[72.85026,19.19485],[72.84994,19.19488],[72.84952,19.19491],[72.84947,19.19488],[72.84946,19.19488],[72.84908,19.1949],[72.84883,19.19491],[72.84832,19.19491],[72.84805,19.19489],[72.84787,19.19489],[72.84753,19.19492],[72.84731,19.19496],[72.84721,19.19498],[72.84716,19.19498],[72.84719,19.19535],[72.84708,19.19537],[72.84695,19.19541],[72.84673,19.19546],[72.84659,19.19549],[72.84643,19.19549],[72.84627,19.19548],[72.846,19.19545],[72.84575,19.19543],[72.84541,19.1954],[72.84524,19.19538],[72.84522,19.19551],[72.84518,19.19584],[72.84515,19.1961],[72.84512,19.19631],[72.8451,19.19644],[72.84475,19.1964],[72.84451,19.19638],[72.8445,19.1964],[72.84442,19.19652],[72.84442,19.19653],[72.84432,19.1967],[72.8443,19.19672],[72.84415,19.19699],[72.84413,19.19702],[72.84393,19.19727],[72.84389,19.19732],[72.84375,19.19754],[72.84375,19.19755],[72.84363,19.19767],[72.84359,19.1977],[72.84352,19.19782],[72.84349,19.19793],[72.84348,19.19802],[72.84345,19.19808],[72.84338,19.19822],[72.84337,19.19825],[72.84335,19.19829],[72.84333,19.19833],[72.84326,19.19846],[72.84317,19.19864],[72.84311,19.19872],[72.84299,19.19888],[72.84289,19.19901],[72.84259,19.19939],[72.84241,19.19947],[72.84216,19.19955],[72.84191,19.19961],[72.84174,19.19963],[72.84162,19.19965],[72.84127,19.1997],[72.84117,19.19981],[72.84101,19.19993],[72.84099,19.19994],[72.84096,19.19996],[72.84091,19.19999],[72.8409,19.19999],[72.84089,19.2],[72.84081,19.20006],[72.84073,19.20012],[72.84071,19.20013],[72.84069,19.20014],[72.8406,19.20019],[72.84056,19.20021],[72.8405,19.20021],[72.84045,19.20021],[72.84043,19.20021],[72.84013,19.20028],[72.84012,19.20028],[72.84004,19.20031],[72.84002,19.20032],[72.83993,19.20035],[72.83991,19.20035],[72.83989,19.20037],[72.83987,19.20037],[72.83976,19.20043],[72.83952,19.20041],[72.83939,19.20039],[72.83937,19.20039],[72.83936,19.20039],[72.83927,19.20041],[72.83925,19.20041],[72.83919,19.20043],[72.83917,19.20044],[72.83914,19.20045],[72.83912,19.20045],[72.83905,19.20047],[72.83904,19.20048],[72.839,19.20049],[72.83899,19.20049],[72.83886,19.2005],[72.83874,19.2005],[72.83871,19.2005],[72.83867,19.20051],[72.83845,19.20053],[72.8382,19.20059],[72.83809,19.20066],[72.83803,19.20067],[72.83798,19.20068],[72.83791,19.20068],[72.83773,19.20066],[72.83761,19.20064],[72.83746,19.20065],[72.83739,19.20066],[72.83731,19.20066],[72.83702,19.20067],[72.83699,19.20067],[72.83699,19.20068],[72.83696,19.20068],[72.83693,19.20069],[72.83685,19.2007],[72.83682,19.20071],[72.83678,19.20071],[72.83677,19.20072],[72.83669,19.20073],[72.83652,19.20076],[72.83648,19.20077],[72.83636,19.20079],[72.83609,19.20094],[72.83608,19.20095],[72.83593,19.201],[72.8357,19.20093],[72.8356,19.20091],[72.8354,19.20077],[72.83523,19.20065],[72.83512,19.20057],[72.83509,19.20055],[72.83471,19.20037],[72.8347,19.20037],[72.83469,19.20037],[72.83465,19.20035],[72.83441,19.20026],[72.83437,19.20025],[72.8343,19.20022],[72.83421,19.20019],[72.8341,19.20015],[72.8341,19.20014],[72.83409,19.20014],[72.83405,19.20013],[72.83395,19.20009],[72.8339,19.20007],[72.83385,19.20004],[72.83376,19.20001],[72.83374,19.2],[72.83354,19.19991],[72.83353,19.1999],[72.83351,19.19989],[72.83342,19.19986],[72.83336,19.19984],[72.83333,19.19983],[72.83327,19.19981],[72.83326,19.19981],[72.83316,19.19977],[72.83313,19.19976],[72.83312,19.19976],[72.83309,19.19975],[72.833,19.19972],[72.83296,19.1997],[72.83292,19.19969],[72.83287,19.19967],[72.83284,19.19966],[72.83283,19.19966],[72.83282,19.19965],[72.83276,19.19963],[72.83271,19.19962],[72.83253,19.19955],[72.83244,19.19952],[72.8323,19.19946],[72.83215,19.19941],[72.83202,19.19936],[72.83196,19.19928],[72.83194,19.19925],[72.8319,19.19919],[72.83189,19.19919],[72.83181,19.19908],[72.83178,19.19905],[72.83172,19.19896],[72.83169,19.19893],[72.83169,19.19891],[72.83176,19.1986],[72.83181,19.19837],[72.83186,19.19822],[72.8318,19.19814],[72.83173,19.19803],[72.83162,19.1979],[72.83143,19.19762],[72.83141,19.19759],[72.83118,19.19725],[72.83115,19.19719],[72.83114,19.19718],[72.83106,19.19704],[72.831,19.19694],[72.83079,19.19659],[72.83065,19.19626],[72.83065,19.19627],[72.83017,19.19672],[72.82978,19.1971],[72.82937,19.19747],[72.82911,19.1977],[72.82922,19.19811],[72.82923,19.19816],[72.82926,19.19829],[72.82944,19.19895],[72.82942,19.19911],[72.82941,19.19911],[72.82941,19.19914],[72.82939,19.19924],[72.82939,19.19925],[72.82935,19.19926],[72.82904,19.19931],[72.82902,19.19932],[72.829,19.19932],[72.82889,19.1994],[72.82869,19.19954],[72.82867,19.19955],[72.82858,19.19962],[72.82855,19.19968],[72.82853,19.19974],[72.82852,19.19974],[72.82852,19.19976],[72.82847,19.19985],[72.82847,19.19986],[72.82846,19.19989],[72.82843,19.19995],[72.82839,19.20003],[72.82838,19.20005],[72.82835,19.20007],[72.8283,19.20013],[72.82822,19.20022],[72.82816,19.20028],[72.82802,19.20043],[72.82801,19.20043],[72.828,19.20044],[72.82799,19.20045],[72.82797,19.20048],[72.82785,19.2006],[72.82784,19.2006],[72.82779,19.20067],[72.82777,19.20068],[72.82776,19.2007],[72.82778,19.20072],[72.82784,19.20078],[72.82787,19.20081],[72.82796,19.2009],[72.82788,19.20101],[72.82786,19.20104],[72.82743,19.20159],[72.8274,19.20161],[72.82673,19.20205],[72.82618,19.20241],[72.82598,19.20253],[72.82538,19.20293],[72.82519,19.20306],[72.82459,19.20345],[72.82406,19.20381],[72.82382,19.20397],[72.82302,19.20451],[72.82301,19.20453],[72.82291,19.20478],[72.82289,19.20484],[72.82284,19.20499],[72.82213,19.2049],[72.82183,19.20487],[72.8216,19.20484],[72.82159,19.20484],[72.82142,19.20483],[72.82125,19.20481],[72.82092,19.20478],[72.82075,19.20476],[72.82073,19.20476],[72.82053,19.20474],[72.8204,19.20473],[72.82024,19.20472],[72.82023,19.20472],[72.82021,19.20472],[72.82011,19.2047],[72.81988,19.20468],[72.81912,19.2046],[72.81911,19.2046],[72.81908,19.2046],[72.81905,19.2046],[72.81902,19.20459],[72.81894,19.20458],[72.81887,19.20458],[72.81881,19.20457],[72.81869,19.20456],[72.81863,19.20455],[72.81861,19.20455],[72.81854,19.20455],[72.81842,19.20454],[72.81837,19.20453],[72.81836,19.20453],[72.81834,19.20452],[72.81813,19.2045],[72.81734,19.20444],[72.81729,19.20444],[72.81728,19.20444],[72.81723,19.20443],[72.81663,19.20438],[72.81653,19.20439],[72.81644,19.2044],[72.81643,19.2044],[72.81636,19.2044],[72.81634,19.20441],[72.8163,19.20441],[72.81627,19.20441],[72.81602,19.20443],[72.81599,19.20443],[72.81505,19.20464],[72.8148,19.20469],[72.8147,19.20472],[72.81453,19.20475],[72.81433,19.2048],[72.81265,19.20565],[72.81238,19.20578],[72.81211,19.2059],[72.8118,19.20603],[72.81173,19.20606],[72.81155,19.20616],[72.81141,19.20624],[72.81092,19.2065],[72.81105,19.2073],[72.81107,19.20745],[72.81102,19.2076],[72.81091,19.20795],[72.81107,19.20826],[72.81106,19.20826],[72.81039,19.20806],[72.81043,19.20842],[72.81044,19.20852],[72.81044,19.2086],[72.81019,19.20867],[72.81002,19.20871],[72.8096,19.20841],[72.80947,19.20855],[72.80946,19.20856],[72.80941,19.20862],[72.80939,19.20865],[72.80916,19.20895],[72.8086,19.20969],[72.80867,19.20993],[72.80868,19.20998],[72.80872,19.21013],[72.80891,19.21077],[72.80889,19.21079],[72.80888,19.2108],[72.80883,19.21085],[72.8087,19.21098],[72.80858,19.21112],[72.80836,19.21135],[72.80832,19.2114],[72.80828,19.21146],[72.80821,19.21156],[72.80806,19.21176],[72.80792,19.21194],[72.80621,19.21237],[72.80616,19.2124],[72.80612,19.21242],[72.80554,19.21269],[72.80424,19.21305],[72.80339,19.2135],[72.80361,19.21414],[72.8037,19.21442],[72.80371,19.21445],[72.80373,19.21453],[72.80412,19.2158],[72.80415,19.21594],[72.8042,19.21631],[72.80439,19.21678],[72.80455,19.21702],[72.80525,19.21712],[72.80603,19.2172],[72.80606,19.21723],[72.80614,19.21732],[72.80627,19.21746],[72.807,19.21897],[72.80717,19.21934],[72.80718,19.21967],[72.80699,19.22039],[72.80698,19.22041],[72.80659,19.22108],[72.8061,19.2214],[72.80609,19.22141],[72.806,19.22146],[72.80503,19.22208],[72.80461,19.22236],[72.80407,19.22272],[72.8027,19.22295],[72.80232,19.22305],[72.80055,19.22356],[72.79839,19.22446],[72.79753,19.22443],[72.79685,19.2244],[72.79662,19.22439],[72.79629,19.22437],[72.79596,19.22451],[72.79523,19.22488],[72.79518,19.22498],[72.79513,19.22506],[72.79508,19.22515],[72.795,19.2253],[72.79482,19.22561],[72.79441,19.22557],[72.79232,19.22547],[72.79067,19.22535],[72.79065,19.22535],[72.79061,19.22535],[72.78796,19.22514],[72.78644,19.22511],[72.78613,19.2251],[72.78499,19.22504],[72.78431,19.22497],[72.78391,19.22486],[72.78387,19.22485],[72.78385,19.22485],[72.78349,19.22474],[72.7832,19.22472],[72.7832,19.22468],[72.78319,19.22468],[72.7831,19.22468],[72.78305,19.22468],[72.78294,19.22467],[72.78289,19.22465],[72.78288,19.22464],[72.78282,19.22457],[72.78279,19.22453],[72.78278,19.22452],[72.78273,19.22446],[72.78271,19.22442],[72.78268,19.22438],[72.78264,19.22431],[72.78254,19.22427],[72.78249,19.22428],[72.78238,19.22429],[72.78224,19.22428],[72.78217,19.22424],[72.78215,19.22412],[72.78211,19.22409],[72.78211,19.22398],[72.78211,19.22381],[72.7821,19.2238],[72.78201,19.22358],[72.78191,19.22331],[72.78116,19.22294],[72.78106,19.22289],[72.78105,19.22287],[72.78101,19.22281],[72.78101,19.22275],[72.781,19.22258],[72.78105,19.2225],[72.78107,19.22248],[72.78107,19.22244],[72.78114,19.2221],[72.78116,19.22196],[72.78123,19.22157],[72.78124,19.2215],[72.78125,19.22141],[72.78134,19.22084],[72.78143,19.22028],[72.78144,19.2202],[72.78131,19.22017],[72.78123,19.22016],[72.78114,19.22017],[72.78109,19.22017],[72.78087,19.22015],[72.78081,19.21996],[72.7808,19.21985],[72.78071,19.21985],[72.78062,19.21985],[72.78026,19.21985],[72.78022,19.21985],[72.78017,19.21977],[72.78011,19.21967],[72.78014,19.21953],[72.78014,19.21952],[72.78014,19.21951],[72.78015,19.21948],[72.7802,19.2192],[72.78023,19.21909],[72.78029,19.21901],[72.78044,19.21892],[72.7805,19.21889],[72.78054,19.21886],[72.78077,19.21867],[72.78085,19.2187],[72.78089,19.21862],[72.78092,19.21857],[72.78097,19.21857],[72.78101,19.21858],[72.78104,19.21853],[72.78104,19.2185],[72.78104,19.21847],[72.78089,19.21838],[72.78079,19.21829],[72.78068,19.2182],[72.78064,19.21816],[72.78063,19.21816],[72.78061,19.21814],[72.78029,19.21793],[72.78051,19.21773],[72.78065,19.21754],[72.78081,19.21725],[72.78086,19.21702],[72.78111,19.21626],[72.78131,19.21578],[72.78147,19.21527],[72.78152,19.21496],[72.78153,19.2145],[72.78153,19.21395],[72.78149,19.21347],[72.78146,19.21268],[72.78133,19.21229],[72.78127,19.21195],[72.78109,19.21158],[72.78102,19.2113],[72.78075,19.21092],[72.78045,19.21058],[72.78038,19.21023],[72.7805,19.2098],[72.78049,19.2096],[72.78047,19.20941],[72.78046,19.20901],[72.78033,19.20868],[72.78029,19.20831],[72.78025,19.20791],[72.78017,19.20752],[72.78012,19.20708],[72.78009,19.20667],[72.78008,19.20642],[72.78031,19.20616],[72.78052,19.20618],[72.78066,19.20633],[72.78087,19.20645],[72.78122,19.20661],[72.7817,19.20678],[72.78203,19.20677],[72.78232,19.20671],[72.78234,19.2067],[72.78376,19.20622],[72.78427,19.2058],[72.78454,19.20556],[72.78504,19.20507],[72.78543,19.20445],[72.7857,19.20379],[72.78584,19.20288],[72.78576,19.20228],[72.78575,19.202],[72.78543,19.20147],[72.78499,19.20078],[72.78496,19.20075],[72.78463,19.20077],[72.78417,19.20078],[72.78363,19.20076],[72.78333,19.20072],[72.78313,19.20051],[72.78286,19.2003],[72.78265,19.19989],[72.78257,19.19969],[72.78245,19.19924],[72.78242,19.1989],[72.78243,19.19857],[72.78243,19.19811],[72.78241,19.19734],[72.78221,19.19677],[72.78166,19.19526],[72.78158,19.19504],[72.78158,19.19503],[72.78157,19.19477],[72.78167,19.19455],[72.78176,19.19445],[72.78182,19.19444],[72.78205,19.19429],[72.78216,19.19409],[72.78222,19.19398],[72.78235,19.19387],[72.78264,19.19378],[72.78312,19.19382],[72.78332,19.1937],[72.78352,19.1935],[72.78372,19.19334],[72.78394,19.19324],[72.78421,19.19324],[72.78453,19.19328],[72.78476,19.1933],[72.78502,19.1934],[72.78527,19.19352],[72.78551,19.19367],[72.78564,19.19369],[72.78567,19.19369],[72.78582,19.19367],[72.78591,19.19362],[72.7861,19.1936],[72.7865,19.19374],[72.78659,19.19383],[72.78672,19.19385],[72.78702,19.19385],[72.78728,19.19397],[72.78736,19.194],[72.78763,19.194],[72.7878,19.19397],[72.7881,19.19386],[72.78829,19.19374],[72.78843,19.19361],[72.78863,19.19344],[72.78946,19.19311],[72.78974,19.19311],[72.79012,19.19312],[72.79029,19.19314],[72.79051,19.19318],[72.79073,19.19326],[72.79098,19.19337],[72.79128,19.19351],[72.79152,19.19371],[72.79165,19.19389],[72.79173,19.194],[72.79185,19.19416],[72.79198,19.1943],[72.79215,19.19443],[72.79225,19.19458],[72.79226,19.19469],[72.79235,19.19494],[72.79241,19.19511],[72.79252,19.19525],[72.79274,19.19535],[72.79296,19.19559],[72.79466,19.19599],[72.7964,19.19617],[72.79643,19.19572],[72.79656,19.19488],[72.79652,19.19422],[72.79656,19.19362],[72.79624,19.19311],[72.79595,19.1924],[72.79559,19.19141],[72.79539,19.19072],[72.79547,19.19],[72.79602,19.18859],[72.79622,19.18754],[72.79623,19.18683],[72.79602,19.18489],[72.79574,19.1833],[72.79595,19.18174],[72.79606,19.18002],[72.79584,19.17907],[72.79542,19.17803],[72.79412,19.17422],[72.7936,19.17349],[72.79345,19.17287],[72.79327,19.17223],[72.79316,19.17185],[72.79254,19.1714],[72.79252,19.1714],[72.7925,19.1714],[72.79198,19.1713],[72.79156,19.17121],[72.79107,19.17112],[72.79073,19.17105],[72.79052,19.17101],[72.7903,19.17087],[72.79014,19.17078],[72.7898,19.17057],[72.78899,19.17006],[72.78886,19.16998],[72.78883,19.16996],[72.78867,19.16985],[72.78864,19.16984],[72.78837,19.1693],[72.7881,19.16877],[72.78769,19.16841],[72.78736,19.16769],[72.78613,19.16654],[72.7853,19.1664],[72.78489,19.16632],[72.7846,19.16639],[72.78454,19.16649],[72.78437,19.16666],[72.78401,19.16698],[72.7837,19.16707],[72.78337,19.16703],[72.78263,19.16702],[72.78227,19.16707],[72.78185,19.16713],[72.78167,19.16702],[72.78164,19.16677],[72.78161,19.16652],[72.78149,19.16615],[72.78145,19.16584],[72.78126,19.16539],[72.78112,19.1652],[72.78111,19.16503],[72.78108,19.16479],[72.78109,19.16456],[72.78117,19.16432],[72.78126,19.16407],[72.78141,19.16382],[72.78161,19.16357],[72.78168,19.16348],[72.78217,19.16315],[72.78246,19.16288],[72.78289,19.16245],[72.78319,19.16208],[72.7833,19.1619],[72.78353,19.16146],[72.7836,19.16127],[72.78369,19.16088],[72.78375,19.16067],[72.7838,19.1598],[72.78356,19.15948],[72.78331,19.15949],[72.78309,19.15942],[72.78288,19.1593],[72.78259,19.15915],[72.78233,19.15901],[72.78216,19.15879],[72.78198,19.15853],[72.7818,19.15828],[72.78169,19.15815],[72.78166,19.15803],[72.78172,19.1579],[72.7819,19.1579],[72.78215,19.15791],[72.78245,19.15793],[72.78265,19.15794],[72.78293,19.1578],[72.78332,19.15766],[72.78364,19.15748],[72.78378,19.15736],[72.7839,19.15718],[72.78397,19.15706],[72.78405,19.15693],[72.78417,19.15649],[72.78427,19.15619],[72.78432,19.15552],[72.78434,19.15523],[72.78434,19.15516],[72.78435,19.1549],[72.78435,19.15479],[72.78441,19.15456],[72.78448,19.15439],[72.78466,19.15427],[72.78497,19.15415],[72.78522,19.154],[72.78572,19.15372],[72.78621,19.15337],[72.78665,19.15301],[72.78714,19.15248],[72.78753,19.15201],[72.78786,19.1515],[72.78808,19.15118],[72.78825,19.15085],[72.78844,19.15047],[72.78873,19.14975],[72.78906,19.14869],[72.78915,19.14789],[72.78914,19.14712],[72.78905,19.14612],[72.78898,19.14557],[72.78884,19.14489],[72.78865,19.14466],[72.78931,19.14469]]]},"properties":{"NAME":"P/N"}},
{"type":"Feature","geometry":{"type":"Polygon","coordinates":[[[72.83496,19.24952],[72.8344,19.24928],[72.8333,19.24884],[72.83194,19.2484],[72.83166,19.2483],[72.83139,19.24821],[72.8312,19.24815],[72.8307,19.24796],[72.83045,19.24786],[72.83007,19.24766],[72.82975,19.24748],[72.82918,19.24719],[72.82897,19.24706],[72.82884,19.24696],[72.82872,19.24683],[72.82842,19.2465],[72.82787,19.24576],[72.82767,19.24549],[72.82744,19.24522],[72.8272,19.24497],[72.82697,19.24501],[72.82666,19.24505],[72.82627,19.24509],[72.82589,19.24513],[72.82548,19.24521],[72.82502,19.2453],[72.82462,19.24538],[72.82418,19.24549],[72.82352,19.24566],[72.82312,19.24578],[72.82276,19.24588],[72.82252,19.24594],[72.82231,19.24599],[72.82208,19.24602],[72.82161,19.24607],[72.82106,19.24613],[72.82064,19.24623],[72.8203,19.2463],[72.81976,19.24641],[72.81903,19.24654],[72.8189,19.24655],[72.81856,19.24662],[72.81823,19.24669],[72.81737,19.24692],[72.81668,19.24714],[72.81652,19.24722],[72.81625,19.24737],[72.81601,19.24753],[72.81572,19.24773],[72.81532,19.24802],[72.81483,19.24837],[72.81437,19.24874],[72.81397,19.24907],[72.81336,19.24959],[72.81273,19.25012],[72.81238,19.25046],[72.8121,19.25076],[72.81183,19.25112],[72.81164,19.25135],[72.81142,19.2516],[72.81119,19.25184],[72.81094,19.25207],[72.81054,19.25243],[72.81,19.25291],[72.8096,19.2533],[72.80931,19.25357],[72.80883,19.25404],[72.80855,19.2543],[72.80824,19.25461],[72.80784,19.25499],[72.80746,19.25532],[72.80715,19.25559],[72.80691,19.25579],[72.80666,19.25598],[72.80635,19.25619],[72.80589,19.25649],[72.80562,19.25666],[72.80516,19.25701],[72.80488,19.25722],[72.80464,19.25743],[72.80444,19.25758],[72.80427,19.25768],[72.80406,19.25782],[72.80381,19.25802],[72.80366,19.25814],[72.80354,19.25825],[72.80334,19.25837],[72.80314,19.25852],[72.80283,19.2587],[72.80261,19.25882],[72.80242,19.2589],[72.80215,19.25896],[72.80166,19.25906],[72.80104,19.25888],[72.80081,19.25882],[72.80086,19.25933],[72.80085,19.25954],[72.80063,19.25988],[72.80058,19.25995],[72.80054,19.26002],[72.80052,19.26003],[72.80045,19.26008],[72.80042,19.26019],[72.80038,19.26032],[72.80036,19.2604],[72.8004,19.2606],[72.80044,19.26063],[72.80089,19.26108],[72.80086,19.26117],[72.8008,19.26119],[72.80075,19.26121],[72.80057,19.26128],[72.80022,19.26187],[72.80006,19.26192],[72.79991,19.26197],[72.79984,19.26195],[72.79972,19.26227],[72.79962,19.26225],[72.79955,19.26224],[72.79945,19.26222],[72.7994,19.26221],[72.7993,19.26221],[72.79921,19.26221],[72.79907,19.26221],[72.79905,19.26221],[72.79898,19.26221],[72.79887,19.26221],[72.79882,19.26221],[72.79848,19.26221],[72.79828,19.26221],[72.79787,19.26221],[72.79721,19.26221],[72.79635,19.26222],[72.79614,19.26222],[72.7961,19.26222],[72.7961,19.26223],[72.79592,19.2622],[72.79529,19.26211],[72.79514,19.26209],[72.79505,19.26208],[72.79466,19.26202],[72.79451,19.26199],[72.79443,19.26198],[72.79421,19.26195],[72.79391,19.26192],[72.79365,19.26189],[72.79307,19.26182],[72.79262,19.26177],[72.79261,19.26178],[72.79249,19.26176],[72.7924,19.26174],[72.79234,19.26178],[72.7923,19.26175],[72.79229,19.26175],[72.79227,19.26177],[72.79207,19.26171],[72.79192,19.2617],[72.79132,19.26151],[72.79033,19.26149],[72.79008,19.26149],[72.79005,19.26148],[72.78993,19.26144],[72.78986,19.26147],[72.78968,19.26167],[72.78831,19.26321],[72.78749,19.26353],[72.78706,19.2637],[72.78659,19.2639],[72.78642,19.26397],[72.78615,19.26408],[72.78593,19.26417],[72.78572,19.26426],[72.78511,19.26451],[72.78481,19.26463],[72.7845,19.26476],[72.78435,19.26479],[72.78416,19.26478],[72.78404,19.26466],[72.78403,19.26453],[72.78404,19.26431],[72.78414,19.26404],[72.78418,19.26387],[72.78426,19.26377],[72.78437,19.26361],[72.78447,19.2634],[72.78452,19.26314],[72.78452,19.26284],[72.78438,19.26249],[72.78425,19.2621],[72.78407,19.26184],[72.78386,19.26154],[72.78356,19.26116],[72.78327,19.26077],[72.78326,19.26055],[72.78299,19.26008],[72.78277,19.25994],[72.78254,19.25986],[72.78239,19.25987],[72.78216,19.25987],[72.78199,19.25991],[72.78179,19.25988],[72.78169,19.25977],[72.78167,19.25966],[72.78167,19.25951],[72.78175,19.25932],[72.78188,19.25905],[72.78197,19.25889],[72.78202,19.2585],[72.78202,19.25824],[72.78217,19.25737],[72.78228,19.25715],[72.78239,19.25688],[72.78248,19.25669],[72.78252,19.25661],[72.78261,19.2562],[72.78271,19.25587],[72.78281,19.25544],[72.7828,19.25534],[72.78283,19.25492],[72.78283,19.2549],[72.78284,19.2547],[72.78293,19.25438],[72.783,19.25401],[72.78304,19.25378],[72.78307,19.25353],[72.78312,19.25327],[72.78301,19.25276],[72.78305,19.25213],[72.78305,19.25211],[72.78305,19.25204],[72.78308,19.25168],[72.78311,19.25132],[72.78311,19.25093],[72.78309,19.25029],[72.78294,19.2492],[72.78285,19.24887],[72.78281,19.24871],[72.78275,19.2485],[72.78272,19.24839],[72.78269,19.24831],[72.78266,19.24818],[72.78265,19.24814],[72.78261,19.24803],[72.78255,19.24781],[72.78255,19.24779],[72.7825,19.24764],[72.78248,19.24756],[72.78246,19.2475],[72.78195,19.24572],[72.78194,19.24571],[72.78194,19.2457],[72.78176,19.24515],[72.78172,19.24507],[72.78155,19.24477],[72.78144,19.24458],[72.78133,19.24439],[72.7813,19.24427],[72.78124,19.24399],[72.78119,19.2438],[72.78115,19.24365],[72.78111,19.24349],[72.78107,19.24332],[72.78101,19.24305],[72.78101,19.24285],[72.78092,19.24242],[72.78092,19.24219],[72.78095,19.24195],[72.78104,19.24164],[72.78114,19.24144],[72.78118,19.24125],[72.78118,19.24095],[72.78119,19.24073],[72.78116,19.24047],[72.78099,19.24002],[72.78093,19.23982],[72.78082,19.2396],[72.78072,19.23938],[72.78047,19.23899],[72.78027,19.23856],[72.78001,19.2383],[72.77993,19.23829],[72.77964,19.2382],[72.77947,19.2381],[72.77941,19.23801],[72.77934,19.23783],[72.77908,19.23698],[72.77911,19.23686],[72.77914,19.23673],[72.77942,19.23628],[72.77948,19.23619],[72.77959,19.23582],[72.77968,19.23548],[72.77975,19.2351],[72.77988,19.2342],[72.77995,19.23352],[72.78013,19.23311],[72.78013,19.23284],[72.78019,19.23249],[72.78034,19.23214],[72.7805,19.23181],[72.78065,19.23144],[72.78066,19.23124],[72.78064,19.23101],[72.78,19.22999],[72.77973,19.22957],[72.77972,19.22956],[72.77971,19.22954],[72.77963,19.22941],[72.77952,19.22924],[72.77949,19.2292],[72.77944,19.22913],[72.77912,19.22862],[72.77912,19.22861],[72.77909,19.22856],[72.77898,19.22839],[72.77884,19.22816],[72.77858,19.22775],[72.77833,19.22734],[72.77798,19.22676],[72.77791,19.22666],[72.77786,19.22658],[72.77782,19.22653],[72.77758,19.22644],[72.77729,19.22635],[72.77697,19.2262],[72.77658,19.22595],[72.77648,19.22556],[72.7764,19.22522],[72.77633,19.22495],[72.77635,19.22442],[72.77636,19.22429],[72.77636,19.22415],[72.77636,19.22409],[72.77637,19.22404],[72.77639,19.22356],[72.77677,19.22299],[72.77678,19.22215],[72.77746,19.2218],[72.77769,19.22168],[72.77793,19.2212],[72.77803,19.22098],[72.7783,19.22043],[72.7788,19.22044],[72.77907,19.22045],[72.77907,19.22017],[72.77907,19.21957],[72.77907,19.21951],[72.77907,19.21936],[72.77907,19.21915],[72.77921,19.21899],[72.77925,19.21878],[72.77938,19.2186],[72.77954,19.21841],[72.77962,19.21826],[72.77977,19.21809],[72.77998,19.21793],[72.78029,19.21793],[72.78061,19.21814],[72.78063,19.21816],[72.78067,19.2182],[72.78079,19.21829],[72.78089,19.21837],[72.78104,19.21847],[72.78104,19.2185],[72.78103,19.21853],[72.78101,19.21858],[72.78097,19.21857],[72.78091,19.21857],[72.78088,19.21862],[72.78085,19.2187],[72.78077,19.21867],[72.78054,19.21886],[72.7805,19.21889],[72.78044,19.21892],[72.78029,19.21901],[72.78023,19.21909],[72.7802,19.2192],[72.78015,19.21948],[72.78014,19.21951],[72.78014,19.21952],[72.78014,19.21953],[72.78011,19.21967],[72.78017,19.21977],[72.78021,19.21985],[72.78022,19.21985],[72.78026,19.21985],[72.78062,19.21985],[72.78071,19.21985],[72.7808,19.21985],[72.78081,19.21996],[72.78087,19.22015],[72.78109,19.22017],[72.78114,19.22017],[72.78123,19.22016],[72.78131,19.22017],[72.78143,19.2202],[72.78142,19.22028],[72.78134,19.22084],[72.78125,19.22141],[72.78124,19.2215],[72.78123,19.22157],[72.78116,19.22196],[72.78114,19.2221],[72.78107,19.22244],[72.78106,19.22248],[72.78105,19.2225],[72.781,19.22258],[72.78101,19.22275],[72.78101,19.22281],[72.78105,19.22287],[72.78106,19.22289],[72.78116,19.22294],[72.7819,19.22331],[72.78201,19.22358],[72.7821,19.2238],[72.78211,19.22381],[72.78211,19.22398],[72.78211,19.22409],[72.78215,19.22412],[72.78217,19.22424],[72.78223,19.22428],[72.78224,19.22428],[72.78238,19.22429],[72.78249,19.22428],[72.78254,19.22427],[72.78264,19.22431],[72.78268,19.22438],[72.78271,19.22442],[72.78273,19.22446],[72.78278,19.22452],[72.78279,19.22453],[72.78282,19.22457],[72.78288,19.22464],[72.78288,19.22465],[72.78293,19.22467],[72.78294,19.22467],[72.78305,19.22468],[72.7831,19.22468],[72.78319,19.22468],[72.7832,19.22472],[72.78349,19.22474],[72.78385,19.22485],[72.78386,19.22485],[72.78391,19.22486],[72.78431,19.22497],[72.78499,19.22504],[72.78613,19.2251],[72.78644,19.22511],[72.78796,19.22514],[72.79061,19.22535],[72.79065,19.22535],[72.79067,19.22535],[72.79232,19.22547],[72.79441,19.22557],[72.79482,19.22561],[72.795,19.2253],[72.79508,19.22515],[72.79513,19.22506],[72.79518,19.22498],[72.79523,19.22488],[72.79596,19.22451],[72.79629,19.22437],[72.79662,19.22439],[72.79685,19.2244],[72.79753,19.22443],[72.79839,19.22446],[72.80055,19.22356],[72.80232,19.22305],[72.8027,19.22295],[72.80407,19.22272],[72.80461,19.22236],[72.80503,19.22208],[72.806,19.22146],[72.80609,19.22141],[72.8061,19.2214],[72.80659,19.22108],[72.80698,19.22041],[72.80699,19.22039],[72.80718,19.21967],[72.80717,19.21934],[72.807,19.21897],[72.80627,19.21746],[72.80614,19.21732],[72.80606,19.21723],[72.80603,19.2172],[72.80525,19.21712],[72.80455,19.21702],[72.80439,19.21678],[72.8042,19.21631],[72.80415,19.21594],[72.80412,19.2158],[72.80373,19.21453],[72.80371,19.21445],[72.8037,19.21442],[72.80361,19.21414],[72.81106,19.21461],[72.81262,19.21473],[72.81459,19.21498],[72.81504,19.21503],[72.81551,19.21507],[72.81593,19.21512],[72.81633,19.21516],[72.81643,19.21517],[72.81688,19.2152],[72.81737,19.21525],[72.81793,19.21532],[72.81861,19.21539],[72.81925,19.21545],[72.81972,19.21549],[72.82008,19.21553],[72.82053,19.21558],[72.82098,19.21561],[72.82134,19.21561],[72.82165,19.2156],[72.82195,19.21559],[72.82225,19.21557],[72.8225,19.21556],[72.82313,19.21553],[72.8234,19.21552],[72.82391,19.2155],[72.82413,19.21549],[72.82458,19.21547],[72.82498,19.21545],[72.82513,19.21544],[72.82527,19.21544],[72.82563,19.21543],[72.8257,19.21543],[72.82596,19.21541],[72.82615,19.2154],[72.82633,19.2154],[72.82666,19.21538],[72.82701,19.21536],[72.82729,19.21535],[72.82746,19.21535],[72.82762,19.21534],[72.82807,19.21532],[72.82852,19.21531],[72.82887,19.21531],[72.82894,19.21531],[72.82899,19.21531],[72.82959,19.21532],[72.82997,19.21532],[72.83015,19.21532],[72.83059,19.21532],[72.83075,19.21532],[72.83111,19.21532],[72.83172,19.21532],[72.83207,19.21532],[72.83226,19.21532],[72.83265,19.21533],[72.83297,19.21533],[72.83324,19.21533],[72.83578,19.21538],[72.83602,19.21536],[72.83639,19.2153],[72.83669,19.21525],[72.8371,19.21519],[72.83738,19.21515],[72.83759,19.21512],[72.83777,19.21511],[72.83826,19.2151],[72.83978,19.21419],[72.84066,19.21367],[72.84115,19.2134],[72.8419,19.21312],[72.84241,19.21294],[72.84307,19.21281],[72.84377,19.21259],[72.84479,19.21232],[72.84545,19.2122],[72.84598,19.21215],[72.84627,19.21215],[72.84668,19.21218],[72.84724,19.21224],[72.84766,19.2123],[72.84824,19.21244],[72.8489,19.2127],[72.8495,19.21296],[72.85007,19.21323],[72.85044,19.21341],[72.85116,19.21386],[72.85149,19.21354],[72.85163,19.21363],[72.85185,19.21374],[72.85243,19.21383],[72.85287,19.21388],[72.85342,19.21392],[72.8536,19.21391],[72.85379,19.21386],[72.8541,19.21376],[72.85574,19.21315],[72.85625,19.21299],[72.8564,19.21295],[72.85684,19.21291],[72.85744,19.21289],[72.85878,19.21297],[72.85891,19.21297],[72.86063,19.213],[72.86213,19.21309],[72.86307,19.21315],[72.86348,19.21307],[72.86455,19.21333],[72.86603,19.21372],[72.86757,19.21411],[72.8689,19.21453],[72.86894,19.21453],[72.8692,19.21455],[72.87045,19.21453],[72.87165,19.21454],[72.87217,19.21452],[72.87265,19.21449],[72.87426,19.21449],[72.87515,19.21448],[72.87683,19.21446],[72.87758,19.21445],[72.87762,19.21438],[72.87765,19.2143],[72.87767,19.21425],[72.87767,19.21418],[72.87772,19.21418],[72.87819,19.21411],[72.8782,19.21411],[72.87849,19.21432],[72.87879,19.21452],[72.87884,19.21456],[72.87914,19.21476],[72.8793,19.21489],[72.87937,19.21497],[72.87956,19.21519],[72.88067,19.21613],[72.88096,19.21637],[72.88114,19.21653],[72.88206,19.21732],[72.88235,19.21722],[72.88394,19.21668],[72.88454,19.21648],[72.88497,19.21633],[72.8854,19.21619],[72.88562,19.21612],[72.88633,19.21588],[72.8892,19.21528],[72.88915,19.21493],[72.8891,19.21455],[72.88902,19.21408],[72.88894,19.21377],[72.8889,19.21354],[72.88888,19.21321],[72.8889,19.21283],[72.88893,19.21244],[72.88904,19.21206],[72.88931,19.2115],[72.8896,19.21116],[72.88995,19.21094],[72.89035,19.21077],[72.89055,19.21071],[72.89075,19.21071],[72.89098,19.21077],[72.89129,19.2108],[72.89156,19.21074],[72.89202,19.2106],[72.89229,19.21054],[72.89263,19.21055],[72.89296,19.21064],[72.89324,19.21076],[72.89344,19.2108],[72.89372,19.2108],[72.89392,19.21076],[72.89413,19.21067],[72.8942,19.21058],[72.89423,19.21042],[72.89421,19.21019],[72.89412,19.20983],[72.89411,19.20978],[72.89403,19.20937],[72.89397,19.20911],[72.89397,19.20893],[72.89401,19.20881],[72.89407,19.20868],[72.89416,19.20859],[72.89432,19.20854],[72.8947,19.20846],[72.89504,19.20845],[72.89529,19.20847],[72.8956,19.20857],[72.89582,19.20864],[72.89606,19.20865],[72.89633,19.20862],[72.89653,19.20859],[72.89668,19.2086],[72.89684,19.20864],[72.89688,19.20866],[72.89707,19.20876],[72.89731,19.20893],[72.89745,19.20901],[72.89756,19.20902],[72.89768,19.20898],[72.8978,19.20887],[72.89787,19.20872],[72.89787,19.2085],[72.89787,19.20823],[72.89791,19.20797],[72.89796,19.20746],[72.89799,19.20728],[72.89806,19.20712],[72.8983,19.20671],[72.89875,19.2061],[72.89889,19.20589],[72.89908,19.20556],[72.89926,19.20521],[72.89944,19.20492],[72.89953,19.20477],[72.89977,19.20442],[72.89984,19.20432],[72.90013,19.20407],[72.90039,19.20384],[72.90054,19.20365],[72.90062,19.20349],[72.90069,19.20318],[72.90073,19.20295],[72.9008,19.20276],[72.90091,19.20258],[72.90104,19.20234],[72.90119,19.20212],[72.90122,19.20198],[72.90122,19.20182],[72.9012,19.20166],[72.90111,19.2014],[72.90106,19.20122],[72.90105,19.20114],[72.90105,19.20107],[72.90108,19.20092],[72.90112,19.20082],[72.90122,19.20069],[72.90127,19.2006],[72.90132,19.20049],[72.90137,19.20026],[72.90141,19.2001],[72.90147,19.19993],[72.90156,19.19975],[72.90168,19.19957],[72.90178,19.19949],[72.90194,19.19943],[72.90215,19.19939],[72.90239,19.19939],[72.90282,19.19934],[72.90335,19.1993],[72.9039,19.19934],[72.90443,19.19947],[72.90484,19.19961],[72.90501,19.19961],[72.90509,19.19958],[72.90513,19.19948],[72.90515,19.19937],[72.90518,19.1992],[72.90517,19.19895],[72.90516,19.19873],[72.90518,19.19854],[72.90522,19.19845],[72.90531,19.1984],[72.90547,19.19842],[72.90562,19.19845],[72.90593,19.19855],[72.90611,19.19861],[72.90629,19.19863],[72.90647,19.19861],[72.90652,19.19858],[72.90658,19.19867],[72.90701,19.19934],[72.90893,19.20238],[72.90899,19.20247],[72.90902,19.20264],[72.90906,19.20282],[72.90913,19.20317],[72.90929,19.20387],[72.9093,19.20389],[72.90934,19.20408],[72.90946,19.20458],[72.90961,19.20521],[72.90992,19.2065],[72.91017,19.2076],[72.90745,19.21047],[72.90824,19.21687],[72.90825,19.21687],[72.90991,19.21849],[72.9101,19.21999],[72.91021,19.22072],[72.91035,19.22183],[72.91037,19.222],[72.91043,19.22245],[72.91073,19.22438],[72.91077,19.22466],[72.91079,19.2248],[72.91097,19.22604],[72.91054,19.22765],[72.91009,19.2287],[72.90948,19.22924],[72.90937,19.22984],[72.90879,19.2328],[72.90549,19.23647],[72.90512,19.23687],[72.90457,19.23749],[72.90363,19.23856],[72.9032,19.23904],[72.90207,19.2403],[72.90123,19.24122],[72.90123,19.24123],[72.90103,19.24145],[72.8987,19.24794],[72.8967,19.24854],[72.89414,19.24928],[72.89358,19.24944],[72.89343,19.24934],[72.89334,19.24927],[72.89292,19.24899],[72.89229,19.24856],[72.8921,19.24843],[72.89209,19.24842],[72.89184,19.24826],[72.89184,19.24825],[72.89182,19.24824],[72.89164,19.24811],[72.89149,19.248],[72.89107,19.2477],[72.89086,19.24755],[72.89048,19.24728],[72.89044,19.24726],[72.89016,19.24708],[72.88979,19.24684],[72.88941,19.24658],[72.88904,19.24634],[72.8887,19.24612],[72.88825,19.24581],[72.88789,19.24558],[72.88607,19.24439],[72.8852,19.24382],[72.88507,19.24374],[72.88504,19.24372],[72.88499,19.24369],[72.88484,19.24359],[72.88477,19.24354],[72.88436,19.24328],[72.88397,19.24303],[72.88382,19.24294],[72.88382,19.24293],[72.88362,19.24281],[72.88327,19.24259],[72.88326,19.24259],[72.88321,19.24256],[72.88284,19.24234],[72.88248,19.24212],[72.88217,19.24192],[72.88199,19.24181],[72.88144,19.24146],[72.88116,19.24129],[72.88087,19.2411],[72.88065,19.24096],[72.88064,19.24096],[72.88032,19.24075],[72.87968,19.24035],[72.87965,19.24033],[72.8791,19.23994],[72.87845,19.23946],[72.87838,19.23942],[72.87837,19.23942],[72.87805,19.23922],[72.87766,19.23898],[72.87297,19.23838],[72.87287,19.23837],[72.87245,19.23833],[72.87063,19.23802],[72.87028,19.23796],[72.87009,19.23799],[72.86988,19.23801],[72.86956,19.23799],[72.8691,19.23799],[72.86883,19.23801],[72.86864,19.23804],[72.86819,19.23812],[72.86799,19.23817],[72.86795,19.23818],[72.86767,19.23828],[72.86733,19.2384],[72.86716,19.23845],[72.86706,19.23846],[72.86487,19.23849],[72.86435,19.2385],[72.86431,19.23822],[72.86428,19.23806],[72.86419,19.23742],[72.86416,19.23724],[72.86294,19.23741],[72.86292,19.23745],[72.86284,19.23749],[72.8628,19.23752],[72.86273,19.23758],[72.86272,19.23758],[72.86264,19.23763],[72.86237,19.23777],[72.86233,19.2378],[72.86232,19.23781],[72.86232,19.2378],[72.86223,19.23786],[72.86191,19.23807],[72.86189,19.23809],[72.86173,19.23816],[72.86167,19.23821],[72.8616,19.23826],[72.8613,19.23854],[72.86104,19.23878],[72.86101,19.23889],[72.86087,19.23896],[72.86048,19.23914],[72.86046,19.23915],[72.8602,19.23924],[72.86004,19.23931],[72.85979,19.23941],[72.85958,19.23934],[72.85942,19.23938],[72.85937,19.23936],[72.85921,19.23928],[72.85894,19.23876],[72.85891,19.23863],[72.85887,19.23842],[72.85879,19.23806],[72.85876,19.2379],[72.85869,19.23767],[72.85863,19.23748],[72.85862,19.23747],[72.85856,19.23745],[72.8585,19.23743],[72.85846,19.23741],[72.85845,19.23741],[72.85832,19.23737],[72.85826,19.23735],[72.85816,19.23732],[72.85815,19.23732],[72.85816,19.23733],[72.85814,19.23733],[72.85809,19.23732],[72.85796,19.23729],[72.85795,19.23729],[72.85776,19.23724],[72.85767,19.23723],[72.85766,19.23723],[72.85765,19.23723],[72.85744,19.23723],[72.85692,19.23739],[72.85612,19.23762],[72.8555,19.23773],[72.85517,19.23777],[72.85482,19.23775],[72.85433,19.23779],[72.85284,19.23795],[72.85273,19.23797],[72.85258,19.23798],[72.85243,19.238],[72.85228,19.23801],[72.85224,19.23801],[72.8521,19.23802],[72.85198,19.23802],[72.85186,19.23803],[72.85168,19.23803],[72.85158,19.23803],[72.8514,19.23804],[72.85131,19.23804],[72.85106,19.23805],[72.85091,19.23806],[72.85075,19.23807],[72.84984,19.23809],[72.84965,19.23812],[72.84951,19.23815],[72.84942,19.23817],[72.84918,19.23827],[72.84901,19.23835],[72.84895,19.23838],[72.84852,19.23863],[72.84842,19.23869],[72.8482,19.23883],[72.84744,19.23932],[72.84714,19.23951],[72.84701,19.2396],[72.84695,19.23964],[72.84684,19.23971],[72.84649,19.23993],[72.84623,19.2401],[72.84597,19.24027],[72.8458,19.2404],[72.84576,19.24042],[72.84559,19.24055],[72.84538,19.24071],[72.84417,19.24159],[72.84192,19.24339],[72.83883,19.24612],[72.83496,19.24952]]]},"properties":{"NAME":"R/C"}},
{"type":"Feature","geometry":{"type":"Polygon","coordinates":[[[72.84276,19.09043],[72.84281,19.09042],[72.84309,19.09039],[72.84333,19.09037],[72.84337,19.09038],[72.84342,19.09038],[72.84357,19.09049],[72.84367,19.09059],[72.84372,19.09064],[72.84376,19.09068],[72.84427,19.09048],[72.84428,19.09047],[72.84531,19.08997],[72.84588,19.08975],[72.84593,19.08971],[72.84597,19.08961],[72.84619,19.08955],[72.8462,19.08922],[72.84697,19.08939],[72.84717,19.08943],[72.84733,19.08945],[72.84749,19.08945],[72.84767,19.08945],[72.8479,19.08942],[72.84806,19.08939],[72.8482,19.08933],[72.8483,19.08928],[72.84837,19.0892],[72.84841,19.08913],[72.84846,19.08908],[72.84853,19.08904],[72.84863,19.08902],[72.84872,19.08903],[72.84882,19.08908],[72.84887,19.08911],[72.84891,19.08914],[72.84896,19.08917],[72.84902,19.08921],[72.84909,19.08914],[72.84939,19.08882],[72.84995,19.08939],[72.84999,19.08944],[72.85001,19.0895],[72.85003,19.08956],[72.85005,19.0896],[72.85008,19.08961],[72.85013,19.08962],[72.85019,19.08963],[72.85024,19.08966],[72.85028,19.08972],[72.85031,19.08979],[72.85034,19.08983],[72.85042,19.08987],[72.85058,19.08997],[72.85068,19.09004],[72.85079,19.09013],[72.85088,19.09023],[72.85103,19.09037],[72.85114,19.09046],[72.85124,19.09054],[72.85132,19.0906],[72.85153,19.09075],[72.85174,19.09091],[72.85185,19.09098],[72.85195,19.09104],[72.8522,19.0912],[72.85245,19.0912],[72.85249,19.09122],[72.85256,19.09127],[72.85264,19.09134],[72.85269,19.09139],[72.85279,19.09151],[72.85305,19.0915],[72.85323,19.09156],[72.85335,19.09162],[72.85346,19.09163],[72.85356,19.09166],[72.8537,19.09172],[72.85378,19.09171],[72.85386,19.09173],[72.85396,19.09178],[72.85404,19.09179],[72.8541,19.09178],[72.85418,19.09182],[72.85428,19.09187],[72.85439,19.09192],[72.85454,19.09203],[72.85469,19.09214],[72.85478,19.0922],[72.85492,19.09228],[72.85509,19.09236],[72.85521,19.0924],[72.8553,19.09243],[72.85539,19.09245],[72.85549,19.09247],[72.85562,19.09249],[72.85573,19.09251],[72.85582,19.09253],[72.85592,19.09257],[72.85599,19.0926],[72.85606,19.09263],[72.85611,19.09266],[72.85616,19.09269],[72.8562,19.09272],[72.85634,19.09286],[72.85645,19.09295],[72.85671,19.09321],[72.85708,19.09356],[72.85787,19.09443],[72.858,19.09433],[72.8582,19.09423],[72.85849,19.09415],[72.85876,19.09405],[72.85906,19.0939],[72.85934,19.09375],[72.85948,19.0936],[72.85964,19.09349],[72.85987,19.0933],[72.86021,19.09312],[72.86034,19.09305],[72.86014,19.09274],[72.85952,19.09169],[72.85837,19.08984],[72.8577,19.08874],[72.85808,19.08864],[72.85864,19.08844],[72.85889,19.08836],[72.85896,19.08836],[72.85918,19.08843],[72.85918,19.08829],[72.85916,19.08813],[72.85916,19.08792],[72.85926,19.08778],[72.85938,19.08767],[72.85966,19.08752],[72.85975,19.08737],[72.85976,19.08714],[72.85976,19.08708],[72.85976,19.08691],[72.85974,19.08676],[72.85971,19.08663],[72.85964,19.08647],[72.85952,19.08625],[72.85945,19.08606],[72.85943,19.08587],[72.85942,19.0857],[72.85944,19.08555],[72.85948,19.08529],[72.85948,19.08509],[72.85947,19.08499],[72.85944,19.08492],[72.85938,19.08477],[72.8593,19.08451],[72.85928,19.08433],[72.85929,19.08409],[72.85932,19.084],[72.85932,19.08397],[72.85931,19.08393],[72.85928,19.08385],[72.85925,19.08379],[72.85924,19.08377],[72.8592,19.08367],[72.85916,19.08358],[72.85913,19.08352],[72.85911,19.08349],[72.85911,19.08348],[72.85909,19.08345],[72.85908,19.08342],[72.85906,19.08337],[72.85905,19.08332],[72.85901,19.08325],[72.85899,19.08322],[72.85896,19.08318],[72.85893,19.08314],[72.85889,19.08309],[72.85886,19.08305],[72.85885,19.08303],[72.8588,19.08296],[72.85875,19.08289],[72.85874,19.08287],[72.85869,19.08279],[72.85863,19.08269],[72.85859,19.08258],[72.85858,19.08256],[72.85858,19.08255],[72.85856,19.0825],[72.85855,19.08247],[72.85854,19.08243],[72.85851,19.08235],[72.8585,19.0823],[72.85847,19.08222],[72.85847,19.0822],[72.85846,19.08217],[72.85846,19.08211],[72.85846,19.08209],[72.85846,19.08204],[72.85882,19.08208],[72.85882,19.08212],[72.85882,19.08213],[72.85883,19.08217],[72.85883,19.08225],[72.85885,19.08234],[72.85886,19.08235],[72.85886,19.08237],[72.85888,19.08242],[72.8589,19.08246],[72.85892,19.0825],[72.85895,19.08256],[72.85897,19.08259],[72.85899,19.08263],[72.85903,19.0827],[72.85909,19.08278],[72.85913,19.08284],[72.85918,19.0829],[72.8592,19.08294],[72.85922,19.08297],[72.85925,19.08301],[72.85926,19.08306],[72.85937,19.08322],[72.85937,19.08323],[72.85938,19.08325],[72.85939,19.08326],[72.8594,19.08328],[72.85941,19.0833],[72.85941,19.08331],[72.85943,19.08335],[72.85945,19.08339],[72.85948,19.08345],[72.85952,19.08354],[72.85952,19.08355],[72.85952,19.08356],[72.85953,19.08356],[72.85953,19.08357],[72.85953,19.08358],[72.85954,19.08358],[72.85954,19.08359],[72.85954,19.0836],[72.85955,19.0836],[72.85955,19.08361],[72.85956,19.08362],[72.85956,19.08363],[72.85957,19.08363],[72.85957,19.08364],[72.85957,19.08365],[72.85958,19.08365],[72.85958,19.08366],[72.85959,19.08366],[72.85959,19.08367],[72.85959,19.08368],[72.8596,19.08368],[72.8596,19.08369],[72.85961,19.08369],[72.85961,19.0837],[72.85961,19.08371],[72.85962,19.08371],[72.85962,19.08372],[72.85963,19.08372],[72.85963,19.08373],[72.85964,19.08373],[72.85964,19.08374],[72.85965,19.08375],[72.85965,19.08376],[72.85966,19.08376],[72.85966,19.08377],[72.85967,19.08377],[72.85967,19.08378],[72.85968,19.08378],[72.85968,19.08379],[72.85969,19.08379],[72.85969,19.0838],[72.8597,19.0838],[72.8597,19.08381],[72.85971,19.08381],[72.85971,19.08382],[72.85972,19.08383],[72.85973,19.08383],[72.85973,19.08384],[72.85974,19.08384],[72.85975,19.08384],[72.85975,19.08385],[72.85976,19.08385],[72.85977,19.08385],[72.85977,19.08386],[72.85978,19.08386],[72.85979,19.08386],[72.8598,19.08386],[72.8598,19.08387],[72.85981,19.08387],[72.85982,19.08387],[72.85983,19.08387],[72.85984,19.08387],[72.85985,19.08387],[72.85985,19.08388],[72.85986,19.08388],[72.85987,19.08388],[72.85988,19.08388],[72.85989,19.08388],[72.86,19.08385],[72.86025,19.08379],[72.8604,19.08375],[72.86054,19.08356],[72.86057,19.0835],[72.86059,19.08345],[72.86061,19.08323],[72.86062,19.08311],[72.86063,19.08307],[72.86062,19.08302],[72.86065,19.08291],[72.86069,19.08279],[72.86074,19.08272],[72.86082,19.08261],[72.86085,19.08258],[72.8609,19.0825],[72.86102,19.08236],[72.8611,19.08225],[72.86121,19.08214],[72.86128,19.08201],[72.86131,19.08199],[72.86138,19.08193],[72.86153,19.08185],[72.86169,19.08176],[72.86189,19.08173],[72.86194,19.08172],[72.86205,19.0817],[72.86216,19.08168],[72.86231,19.0817],[72.86246,19.08171],[72.86271,19.08176],[72.86294,19.08181],[72.86313,19.08188],[72.86327,19.08195],[72.8634,19.08203],[72.86352,19.08212],[72.86361,19.08221],[72.86369,19.08225],[72.86379,19.08226],[72.86385,19.08227],[72.8639,19.0823],[72.86394,19.08233],[72.86408,19.0824],[72.86419,19.08243],[72.86428,19.08253],[72.86438,19.08267],[72.86449,19.08283],[72.86454,19.08298],[72.86456,19.08316],[72.86458,19.08336],[72.86457,19.08343],[72.86462,19.08348],[72.86468,19.08352],[72.86477,19.08357],[72.86486,19.08361],[72.86492,19.08365],[72.86502,19.08359],[72.86515,19.08352],[72.86527,19.08339],[72.86546,19.0832],[72.866,19.08275],[72.86623,19.08259],[72.86643,19.08245],[72.86657,19.08241],[72.86678,19.0824],[72.86704,19.08241],[72.8675,19.08244],[72.86798,19.08249],[72.8682,19.08252],[72.86832,19.08251],[72.86851,19.08246],[72.86863,19.08241],[72.87012,19.08173],[72.87193,19.08275],[72.87248,19.083],[72.87467,19.08398],[72.87542,19.08433],[72.87557,19.08445],[72.87585,19.08466],[72.876,19.08475],[72.87608,19.0848],[72.87613,19.08493],[72.87614,19.08499],[72.87614,19.08503],[72.87614,19.08507],[72.87615,19.08513],[72.87622,19.08584],[72.87626,19.08617],[72.87662,19.08614],[72.87742,19.08609],[72.87745,19.08609],[72.87752,19.08608],[72.87771,19.08607],[72.87793,19.08606],[72.87816,19.08604],[72.87832,19.08603],[72.87916,19.08598],[72.87915,19.08621],[72.87915,19.08625],[72.87914,19.08641],[72.87913,19.08661],[72.87913,19.08664],[72.87913,19.08672],[72.87913,19.08674],[72.87913,19.08676],[72.87913,19.08678],[72.87888,19.08758],[72.87886,19.08776],[72.87876,19.08845],[72.87892,19.08936],[72.87923,19.0898],[72.87904,19.08999],[72.87924,19.09034],[72.87883,19.09076],[72.87872,19.09088],[72.8789,19.09108],[72.8787,19.0913],[72.87845,19.09196],[72.87841,19.09221],[72.87839,19.09238],[72.87833,19.09276],[72.87829,19.09307],[72.87829,19.09329],[72.87836,19.09358],[72.87851,19.09398],[72.8787,19.09426],[72.87886,19.09441],[72.87913,19.0945],[72.87934,19.09448],[72.87948,19.09454],[72.87974,19.09479],[72.87979,19.09488],[72.87987,19.09504],[72.87998,19.09522],[72.88004,19.09532],[72.8801,19.09543],[72.88015,19.09553],[72.8803,19.09566],[72.8806,19.09592],[72.88076,19.09608],[72.88087,19.09628],[72.88092,19.09645],[72.88094,19.09655],[72.88095,19.09665],[72.88089,19.09693],[72.88083,19.09717],[72.88074,19.09743],[72.88072,19.09762],[72.88075,19.09777],[72.88073,19.09791],[72.88068,19.09804],[72.88056,19.09812],[72.88033,19.09823],[72.87996,19.09848],[72.87981,19.09851],[72.87939,19.09849],[72.87921,19.09849],[72.87909,19.09855],[72.87901,19.09871],[72.87895,19.09893],[72.87906,19.0992],[72.87909,19.09931],[72.87913,19.09975],[72.8792,19.09993],[72.87928,19.10013],[72.87945,19.10056],[72.87947,19.10061],[72.87953,19.10075],[72.87954,19.10077],[72.8796,19.10091],[72.87966,19.10105],[72.87979,19.10135],[72.88002,19.10173],[72.88002,19.10174],[72.88006,19.10183],[72.88008,19.10189],[72.88011,19.10195],[72.88016,19.10207],[72.88017,19.1021],[72.88023,19.10219],[72.88036,19.10241],[72.88064,19.10252],[72.88098,19.10265],[72.88118,19.10272],[72.88147,19.10276],[72.88193,19.10289],[72.882,19.10303],[72.88222,19.10313],[72.88255,19.10329],[72.88271,19.10338],[72.88271,19.10341],[72.88305,19.10367],[72.88313,19.10372],[72.8832,19.10375],[72.88354,19.10379],[72.88364,19.10382],[72.88382,19.10405],[72.88389,19.10425],[72.88411,19.10464],[72.88405,19.10491],[72.88408,19.10502],[72.8841,19.10513],[72.88412,19.1053],[72.88413,19.10542],[72.88411,19.10554],[72.8844,19.10591],[72.88443,19.10595],[72.88453,19.10603],[72.88465,19.10609],[72.88483,19.10609],[72.8849,19.1063],[72.88506,19.10637],[72.8851,19.10639],[72.8857,19.10668],[72.88584,19.10671],[72.88595,19.10676],[72.88601,19.10684],[72.88612,19.10698],[72.88626,19.10715],[72.8863,19.10719],[72.88634,19.10724],[72.88651,19.10767],[72.88653,19.10768],[72.88654,19.10771],[72.88653,19.10775],[72.88663,19.10801],[72.88667,19.10816],[72.88681,19.1084],[72.88682,19.10846],[72.88682,19.10849],[72.88686,19.10872],[72.88688,19.10884],[72.88689,19.10889],[72.88691,19.10892],[72.88702,19.10909],[72.88706,19.10925],[72.88707,19.10956],[72.88706,19.10962],[72.88705,19.10962],[72.88702,19.10972],[72.88697,19.10981],[72.88696,19.10984],[72.8867,19.11001],[72.88626,19.1103],[72.88619,19.11037],[72.88603,19.11056],[72.88599,19.11058],[72.88578,19.11074],[72.8857,19.11078],[72.88557,19.11089],[72.88536,19.11102],[72.88527,19.11163],[72.88546,19.11202],[72.88554,19.11218],[72.88578,19.11235],[72.8858,19.11237],[72.88599,19.11249],[72.88583,19.11253],[72.88587,19.1127],[72.88627,19.11287],[72.88667,19.11305],[72.8867,19.11329],[72.88685,19.1134],[72.88714,19.11353],[72.88724,19.11381],[72.88726,19.11386],[72.88732,19.11406],[72.88714,19.11449],[72.88705,19.11469],[72.88687,19.11503],[72.8867,19.11533],[72.8867,19.11536],[72.8867,19.11538],[72.88658,19.11549],[72.88649,19.11569],[72.88631,19.11578],[72.88616,19.11607],[72.88614,19.11631],[72.88614,19.11648],[72.88613,19.1168],[72.88612,19.1169],[72.88601,19.11734],[72.88595,19.1177],[72.8859,19.11811],[72.88583,19.11834],[72.88583,19.11839],[72.88585,19.11858],[72.88585,19.11862],[72.88585,19.11863],[72.8859,19.11869],[72.88614,19.119],[72.88616,19.11906],[72.88625,19.11936],[72.88627,19.11957],[72.88632,19.11994],[72.88633,19.11996],[72.88641,19.12022],[72.88643,19.12027],[72.88663,19.12067],[72.8868,19.1208],[72.88689,19.12086],[72.88727,19.12109],[72.8873,19.1211],[72.88786,19.12124],[72.88838,19.12144],[72.88852,19.12149],[72.88854,19.12163],[72.88855,19.12165],[72.88857,19.12182],[72.88859,19.12192],[72.88858,19.12192],[72.88845,19.122],[72.88806,19.12226],[72.88803,19.12232],[72.88778,19.12245],[72.88769,19.12256],[72.88753,19.12279],[72.8875,19.12305],[72.88746,19.12344],[72.88746,19.12346],[72.88745,19.12351],[72.88745,19.12352],[72.88743,19.12357],[72.8874,19.12364],[72.8873,19.12388],[72.88718,19.12417],[72.88707,19.12445],[72.88707,19.12446],[72.88706,19.12457],[72.88684,19.12511],[72.88674,19.12556],[72.88666,19.12591],[72.88669,19.12655],[72.88667,19.1266],[72.88651,19.12703],[72.88648,19.12712],[72.88634,19.12721],[72.88575,19.12743],[72.88562,19.12746],[72.88514,19.12742],[72.88461,19.12768],[72.88436,19.12807],[72.88423,19.12844],[72.88422,19.12892],[72.88438,19.12939],[72.88477,19.12954],[72.88482,19.12954],[72.88488,19.12955],[72.88495,19.12956],[72.885,19.12956],[72.88505,19.12956],[72.88511,19.12956],[72.88517,19.12957],[72.88524,19.12956],[72.88532,19.12956],[72.8854,19.12956],[72.88548,19.12956],[72.88558,19.12955],[72.88565,19.12954],[72.88573,19.12953],[72.88582,19.12952],[72.88588,19.12951],[72.88594,19.1295],[72.88601,19.12948],[72.88606,19.12947],[72.8861,19.12946],[72.88611,19.12946],[72.88615,19.12945],[72.8862,19.12943],[72.88627,19.12943],[72.8864,19.12943],[72.88654,19.12961],[72.88681,19.12996],[72.88689,19.13008],[72.88714,19.1302],[72.8872,19.13022],[72.88739,19.13029],[72.88758,19.13037],[72.8877,19.1305],[72.88779,19.13061],[72.88792,19.13076],[72.88808,19.13082],[72.88823,19.13088],[72.88832,19.13092],[72.88848,19.13099],[72.88859,19.13108],[72.88871,19.13121],[72.88852,19.13131],[72.88856,19.13137],[72.88859,19.13144],[72.88859,19.13184],[72.88859,19.13221],[72.88875,19.13238],[72.8889,19.13238],[72.88917,19.1328],[72.88921,19.13291],[72.88921,19.13292],[72.88926,19.13304],[72.88931,19.13318],[72.88931,19.13327],[72.88943,19.1336],[72.88946,19.13367],[72.88949,19.13372],[72.88951,19.13376],[72.8895,19.13403],[72.88953,19.13404],[72.88954,19.13408],[72.88972,19.13433],[72.88976,19.1344],[72.8898,19.13448],[72.88982,19.13451],[72.88987,19.1346],[72.88992,19.1347],[72.88995,19.13474],[72.88997,19.13476],[72.88999,19.13478],[72.89001,19.13479],[72.89007,19.13485],[72.89014,19.1349],[72.89039,19.13511],[72.89049,19.1352],[72.89052,19.13522],[72.89054,19.13526],[72.89057,19.13537],[72.8906,19.13545],[72.89067,19.13562],[72.89064,19.13564],[72.89045,19.13571],[72.89021,19.1358],[72.89013,19.13584],[72.88989,19.13593],[72.88974,19.136],[72.88967,19.13602],[72.88964,19.13603],[72.88964,19.13604],[72.88961,19.13604],[72.88958,19.13605],[72.88953,19.13607],[72.88936,19.13614],[72.88923,19.13619],[72.88905,19.13626],[72.88895,19.1363],[72.8889,19.13632],[72.88884,19.13634],[72.88873,19.13638],[72.88866,19.13641],[72.88865,19.13642],[72.88845,19.13649],[72.88825,19.13657],[72.88806,19.13664],[72.88804,19.13665],[72.88791,19.1367],[72.88782,19.13674],[72.88768,19.13679],[72.88752,19.13685],[72.88748,19.13687],[72.88739,19.1369],[72.88734,19.13692],[72.88732,19.13693],[72.88703,19.13704],[72.88684,19.13708],[72.88668,19.13716],[72.88664,19.13717],[72.88663,19.13717],[72.88652,19.13722],[72.88648,19.13723],[72.88601,19.13741],[72.88558,19.13758],[72.88539,19.13715],[72.88536,19.13709],[72.88533,19.13704],[72.88525,19.13685],[72.88493,19.13691],[72.88385,19.1371],[72.88362,19.13715],[72.88339,19.13719],[72.8833,19.1372],[72.88327,19.13721],[72.88303,19.13726],[72.88233,19.13739],[72.88217,19.13742],[72.88132,19.13758],[72.88129,19.13758],[72.8812,19.1376],[72.88113,19.13761],[72.88111,19.13761],[72.87985,19.13779],[72.87915,19.1379],[72.87908,19.13791],[72.87883,19.13796],[72.87876,19.1383],[72.87868,19.13878],[72.87837,19.13938],[72.87838,19.1394],[72.87837,19.13951],[72.87836,19.13954],[72.87835,19.13956],[72.87833,19.13957],[72.87827,19.13957],[72.8782,19.13958],[72.87811,19.13958],[72.87808,19.13954],[72.87806,19.13948],[72.878,19.13932],[72.87786,19.13894],[72.87781,19.13879],[72.87774,19.13875],[72.87736,19.13856],[72.87719,19.13863],[72.877,19.13867],[72.87656,19.13873],[72.87645,19.13863],[72.87635,19.13846],[72.87629,19.13827],[72.87627,19.13812],[72.87612,19.13792],[72.87596,19.13781],[72.87576,19.13773],[72.87568,19.13777],[72.87557,19.13784],[72.87528,19.13774],[72.87491,19.13764],[72.87472,19.13758],[72.87438,19.13817],[72.87445,19.13839],[72.87469,19.13858],[72.8748,19.1385],[72.87484,19.13847],[72.87489,19.13847],[72.87507,19.13847],[72.87533,19.13852],[72.87538,19.13854],[72.8742,19.13874],[72.87361,19.1389],[72.87276,19.13913],[72.87261,19.13917],[72.87256,19.13919],[72.87251,19.1392],[72.87247,19.13921],[72.87238,19.13923],[72.87233,19.13923],[72.87218,19.13926],[72.87208,19.13928],[72.87163,19.13937],[72.87148,19.13941],[72.87131,19.13944],[72.87129,19.13945],[72.8711,19.1395],[72.8709,19.13955],[72.87089,19.13955],[72.86954,19.13993],[72.86947,19.13996],[72.8694,19.13999],[72.8693,19.14002],[72.86918,19.14008],[72.8691,19.14014],[72.86901,19.14016],[72.86882,19.14021],[72.86858,19.14026],[72.86798,19.14048],[72.86753,19.14057],[72.86732,19.14062],[72.86662,19.14081],[72.86642,19.14086],[72.86625,19.14089],[72.86599,19.14097],[72.86593,19.14099],[72.86588,19.14106],[72.8656,19.14112],[72.86538,19.14117],[72.86507,19.14123],[72.86486,19.14126],[72.86458,19.1413],[72.86453,19.14131],[72.86415,19.14131],[72.86388,19.1413],[72.86347,19.14154],[72.86338,19.14159],[72.86325,19.14164],[72.86251,19.14196],[72.86228,19.14194],[72.86201,19.14193],[72.86179,19.14191],[72.86172,19.14191],[72.86171,19.14191],[72.86127,19.14198],[72.86131,19.142],[72.86119,19.14202],[72.86089,19.14201],[72.86064,19.14199],[72.86063,19.14199],[72.86061,19.14199],[72.86048,19.14198],[72.86036,19.14196],[72.86023,19.14194],[72.86013,19.14193],[72.86006,19.14192],[72.85982,19.14189],[72.85957,19.14184],[72.85951,19.14183],[72.85939,19.14183],[72.85936,19.14183],[72.85933,19.14183],[72.8593,19.14182],[72.85925,19.14182],[72.85923,19.14182],[72.85902,19.14181],[72.85899,19.14181],[72.85896,19.14181],[72.85893,19.14181],[72.85889,19.14181],[72.85888,19.1418],[72.85867,19.14175],[72.85864,19.14174],[72.85841,19.14168],[72.85832,19.14166],[72.85817,19.14166],[72.8579,19.14164],[72.8578,19.14164],[72.85778,19.14164],[72.8576,19.14163],[72.85751,19.14162],[72.85742,19.14162],[72.85729,19.14162],[72.85705,19.14161],[72.85671,19.14166],[72.85616,19.14175],[72.85575,19.14182],[72.85567,19.14184],[72.85543,19.1419],[72.85532,19.14193],[72.85526,19.14194],[72.85499,19.14209],[72.85491,19.14213],[72.85474,19.14222],[72.85473,19.14222],[72.85469,19.14225],[72.8546,19.14231],[72.85459,19.14232],[72.85457,19.14233],[72.85456,19.14234],[72.85455,19.14234],[72.85454,19.14235],[72.85453,19.14236],[72.85443,19.14242],[72.85438,19.14245],[72.85437,19.14247],[72.85431,19.1425],[72.85419,19.14251],[72.85407,19.14251],[72.85393,19.14252],[72.85385,19.14253],[72.85369,19.14252],[72.85359,19.14252],[72.85339,19.14251],[72.85336,19.14251],[72.85334,19.14251],[72.85322,19.1425],[72.85309,19.1425],[72.85296,19.14249],[72.85287,19.14249],[72.85284,19.14249],[72.85274,19.14248],[72.85272,19.14252],[72.85267,19.14268],[72.85269,19.14274],[72.85266,19.14283],[72.85262,19.14293],[72.85259,19.14305],[72.85255,19.14315],[72.85254,19.14319],[72.85251,19.14327],[72.8525,19.14327],[72.85243,19.14328],[72.8524,19.14329],[72.85225,19.14332],[72.85219,19.14333],[72.85212,19.14334],[72.85202,19.14335],[72.85197,19.14336],[72.85193,19.14336],[72.85192,19.14336],[72.8519,19.14336],[72.8518,19.14337],[72.85137,19.14342],[72.85027,19.14353],[72.84998,19.14356],[72.84989,19.14356],[72.84981,19.14297],[72.84952,19.14081],[72.84924,19.13827],[72.8492,19.13783],[72.84916,19.13758],[72.84907,19.13698],[72.8488,19.13505],[72.8484,19.13235],[72.8483,19.13159],[72.84816,19.13056],[72.8479,19.12854],[72.84768,19.12701],[72.84737,19.12473],[72.84718,19.12321],[72.84719,19.12289],[72.84719,19.12257],[72.84718,19.12226],[72.84718,19.12209],[72.84709,19.12144],[72.84671,19.11893],[72.84645,19.11719],[72.8463,19.11629],[72.84603,19.11458],[72.84579,19.11262],[72.84544,19.11042],[72.84514,19.10809],[72.8449,19.10628],[72.84475,19.10512],[72.84446,19.10274],[72.84446,19.10273],[72.84445,19.10271],[72.84431,19.10194],[72.84414,19.10087],[72.84387,19.09877],[72.84372,19.09737],[72.8435,19.09565],[72.84325,19.09382],[72.84308,19.09263],[72.84293,19.09144],[72.84277,19.0905],[72.84276,19.09043]]]},"properties":{"NAME":"K/E"}},
{"type":"Feature","geometry":{"type":"Polygon","coordinates":[[[72.87097,19.05116],[72.87099,19.05115],[72.87102,19.05113],[72.87103,19.05113],[72.87105,19.05111],[72.87108,19.05109],[72.87109,19.05108],[72.87122,19.051],[72.87127,19.05093],[72.87135,19.05088],[72.87143,19.05074],[72.87163,19.05045],[72.87171,19.05033],[72.87176,19.05026],[72.87184,19.05016],[72.87184,19.05015],[72.8719,19.05008],[72.87199,19.04995],[72.87205,19.04997],[72.87224,19.05],[72.87255,19.05001],[72.87268,19.05],[72.87307,19.04999],[72.8734,19.04996],[72.87345,19.04995],[72.87348,19.04994],[72.8737,19.0499],[72.87409,19.04978],[72.87419,19.04974],[72.87425,19.04973],[72.87442,19.04966],[72.87455,19.04962],[72.87498,19.04943],[72.87536,19.04917],[72.87545,19.0491],[72.87566,19.04896],[72.87569,19.04895],[72.87576,19.04891],[72.87587,19.04887],[72.87594,19.04886],[72.87595,19.04885],[72.876,19.04886],[72.87606,19.04886],[72.8761,19.04887],[72.87613,19.04887],[72.87614,19.04888],[72.87622,19.0489],[72.87632,19.04894],[72.87637,19.04896],[72.87642,19.04899],[72.87643,19.04899],[72.87645,19.049],[72.87648,19.04901],[72.87649,19.04901],[72.87651,19.04902],[72.87655,19.04903],[72.87658,19.04903],[72.87659,19.04903],[72.87662,19.04903],[72.87663,19.04903],[72.87665,19.04903],[72.87668,19.04902],[72.87669,19.04902],[72.8767,19.04902],[72.87672,19.049],[72.87677,19.04894],[72.87682,19.04888],[72.87688,19.0488],[72.87692,19.04874],[72.87693,19.04866],[72.87695,19.0485],[72.87731,19.04826],[72.87744,19.04816],[72.87779,19.0478],[72.87803,19.04755],[72.87812,19.04766],[72.87823,19.04782],[72.87834,19.04795],[72.87835,19.04797],[72.87838,19.04805],[72.87986,19.0502],[72.88012,19.05057],[72.88023,19.0507],[72.88035,19.05086],[72.88047,19.05106],[72.88101,19.05181],[72.88125,19.05216],[72.88148,19.05247],[72.88154,19.05256],[72.88179,19.05289],[72.88181,19.05292],[72.88188,19.05302],[72.8819,19.05306],[72.88193,19.05312],[72.88195,19.05315],[72.882,19.05322],[72.88215,19.05346],[72.88216,19.05346],[72.88217,19.05348],[72.88237,19.05374],[72.88244,19.05383],[72.88247,19.05388],[72.88265,19.0541],[72.883,19.05457],[72.88401,19.0559],[72.88517,19.05752],[72.88585,19.05848],[72.88588,19.05852],[72.88607,19.05878],[72.88612,19.05884],[72.88673,19.05971],[72.88968,19.06377],[72.89071,19.06521],[72.89075,19.06528],[72.89084,19.06539],[72.89102,19.06565],[72.89118,19.06588],[72.89121,19.06591],[72.89147,19.06629],[72.89271,19.06817],[72.89254,19.0682],[72.89253,19.0682],[72.89247,19.06821],[72.89241,19.06822],[72.8924,19.06823],[72.89233,19.06824],[72.89106,19.06843],[72.89115,19.06949],[72.89116,19.06967],[72.89117,19.06978],[72.89121,19.07026],[72.89122,19.07041],[72.89125,19.07056],[72.89125,19.07059],[72.89135,19.07136],[72.89139,19.07177],[72.89142,19.07213],[72.89145,19.07241],[72.89149,19.07257],[72.89154,19.07275],[72.89171,19.07301],[72.89172,19.07307],[72.89173,19.07308],[72.89174,19.07314],[72.89185,19.07351],[72.89206,19.07426],[72.89218,19.07481],[72.89229,19.07532],[72.89233,19.07545],[72.89241,19.07574],[72.89257,19.07633],[72.89264,19.07656],[72.89272,19.07687],[72.89277,19.07701],[72.89286,19.07732],[72.89305,19.07798],[72.8931,19.07859],[72.89318,19.07885],[72.89325,19.07912],[72.89326,19.07915],[72.89327,19.07918],[72.89329,19.07924],[72.89333,19.07939],[72.89334,19.07942],[72.89336,19.07948],[72.89363,19.08025],[72.89364,19.08028],[72.89366,19.08033],[72.89368,19.08036],[72.89369,19.08038],[72.89369,19.0804],[72.8937,19.08043],[72.89371,19.08044],[72.89371,19.08045],[72.89372,19.08046],[72.89373,19.08049],[72.89374,19.08051],[72.89374,19.08052],[72.89375,19.08054],[72.89375,19.08055],[72.89375,19.08056],[72.89376,19.08057],[72.89377,19.0806],[72.89377,19.08063],[72.89384,19.08082],[72.89384,19.08084],[72.89385,19.08084],[72.89385,19.08085],[72.89386,19.08088],[72.89386,19.08092],[72.89387,19.08098],[72.89387,19.08099],[72.89387,19.081],[72.89387,19.08103],[72.89387,19.08104],[72.89387,19.08105],[72.89386,19.08107],[72.89386,19.08111],[72.89386,19.08114],[72.89385,19.08117],[72.89385,19.08122],[72.89383,19.08145],[72.89384,19.08147],[72.89391,19.08169],[72.89392,19.08173],[72.89394,19.08178],[72.89394,19.08179],[72.89385,19.08192],[72.89382,19.08198],[72.89373,19.08212],[72.89371,19.08221],[72.89368,19.0824],[72.89369,19.08252],[72.89375,19.08335],[72.8935,19.08348],[72.89329,19.08413],[72.89315,19.08436],[72.89311,19.08442],[72.89302,19.08461],[72.89297,19.08471],[72.89282,19.08488],[72.89277,19.08495],[72.89275,19.08497],[72.89273,19.085],[72.89267,19.08508],[72.89442,19.08572],[72.89439,19.08583],[72.89437,19.08588],[72.89434,19.08599],[72.89432,19.08606],[72.89424,19.08637],[72.89422,19.08643],[72.8942,19.08649],[72.89419,19.08653],[72.89419,19.08657],[72.89418,19.0866],[72.89417,19.08664],[72.89417,19.08667],[72.89417,19.08668],[72.89418,19.0867],[72.89418,19.08674],[72.8942,19.08689],[72.89423,19.08704],[72.89435,19.08742],[72.89449,19.08778],[72.89458,19.08812],[72.8946,19.08824],[72.89461,19.08827],[72.89462,19.08833],[72.89462,19.08835],[72.89462,19.08837],[72.89462,19.08842],[72.89462,19.08848],[72.89462,19.08853],[72.89462,19.08861],[72.89444,19.09014],[72.89443,19.09023],[72.89441,19.09043],[72.8944,19.09047],[72.89439,19.09058],[72.89435,19.09097],[72.89434,19.09103],[72.89441,19.09106],[72.89456,19.09113],[72.89457,19.09113],[72.89461,19.09115],[72.89468,19.09117],[72.89479,19.0912],[72.89489,19.09122],[72.89488,19.09134],[72.89483,19.09194],[72.89497,19.09228],[72.89534,19.09219],[72.89546,19.09217],[72.8957,19.09213],[72.89586,19.09198],[72.89594,19.09158],[72.89623,19.09159],[72.8965,19.0916],[72.89674,19.09163],[72.89721,19.09203],[72.89728,19.09209],[72.89774,19.09231],[72.89783,19.09237],[72.89802,19.09252],[72.89839,19.09259],[72.89843,19.09275],[72.89869,19.09299],[72.89874,19.09304],[72.89882,19.0931],[72.89894,19.09318],[72.89903,19.09325],[72.89904,19.09326],[72.89917,19.09335],[72.89924,19.09349],[72.89944,19.09375],[72.8995,19.09382],[72.89958,19.09382],[72.89961,19.09395],[72.89965,19.09406],[72.89967,19.09416],[72.89968,19.09421],[72.89969,19.09434],[72.89969,19.09439],[72.8997,19.09455],[72.89968,19.09466],[72.89959,19.09467],[72.89955,19.09481],[72.89954,19.09486],[72.89952,19.09512],[72.89943,19.09533],[72.8994,19.09549],[72.89939,19.09553],[72.89938,19.09557],[72.89934,19.09577],[72.89901,19.09591],[72.89897,19.09593],[72.89876,19.09602],[72.89879,19.09609],[72.89879,19.0961],[72.89884,19.09621],[72.89887,19.09628],[72.8989,19.09635],[72.89894,19.09645],[72.89904,19.09669],[72.8991,19.09689],[72.89917,19.09711],[72.89923,19.0973],[72.89931,19.09754],[72.89938,19.09776],[72.89938,19.09779],[72.8995,19.09847],[72.89954,19.09865],[72.89959,19.09881],[72.89969,19.09899],[72.89978,19.09906],[72.89986,19.09912],[72.89996,19.0992],[72.89999,19.09922],[72.90033,19.09932],[72.90038,19.09933],[72.90055,19.09943],[72.90059,19.09945],[72.9007,19.09957],[72.90077,19.09979],[72.90092,19.10015],[72.90093,19.10019],[72.90095,19.10025],[72.90099,19.10039],[72.90109,19.1005],[72.90119,19.10061],[72.90134,19.10072],[72.90156,19.10094],[72.90165,19.10102],[72.90171,19.10109],[72.90176,19.10115],[72.90199,19.1014],[72.9024,19.10163],[72.90303,19.10212],[72.9033,19.10221],[72.90348,19.10227],[72.9036,19.10231],[72.90364,19.10233],[72.90366,19.10236],[72.90367,19.10238],[72.90373,19.10251],[72.90381,19.10265],[72.90389,19.10279],[72.90398,19.10287],[72.90459,19.10327],[72.9046,19.10328],[72.90501,19.1046],[72.90521,19.10488],[72.9056,19.10542],[72.90575,19.10564],[72.906,19.10598],[72.90614,19.10617],[72.9063,19.1064],[72.90672,19.10707],[72.90679,19.10717],[72.90698,19.10732],[72.90733,19.10761],[72.90801,19.10814],[72.90775,19.10911],[72.90763,19.10939],[72.90728,19.10991],[72.90701,19.1103],[72.9069,19.11054],[72.90671,19.11096],[72.90643,19.11122],[72.90628,19.11135],[72.90493,19.11184],[72.90455,19.11199],[72.90452,19.11232],[72.90447,19.11271],[72.90442,19.11316],[72.90432,19.1141],[72.90434,19.11434],[72.90441,19.11491],[72.90449,19.11527],[72.90431,19.11554],[72.90419,19.11572],[72.90414,19.1158],[72.9041,19.11585],[72.90409,19.11586],[72.90407,19.11589],[72.90389,19.11614],[72.90386,19.11619],[72.90356,19.11659],[72.90349,19.11668],[72.90345,19.11673],[72.90341,19.11679],[72.90338,19.11683],[72.90336,19.11686],[72.90332,19.11691],[72.90329,19.11718],[72.90327,19.11718],[72.90328,19.1172],[72.90328,19.11723],[72.90328,19.11726],[72.90328,19.11736],[72.90327,19.11743],[72.90327,19.1175],[72.90317,19.11755],[72.90293,19.11769],[72.90284,19.11776],[72.90276,19.11781],[72.90272,19.11783],[72.90236,19.11806],[72.90219,19.11817],[72.90208,19.11823],[72.90176,19.1184],[72.90161,19.11848],[72.90144,19.11857],[72.90096,19.11881],[72.90086,19.11886],[72.90071,19.11894],[72.90068,19.11896],[72.90021,19.11917],[72.90006,19.11923],[72.89993,19.11929],[72.89979,19.11935],[72.89975,19.11937],[72.89966,19.11941],[72.89963,19.11943],[72.89956,19.11946],[72.89942,19.11953],[72.89921,19.11964],[72.89908,19.11971],[72.89894,19.11978],[72.89873,19.11989],[72.8987,19.1199],[72.89866,19.11992],[72.89834,19.1201],[72.89819,19.12017],[72.89804,19.12024],[72.89786,19.12033],[72.8977,19.12039],[72.89726,19.12058],[72.89714,19.12063],[72.89696,19.12071],[72.89662,19.12078],[72.89634,19.12088],[72.89609,19.12096],[72.89607,19.12101],[72.89602,19.12117],[72.89601,19.12123],[72.89596,19.12133],[72.89593,19.12137],[72.89588,19.12147],[72.89587,19.12166],[72.89583,19.12225],[72.89582,19.12234],[72.89582,19.12235],[72.89579,19.12296],[72.89577,19.1235],[72.89576,19.12364],[72.89574,19.12437],[72.89573,19.12452],[72.89573,19.12455],[72.89511,19.12468],[72.89493,19.12471],[72.89308,19.12503],[72.89247,19.12523],[72.89235,19.12528],[72.89221,19.12533],[72.89208,19.12539],[72.89187,19.1255],[72.89127,19.12582],[72.89047,19.12625],[72.89035,19.12632],[72.88993,19.12658],[72.88928,19.12707],[72.88815,19.12791],[72.88783,19.12817],[72.88742,19.12848],[72.88641,19.12918],[72.88489,19.12868],[72.88423,19.12846],[72.88423,19.12844],[72.88436,19.12807],[72.88461,19.12768],[72.88514,19.12742],[72.88562,19.12746],[72.88575,19.12743],[72.88634,19.12721],[72.88648,19.12712],[72.88651,19.12703],[72.88667,19.1266],[72.88669,19.12655],[72.88666,19.12591],[72.88674,19.12556],[72.88684,19.12511],[72.88706,19.12457],[72.88707,19.12446],[72.88707,19.12445],[72.88718,19.12417],[72.8873,19.12388],[72.8874,19.12364],[72.88743,19.12357],[72.88745,19.12352],[72.88745,19.12351],[72.88746,19.12346],[72.88746,19.12344],[72.8875,19.12305],[72.88753,19.12279],[72.88769,19.12256],[72.88778,19.12245],[72.88803,19.12232],[72.88806,19.12226],[72.88845,19.122],[72.88858,19.12192],[72.88859,19.12192],[72.88857,19.12182],[72.88855,19.12165],[72.88854,19.12163],[72.88852,19.12149],[72.88838,19.12144],[72.88786,19.12124],[72.8873,19.1211],[72.88727,19.12109],[72.88689,19.12086],[72.8868,19.1208],[72.88663,19.12067],[72.88643,19.12027],[72.88641,19.12022],[72.88633,19.11996],[72.88632,19.11994],[72.88627,19.11957],[72.88625,19.11936],[72.88616,19.11906],[72.88614,19.119],[72.8859,19.11869],[72.88585,19.11863],[72.88585,19.11862],[72.88585,19.11858],[72.88583,19.11839],[72.88583,19.11834],[72.8859,19.11811],[72.88595,19.1177],[72.88601,19.11734],[72.88612,19.1169],[72.88613,19.1168],[72.88614,19.11648],[72.88614,19.11631],[72.88616,19.11607],[72.88631,19.11578],[72.88649,19.11569],[72.88658,19.11549],[72.8867,19.11538],[72.8867,19.11536],[72.8867,19.11533],[72.88687,19.11503],[72.88705,19.11469],[72.88714,19.11449],[72.88732,19.11406],[72.88726,19.11386],[72.88724,19.11381],[72.88714,19.11353],[72.88685,19.1134],[72.8867,19.11329],[72.88667,19.11305],[72.88627,19.11287],[72.88587,19.1127],[72.88583,19.11253],[72.88599,19.11249],[72.8858,19.11237],[72.88578,19.11235],[72.88554,19.11218],[72.88546,19.11202],[72.88527,19.11163],[72.88536,19.11102],[72.88557,19.11089],[72.8857,19.11078],[72.88578,19.11074],[72.88599,19.11058],[72.88603,19.11056],[72.88619,19.11037],[72.88626,19.1103],[72.8867,19.11001],[72.88696,19.10984],[72.88697,19.10981],[72.88702,19.10972],[72.88705,19.10962],[72.88706,19.10962],[72.88707,19.10956],[72.88706,19.10925],[72.88702,19.10909],[72.88691,19.10892],[72.88689,19.10889],[72.88688,19.10884],[72.88686,19.10872],[72.88682,19.10849],[72.88682,19.10846],[72.88681,19.1084],[72.88667,19.10816],[72.88663,19.10801],[72.88653,19.10775],[72.88654,19.10771],[72.88653,19.10768],[72.88651,19.10767],[72.88634,19.10724],[72.8863,19.10719],[72.88626,19.10715],[72.88612,19.10698],[72.88601,19.10684],[72.88595,19.10676],[72.88584,19.10671],[72.8857,19.10668],[72.8851,19.10639],[72.88506,19.10637],[72.8849,19.1063],[72.88483,19.10609],[72.88465,19.10609],[72.88453,19.10603],[72.88443,19.10595],[72.8844,19.10591],[72.88411,19.10554],[72.88413,19.10542],[72.88412,19.1053],[72.8841,19.10513],[72.88408,19.10502],[72.88405,19.10491],[72.88411,19.10464],[72.88389,19.10425],[72.88382,19.10405],[72.88364,19.10382],[72.88354,19.10379],[72.8832,19.10375],[72.88313,19.10372],[72.88305,19.10367],[72.88271,19.10341],[72.88271,19.10338],[72.88255,19.10329],[72.88222,19.10313],[72.882,19.10303],[72.88193,19.10289],[72.88147,19.10276],[72.88118,19.10272],[72.88098,19.10265],[72.88064,19.10252],[72.88036,19.10241],[72.88023,19.10219],[72.88017,19.1021],[72.88016,19.10207],[72.88011,19.10195],[72.88008,19.10189],[72.88006,19.10183],[72.88002,19.10174],[72.88002,19.10173],[72.87979,19.10135],[72.87966,19.10105],[72.8796,19.10091],[72.87954,19.10077],[72.87953,19.10075],[72.87947,19.10061],[72.87945,19.10056],[72.87928,19.10013],[72.8792,19.09993],[72.87913,19.09975],[72.87909,19.09931],[72.87906,19.0992],[72.87895,19.09893],[72.87901,19.09871],[72.87909,19.09855],[72.87921,19.09849],[72.87939,19.09849],[72.87981,19.09851],[72.87996,19.09848],[72.88033,19.09823],[72.88056,19.09812],[72.88068,19.09804],[72.88073,19.09791],[72.88075,19.09777],[72.88072,19.09762],[72.88074,19.09743],[72.88083,19.09717],[72.88089,19.09693],[72.88095,19.09665],[72.88094,19.09655],[72.88092,19.09645],[72.88087,19.09628],[72.88076,19.09608],[72.8806,19.09592],[72.8803,19.09566],[72.88015,19.09553],[72.8801,19.09543],[72.88004,19.09532],[72.87998,19.09522],[72.87987,19.09504],[72.87979,19.09488],[72.87974,19.09479],[72.87948,19.09454],[72.87934,19.09448],[72.87913,19.0945],[72.87886,19.09441],[72.8787,19.09426],[72.87851,19.09398],[72.87836,19.09358],[72.87829,19.09329],[72.87829,19.09307],[72.87833,19.09276],[72.87839,19.09238],[72.87841,19.09221],[72.87845,19.09196],[72.8787,19.0913],[72.8789,19.09108],[72.87872,19.09088],[72.87883,19.09076],[72.87924,19.09034],[72.87904,19.08999],[72.87923,19.0898],[72.87892,19.08936],[72.87876,19.08845],[72.87886,19.08776],[72.87888,19.08758],[72.87913,19.08678],[72.87913,19.08676],[72.87913,19.08674],[72.87913,19.08672],[72.87913,19.08664],[72.87913,19.08661],[72.87914,19.08641],[72.87915,19.08625],[72.87915,19.08621],[72.87916,19.08598],[72.87832,19.08603],[72.87816,19.08604],[72.87793,19.08606],[72.87771,19.08607],[72.87752,19.08608],[72.87745,19.08609],[72.87742,19.08609],[72.87662,19.08614],[72.87626,19.08617],[72.87622,19.08584],[72.87615,19.08513],[72.87614,19.08507],[72.87614,19.08503],[72.87614,19.08499],[72.87613,19.08493],[72.87608,19.0848],[72.876,19.08475],[72.87585,19.08466],[72.87557,19.08445],[72.87542,19.08433],[72.87467,19.08398],[72.87248,19.083],[72.87193,19.08275],[72.87012,19.08173],[72.87011,19.08171],[72.87011,19.0817],[72.87045,19.08149],[72.87048,19.08146],[72.87053,19.08143],[72.8707,19.08136],[72.87099,19.08123],[72.87191,19.08082],[72.87234,19.08062],[72.87243,19.08058],[72.87254,19.08053],[72.87379,19.07994],[72.87402,19.07983],[72.87413,19.07978],[72.87409,19.07975],[72.87406,19.07972],[72.87401,19.07966],[72.87419,19.07958],[72.87438,19.0795],[72.87443,19.07948],[72.87491,19.07928],[72.87553,19.07902],[72.8759,19.07887],[72.87586,19.07879],[72.87584,19.07875],[72.87558,19.07831],[72.87551,19.07824],[72.87532,19.07808],[72.87528,19.07787],[72.87518,19.07777],[72.87493,19.0775],[72.87473,19.0774],[72.87466,19.07737],[72.87445,19.07727],[72.87434,19.07722],[72.87409,19.0771],[72.87399,19.07704],[72.87377,19.07693],[72.87369,19.07691],[72.87362,19.07689],[72.87273,19.07661],[72.87256,19.07648],[72.87236,19.07629],[72.87222,19.07612],[72.87206,19.07577],[72.87202,19.07565],[72.872,19.07554],[72.87198,19.07548],[72.87197,19.07542],[72.87187,19.07498],[72.87188,19.07487],[72.87187,19.07486],[72.87186,19.07456],[72.87186,19.07454],[72.87187,19.07439],[72.87192,19.07393],[72.87204,19.07352],[72.87214,19.07329],[72.8722,19.07314],[72.87233,19.07296],[72.87241,19.07283],[72.87256,19.07268],[72.87274,19.0725],[72.87288,19.07242],[72.87291,19.0724],[72.87305,19.07225],[72.87319,19.0721],[72.87334,19.07192],[72.87345,19.07176],[72.87352,19.07164],[72.87358,19.0715],[72.87364,19.07137],[72.87369,19.07118],[72.87369,19.07117],[72.87369,19.07105],[72.87369,19.071],[72.87368,19.07094],[72.87368,19.0709],[72.87366,19.07079],[72.87361,19.07065],[72.87361,19.07064],[72.87357,19.07055],[72.87341,19.07015],[72.87332,19.06991],[72.87326,19.06976],[72.8732,19.06953],[72.8732,19.06952],[72.87317,19.06927],[72.87313,19.06868],[72.8731,19.06805],[72.87311,19.06772],[72.87317,19.06648],[72.87325,19.06601],[72.87327,19.06592],[72.87329,19.06583],[72.87336,19.06558],[72.87336,19.06556],[72.8734,19.06543],[72.87342,19.06535],[72.87342,19.06534],[72.87344,19.06521],[72.87345,19.06511],[72.8734,19.06493],[72.87327,19.06457],[72.8732,19.06436],[72.87304,19.06402],[72.87294,19.06385],[72.87293,19.06378],[72.87279,19.0636],[72.87271,19.06349],[72.87248,19.06318],[72.87238,19.06304],[72.87182,19.06228],[72.87177,19.0622],[72.87148,19.0617],[72.87139,19.06155],[72.87136,19.06147],[72.87134,19.06143],[72.87134,19.06142],[72.87132,19.06135],[72.87131,19.06117],[72.87128,19.06094],[72.87128,19.06091],[72.87127,19.06076],[72.87128,19.06051],[72.87115,19.06026],[72.87114,19.06022],[72.8708,19.05958],[72.87065,19.05934],[72.87046,19.05905],[72.87015,19.05849],[72.87014,19.05847],[72.86991,19.05805],[72.86987,19.05798],[72.86971,19.05768],[72.86968,19.05764],[72.86959,19.0575],[72.86952,19.0574],[72.86937,19.05725],[72.86921,19.05709],[72.86919,19.05708],[72.86907,19.05695],[72.86904,19.05693],[72.86879,19.05668],[72.86878,19.05667],[72.8686,19.05648],[72.86651,19.05477],[72.86606,19.05439],[72.86573,19.05413],[72.86517,19.05367],[72.86356,19.05233],[72.86586,19.05237],[72.8662,19.05237],[72.86637,19.05237],[72.86661,19.05237],[72.86699,19.05237],[72.86738,19.05237],[72.86743,19.05245],[72.86753,19.05247],[72.86762,19.05245],[72.86763,19.05245],[72.86766,19.05244],[72.86773,19.05242],[72.86786,19.05238],[72.86799,19.05234],[72.86817,19.05218],[72.86828,19.05203],[72.86837,19.0518],[72.86858,19.05158],[72.86886,19.0513],[72.86895,19.05132],[72.86914,19.05136],[72.86921,19.05133],[72.86927,19.05131],[72.86935,19.05127],[72.86938,19.05126],[72.86944,19.05126],[72.86993,19.05128],[72.87026,19.05124],[72.87029,19.05124],[72.87044,19.05122],[72.87087,19.05118],[72.87096,19.05117],[72.87097,19.05116]]]},"properties":{"NAME":"L"}},
{"type":"Feature","geometry":{"type":"Polygon","coordinates":[[[72.95672,19.14015],[72.9567,19.1403],[72.95668,19.14063],[72.95665,19.14106],[72.95666,19.14176],[72.95673,19.14209],[72.95681,19.14248],[72.95701,19.14306],[72.95716,19.14332],[72.95731,19.14352],[72.95804,19.14438],[72.95822,19.14457],[72.95839,19.1447],[72.95869,19.1449],[72.95998,19.14565],[72.96096,19.14609],[72.96135,19.14629],[72.96142,19.14635],[72.96149,19.14642],[72.96156,19.14649],[72.96162,19.14657],[72.96168,19.14665],[72.96173,19.14674],[72.96177,19.14682],[72.9618,19.14691],[72.96183,19.14701],[72.96186,19.1471],[72.96187,19.1472],[72.96186,19.14728],[72.96184,19.14737],[72.96181,19.14746],[72.96178,19.14754],[72.96175,19.14762],[72.96161,19.14799],[72.96157,19.14814],[72.96154,19.14831],[72.96153,19.14841],[72.9615,19.14853],[72.96147,19.14861],[72.96145,19.14866],[72.96139,19.14874],[72.96117,19.14888],[72.96022,19.14931],[72.95996,19.14947],[72.95895,19.14996],[72.95883,19.14999],[72.95828,19.15016],[72.95777,19.15025],[72.95723,19.15022],[72.95709,19.1502],[72.95688,19.15017],[72.95671,19.15015],[72.95658,19.15015],[72.95646,19.15017],[72.95624,19.15024],[72.95596,19.15035],[72.95573,19.15049],[72.95553,19.15065],[72.95541,19.15078],[72.95528,19.15087],[72.95468,19.1513],[72.95563,19.15275],[72.95693,19.15468],[72.95444,19.15525],[72.95211,19.1558],[72.94767,19.15684],[72.9474,19.15692],[72.94731,19.15695],[72.94723,19.15699],[72.94716,19.15703],[72.94708,19.15708],[72.94701,19.15714],[72.94695,19.15719],[72.9469,19.15725],[72.94684,19.15731],[72.9468,19.15737],[72.94675,19.15746],[72.94671,19.15754],[72.94668,19.15763],[72.94665,19.15772],[72.94663,19.15782],[72.94662,19.15791],[72.94662,19.158],[72.94662,19.1581],[72.94663,19.15819],[72.94695,19.15936],[72.94697,19.15945],[72.94698,19.15955],[72.94698,19.15964],[72.94698,19.15973],[72.94697,19.15982],[72.94695,19.15992],[72.94692,19.16001],[72.94689,19.16009],[72.94686,19.16018],[72.94681,19.16026],[72.94676,19.16033],[72.9467,19.1604],[72.94663,19.16047],[72.94657,19.16053],[72.94649,19.16058],[72.94642,19.16064],[72.94634,19.16068],[72.94626,19.16073],[72.9449,19.16139],[72.94424,19.16171],[72.94402,19.16181],[72.94391,19.16185],[72.94383,19.16189],[72.94248,19.16242],[72.94123,19.16289],[72.9397,19.16346],[72.93928,19.16362],[72.93912,19.16366],[72.93896,19.1637],[72.9388,19.16373],[72.93864,19.16375],[72.93848,19.16377],[72.93832,19.16378],[72.93757,19.16383],[72.93748,19.16382],[72.9374,19.16383],[72.93731,19.16384],[72.93723,19.16386],[72.93714,19.16388],[72.93706,19.16391],[72.93698,19.16394],[72.93632,19.1643],[72.93531,19.16487],[72.93438,19.16536],[72.934,19.16556],[72.93352,19.16586],[72.93294,19.16625],[72.932,19.16689],[72.93163,19.1671],[72.93159,19.16712],[72.9315,19.16715],[72.93142,19.16717],[72.93134,19.16719],[72.93129,19.1672],[72.93123,19.16721],[72.93118,19.16721],[72.93098,19.16722],[72.93063,19.16711],[72.9303,19.16699],[72.93009,19.1669],[72.93005,19.16688],[72.92996,19.16683],[72.92982,19.16674],[72.92963,19.1666],[72.9296,19.16658],[72.92957,19.16657],[72.92954,19.16656],[72.92949,19.16655],[72.9287,19.16652],[72.92871,19.16646],[72.92872,19.16641],[72.92873,19.16637],[72.92873,19.16636],[72.92873,19.16635],[72.92873,19.16632],[72.92876,19.16616],[72.92876,19.16608],[72.92877,19.166],[72.92877,19.16599],[72.92883,19.16556],[72.92888,19.16547],[72.92902,19.16527],[72.92873,19.16531],[72.92865,19.16533],[72.92869,19.16522],[72.92871,19.16518],[72.92876,19.16508],[72.92886,19.16483],[72.92886,19.16473],[72.92888,19.16443],[72.92888,19.16421],[72.92884,19.16397],[72.92883,19.16389],[72.92882,19.16386],[72.9288,19.16381],[72.92873,19.16355],[72.92866,19.16326],[72.92866,19.16325],[72.92866,19.16323],[72.92866,19.16322],[72.92866,19.16321],[72.92867,19.1632],[72.92874,19.16312],[72.92898,19.16283],[72.92888,19.16221],[72.92886,19.16207],[72.92875,19.16135],[72.9287,19.16104],[72.92868,19.16094],[72.92866,19.16083],[72.92864,19.16069],[72.9286,19.16048],[72.92863,19.16021],[72.92863,19.1602],[72.92861,19.16007],[72.92859,19.15994],[72.92855,19.15974],[72.92853,19.15958],[72.92852,19.15951],[72.92851,19.15947],[72.9285,19.1594],[72.92849,19.15926],[72.92849,19.15883],[72.9285,19.15878],[72.92853,19.15865],[72.92855,19.15854],[72.92856,19.15851],[72.92859,19.15828],[72.92861,19.15816],[72.92864,19.15808],[72.92869,19.15787],[72.92866,19.1577],[72.92862,19.15743],[72.92856,19.15734],[72.92848,19.15721],[72.92846,19.15718],[72.92841,19.15712],[72.92835,19.15704],[72.9283,19.15695],[72.92823,19.15682],[72.92819,19.15676],[72.92819,19.1567],[72.92818,19.15663],[72.92814,19.15651],[72.92809,19.1564],[72.92806,19.15631],[72.92803,19.15624],[72.92793,19.15614],[72.92778,19.156],[72.92765,19.15588],[72.92756,19.1558],[72.9275,19.15575],[72.92744,19.15569],[72.92737,19.15563],[72.92729,19.15555],[72.92724,19.1555],[72.92721,19.15546],[72.9272,19.15546],[72.92719,19.15539],[72.92723,19.15528],[72.92727,19.15516],[72.92728,19.15513],[72.92731,19.15503],[72.92735,19.15491],[72.92736,19.15484],[72.9274,19.15461],[72.92743,19.15445],[72.92746,19.15414],[72.92744,19.15392],[72.92734,19.15378],[72.92724,19.15366],[72.92695,19.15334],[72.92672,19.15306],[72.92668,19.15307],[72.92659,19.15307],[72.92622,19.15314],[72.92602,19.15311],[72.92582,19.15298],[72.92576,19.15294],[72.92549,19.15276],[72.92543,19.15268],[72.92511,19.15202],[72.92478,19.15204],[72.92452,19.15163],[72.92426,19.15125],[72.92416,19.15106],[72.92413,19.15099],[72.92409,19.15093],[72.92405,19.15085],[72.92404,19.15071],[72.92403,19.15049],[72.92403,19.14999],[72.92403,19.14994],[72.92405,19.14953],[72.92393,19.14934],[72.92383,19.14915],[72.92381,19.14905],[72.92371,19.14875],[72.92368,19.14868],[72.92361,19.14833],[72.92355,19.14815],[72.92344,19.14773],[72.9234,19.14759],[72.92334,19.14734],[72.92325,19.14705],[72.92316,19.14688],[72.92311,19.14673],[72.92297,19.1463],[72.92276,19.14603],[72.92261,19.14575],[72.92238,19.14553],[72.92216,19.14531],[72.92164,19.14461],[72.92086,19.14407],[72.92067,19.14406],[72.91964,19.1426],[72.91919,19.14195],[72.91887,19.14151],[72.91845,19.14087],[72.91813,19.1414],[72.91772,19.14141],[72.91768,19.14141],[72.91712,19.14134],[72.91681,19.14133],[72.91626,19.14131],[72.91592,19.14141],[72.91562,19.1415],[72.91559,19.14151],[72.91555,19.14152],[72.91529,19.14159],[72.91525,19.1416],[72.91515,19.14163],[72.91454,19.14171],[72.91437,19.14174],[72.91428,19.14175],[72.91392,19.14179],[72.91354,19.14127],[72.91309,19.1412],[72.91288,19.14117],[72.91281,19.14087],[72.91277,19.14064],[72.91272,19.14045],[72.91239,19.14037],[72.91222,19.14034],[72.91183,19.14024],[72.91169,19.14029],[72.91135,19.1404],[72.91073,19.14059],[72.91033,19.14026],[72.91014,19.14012],[72.91005,19.14004],[72.91022,19.13976],[72.91031,19.13968],[72.90789,19.13874],[72.90722,19.13887],[72.90736,19.13933],[72.90708,19.14005],[72.90696,19.14026],[72.90663,19.1403],[72.90654,19.14018],[72.90645,19.14005],[72.90644,19.13995],[72.9062,19.13973],[72.90616,19.13968],[72.90596,19.13976],[72.90554,19.13997],[72.90533,19.14007],[72.90526,19.14011],[72.90496,19.14025],[72.90478,19.14035],[72.90478,19.14057],[72.90481,19.14095],[72.90481,19.14097],[72.90481,19.14098],[72.90481,19.14112],[72.90477,19.14175],[72.9047,19.14194],[72.9046,19.14194],[72.90456,19.14194],[72.90441,19.14193],[72.90425,19.14193],[72.90412,19.14195],[72.90354,19.14157],[72.90346,19.14151],[72.90305,19.14125],[72.90258,19.14094],[72.90196,19.14053],[72.90194,19.14052],[72.90178,19.14047],[72.9016,19.14041],[72.90118,19.14064],[72.90105,19.14042],[72.90086,19.14008],[72.90063,19.13971],[72.9002,19.13981],[72.89978,19.13935],[72.89956,19.13989],[72.89947,19.14016],[72.89932,19.1404],[72.89929,19.14047],[72.89926,19.14052],[72.8992,19.14061],[72.89916,19.14069],[72.89914,19.14072],[72.89913,19.14074],[72.89912,19.14076],[72.89906,19.14084],[72.89905,19.14085],[72.89903,19.14088],[72.89901,19.14089],[72.89897,19.14092],[72.89893,19.14095],[72.89865,19.14104],[72.89863,19.14104],[72.89724,19.14152],[72.89698,19.14162],[72.89679,19.14169],[72.89664,19.14177],[72.89637,19.14189],[72.89622,19.14196],[72.89609,19.14203],[72.89601,19.14209],[72.89588,19.14222],[72.8957,19.14239],[72.89564,19.14246],[72.8955,19.14258],[72.8954,19.14263],[72.89519,19.14262],[72.89463,19.14261],[72.89449,19.14261],[72.89442,19.14209],[72.89414,19.142],[72.89346,19.14209],[72.89347,19.14201],[72.89348,19.14192],[72.89375,19.14157],[72.89376,19.14154],[72.89395,19.14124],[72.89402,19.14114],[72.89405,19.14108],[72.89407,19.14104],[72.89412,19.14095],[72.8942,19.14079],[72.89421,19.14076],[72.89426,19.14066],[72.89433,19.14054],[72.89439,19.14041],[72.8945,19.14019],[72.89456,19.14009],[72.89463,19.13994],[72.89463,19.13981],[72.89464,19.13972],[72.89463,19.13955],[72.89463,19.13951],[72.89463,19.13944],[72.89463,19.13928],[72.89463,19.13927],[72.8945,19.13909],[72.89433,19.13885],[72.89429,19.13879],[72.89429,19.13878],[72.89418,19.13863],[72.89413,19.13855],[72.89411,19.13853],[72.89406,19.13847],[72.89404,19.13845],[72.89403,19.13844],[72.894,19.13839],[72.89399,19.13837],[72.89399,19.13836],[72.89396,19.13834],[72.89389,19.13827],[72.89383,19.13821],[72.89378,19.13816],[72.8936,19.13799],[72.89351,19.13782],[72.89351,19.13781],[72.8934,19.13762],[72.89333,19.1375],[72.89322,19.1373],[72.89311,19.13709],[72.89307,19.13701],[72.8928,19.13686],[72.89278,19.13685],[72.89245,19.13668],[72.8922,19.13654],[72.89197,19.13641],[72.89191,19.13637],[72.89188,19.13636],[72.89184,19.13635],[72.89159,19.13625],[72.89126,19.13619],[72.89112,19.13626],[72.89099,19.13619],[72.89093,19.13615],[72.89096,19.13599],[72.89084,19.13582],[72.89072,19.13564],[72.8907,19.13561],[72.89067,19.13562],[72.8906,19.13545],[72.89057,19.13537],[72.89054,19.13526],[72.89052,19.13522],[72.89049,19.1352],[72.89039,19.13511],[72.89014,19.1349],[72.89007,19.13485],[72.89001,19.13479],[72.88999,19.13478],[72.88997,19.13476],[72.88995,19.13474],[72.88992,19.1347],[72.88987,19.1346],[72.88982,19.13451],[72.8898,19.13448],[72.88976,19.1344],[72.88972,19.13433],[72.88954,19.13408],[72.88953,19.13404],[72.8895,19.13403],[72.88951,19.13376],[72.88949,19.13372],[72.88946,19.13367],[72.88943,19.1336],[72.88931,19.13327],[72.88931,19.13318],[72.88926,19.13304],[72.88921,19.13292],[72.88921,19.13291],[72.88917,19.1328],[72.8889,19.13238],[72.88875,19.13238],[72.88859,19.13221],[72.88859,19.13184],[72.88859,19.13144],[72.88856,19.13137],[72.88852,19.13131],[72.88871,19.13121],[72.88859,19.13108],[72.88848,19.13099],[72.88832,19.13092],[72.88823,19.13088],[72.88808,19.13082],[72.88792,19.13076],[72.88779,19.13061],[72.8877,19.1305],[72.88758,19.13037],[72.88739,19.13029],[72.8872,19.13022],[72.88714,19.1302],[72.88689,19.13008],[72.88681,19.12996],[72.88654,19.12961],[72.8864,19.12943],[72.88627,19.12943],[72.8862,19.12943],[72.88615,19.12945],[72.88611,19.12946],[72.8861,19.12946],[72.88606,19.12947],[72.88601,19.12948],[72.88594,19.1295],[72.88588,19.12951],[72.88582,19.12952],[72.88573,19.12953],[72.88565,19.12954],[72.88558,19.12955],[72.88548,19.12956],[72.8854,19.12956],[72.88532,19.12956],[72.88524,19.12956],[72.88517,19.12957],[72.88511,19.12956],[72.88505,19.12956],[72.885,19.12956],[72.88495,19.12956],[72.88488,19.12955],[72.88482,19.12954],[72.88477,19.12954],[72.88438,19.12939],[72.88422,19.12892],[72.88423,19.12846],[72.88489,19.12868],[72.88641,19.12918],[72.88742,19.12848],[72.88783,19.12817],[72.88815,19.12791],[72.88928,19.12707],[72.88993,19.12658],[72.89035,19.12632],[72.89047,19.12625],[72.89127,19.12582],[72.89187,19.1255],[72.89208,19.12539],[72.89221,19.12533],[72.89235,19.12528],[72.89247,19.12523],[72.89308,19.12503],[72.89493,19.12471],[72.89511,19.12468],[72.89573,19.12455],[72.89573,19.12452],[72.89574,19.12437],[72.89576,19.12364],[72.89577,19.1235],[72.89579,19.12296],[72.89582,19.12235],[72.89582,19.12234],[72.89583,19.12225],[72.89587,19.12166],[72.89588,19.12147],[72.89593,19.12137],[72.89596,19.12133],[72.89601,19.12123],[72.89602,19.12117],[72.89607,19.12101],[72.89609,19.12096],[72.89634,19.12088],[72.89662,19.12078],[72.89696,19.12071],[72.89714,19.12063],[72.89726,19.12058],[72.8977,19.12039],[72.89786,19.12033],[72.89804,19.12024],[72.89819,19.12017],[72.89834,19.1201],[72.89866,19.11992],[72.8987,19.1199],[72.89873,19.11989],[72.89894,19.11978],[72.89908,19.11971],[72.89921,19.11964],[72.89942,19.11953],[72.89956,19.11946],[72.89963,19.11943],[72.89966,19.11941],[72.89975,19.11937],[72.89979,19.11935],[72.89993,19.11929],[72.90006,19.11923],[72.90021,19.11917],[72.90068,19.11896],[72.90071,19.11894],[72.90086,19.11886],[72.90096,19.11881],[72.90144,19.11857],[72.90161,19.11848],[72.90176,19.1184],[72.90208,19.11823],[72.90219,19.11817],[72.90236,19.11806],[72.90272,19.11783],[72.90276,19.11781],[72.90284,19.11776],[72.90293,19.11769],[72.90317,19.11755],[72.90327,19.1175],[72.90327,19.11743],[72.90328,19.11736],[72.90328,19.11726],[72.90328,19.11723],[72.90328,19.1172],[72.90327,19.11718],[72.90329,19.11718],[72.90332,19.11691],[72.90336,19.11686],[72.90338,19.11683],[72.90341,19.11679],[72.90345,19.11673],[72.90349,19.11668],[72.90356,19.11659],[72.90386,19.11619],[72.90389,19.11614],[72.90407,19.11589],[72.90409,19.11586],[72.9041,19.11585],[72.90414,19.1158],[72.90419,19.11572],[72.90431,19.11554],[72.90449,19.11527],[72.90441,19.11491],[72.90434,19.11434],[72.90432,19.1141],[72.90442,19.11316],[72.90447,19.11271],[72.90452,19.11232],[72.90455,19.11199],[72.90493,19.11184],[72.90628,19.11135],[72.90643,19.11122],[72.90671,19.11096],[72.9069,19.11054],[72.90701,19.1103],[72.90728,19.10991],[72.90763,19.10939],[72.90775,19.10911],[72.90801,19.10814],[72.90835,19.10841],[72.90905,19.1083],[72.90978,19.10863],[72.90996,19.10872],[72.91012,19.10879],[72.91039,19.10894],[72.91072,19.1091],[72.91095,19.10923],[72.91112,19.10932],[72.91119,19.10935],[72.91129,19.1094],[72.91143,19.10948],[72.91156,19.10955],[72.91169,19.10961],[72.9117,19.10961],[72.91188,19.10974],[72.9121,19.10988],[72.91221,19.10996],[72.91287,19.11038],[72.9133,19.11065],[72.91342,19.11079],[72.91369,19.11114],[72.91388,19.11137],[72.91409,19.11181],[72.91454,19.11325],[72.91468,19.11361],[72.91507,19.11467],[72.91515,19.11492],[72.91521,19.11516],[72.91538,19.11521],[72.91557,19.11526],[72.91567,19.11529],[72.91586,19.11535],[72.91603,19.1154],[72.9161,19.11542],[72.91619,19.11545],[72.91629,19.11548],[72.91635,19.1155],[72.9166,19.11569],[72.91673,19.11581],[72.91689,19.11596],[72.9171,19.11616],[72.91737,19.11642],[72.91764,19.11663],[72.91803,19.11687],[72.9181,19.11692],[72.9183,19.11705],[72.91828,19.11665],[72.9183,19.11638],[72.91831,19.11612],[72.91833,19.11595],[72.91834,19.11589],[72.91837,19.1156],[72.9184,19.11535],[72.91837,19.11515],[72.91832,19.11479],[72.9183,19.11466],[72.91827,19.1145],[72.91828,19.11421],[72.91829,19.11404],[72.9183,19.11378],[72.91831,19.1136],[72.91831,19.11354],[72.91834,19.11334],[72.91834,19.11332],[72.91835,19.11325],[72.91835,19.11302],[72.91836,19.11274],[72.91836,19.11264],[72.91837,19.11233],[72.91837,19.11228],[72.91838,19.11225],[72.91841,19.11205],[72.91842,19.1119],[72.91843,19.11183],[72.91845,19.11164],[72.91846,19.11156],[72.91847,19.11135],[72.91848,19.11107],[72.91848,19.11099],[72.91846,19.11081],[72.91819,19.11074],[72.91792,19.11066],[72.91762,19.11058],[72.91751,19.11045],[72.91739,19.11025],[72.91728,19.11007],[72.91716,19.10986],[72.91692,19.10948],[72.91678,19.10924],[72.9167,19.10911],[72.91659,19.10893],[72.91652,19.10896],[72.9164,19.10897],[72.9163,19.10897],[72.9161,19.10864],[72.9159,19.10831],[72.91568,19.10796],[72.9156,19.10783],[72.91557,19.10778],[72.91555,19.10774],[72.91554,19.1077],[72.91552,19.10766],[72.91551,19.10761],[72.9155,19.10756],[72.9155,19.10751],[72.9155,19.10746],[72.9155,19.1074],[72.91551,19.10736],[72.91552,19.10731],[72.91553,19.10727],[72.91554,19.10722],[72.91555,19.10722],[72.91564,19.10696],[72.91566,19.10692],[72.91569,19.10686],[72.91573,19.10679],[72.91577,19.10672],[72.91583,19.10664],[72.91589,19.10655],[72.91595,19.10648],[72.91601,19.10642],[72.91607,19.10635],[72.9161,19.10633],[72.9161,19.10631],[72.91591,19.10503],[72.916,19.10502],[72.91615,19.10499],[72.91656,19.10486],[72.91675,19.10473],[72.91706,19.10449],[72.91717,19.10439],[72.9176,19.10407],[72.91874,19.10327],[72.91995,19.10242],[72.9205,19.10315],[72.92124,19.10421],[72.92154,19.10463],[72.92239,19.10574],[72.92322,19.10694],[72.92378,19.10777],[72.92459,19.10911],[72.92512,19.11001],[72.92532,19.11036],[72.92546,19.11066],[72.9255,19.11075],[72.92612,19.11091],[72.92665,19.11104],[72.92677,19.11107],[72.9268,19.11094],[72.92682,19.11088],[72.92684,19.11084],[72.92686,19.11082],[72.92689,19.11081],[72.92692,19.1108],[72.92696,19.11079],[72.9271,19.11081],[72.92718,19.11078],[72.9273,19.11075],[72.92773,19.11064],[72.92803,19.11057],[72.92822,19.11055],[72.92822,19.11056],[72.92823,19.11063],[72.92842,19.11056],[72.92847,19.11054],[72.92853,19.11052],[72.92854,19.11051],[72.92855,19.11051],[72.92857,19.1105],[72.92866,19.11046],[72.92868,19.11046],[72.92869,19.11045],[72.92875,19.11043],[72.92977,19.11005],[72.92984,19.11002],[72.9305,19.10977],[72.93113,19.10954],[72.93131,19.10947],[72.93296,19.10885],[72.9331,19.10881],[72.93314,19.1088],[72.93317,19.10881],[72.93321,19.10882],[72.93324,19.10883],[72.93327,19.10885],[72.9333,19.10887],[72.93332,19.1089],[72.93402,19.11066],[72.93407,19.11078],[72.93462,19.11087],[72.93584,19.11241],[72.93586,19.11243],[72.9359,19.11249],[72.93593,19.11253],[72.93615,19.11283],[72.93634,19.11308],[72.93646,19.11314],[72.93657,19.11318],[72.93701,19.11334],[72.93718,19.11337],[72.93739,19.11342],[72.9375,19.11344],[72.93791,19.11352],[72.93817,19.11356],[72.93859,19.11364],[72.93869,19.11366],[72.93909,19.11373],[72.93938,19.11379],[72.93956,19.11382],[72.94007,19.11389],[72.94053,19.11395],[72.94103,19.11406],[72.94128,19.11411],[72.9418,19.11432],[72.94189,19.11435],[72.94225,19.1145],[72.94293,19.11476],[72.94338,19.11468],[72.94351,19.11474],[72.94401,19.11481],[72.94407,19.11482],[72.94408,19.11481],[72.94537,19.11459],[72.94561,19.11429],[72.94561,19.11426],[72.94599,19.11394],[72.94609,19.11385],[72.9462,19.11376],[72.94627,19.11372],[72.94636,19.11366],[72.94644,19.1136],[72.94708,19.11308],[72.94722,19.11294],[72.94776,19.11243],[72.94815,19.11207],[72.94815,19.11206],[72.94827,19.11194],[72.94852,19.1117],[72.94881,19.11151],[72.94906,19.11135],[72.94933,19.11122],[72.94937,19.11119],[72.9494,19.11118],[72.94944,19.11117],[72.94955,19.11115],[72.9499,19.11108],[72.9501,19.11104],[72.95042,19.111],[72.95095,19.11093],[72.95182,19.11083],[72.9551,19.10988],[72.9624,19.10777],[72.96244,19.10789],[72.96244,19.1079],[72.96249,19.10805],[72.96249,19.10806],[72.96251,19.10811],[72.96256,19.10825],[72.96264,19.10845],[72.96264,19.10846],[72.96264,19.10847],[72.96273,19.1087],[72.96273,19.10871],[72.96281,19.10894],[72.96292,19.10924],[72.96293,19.10926],[72.963,19.10946],[72.96302,19.10952],[72.96308,19.10968],[72.96308,19.10969],[72.96314,19.10988],[72.96315,19.10988],[72.9632,19.11004],[72.96324,19.11015],[72.96325,19.11019],[72.96326,19.1102],[72.96332,19.11038],[72.96332,19.11039],[72.9634,19.11061],[72.96347,19.11081],[72.96353,19.11098],[72.96353,19.11099],[72.96354,19.11102],[72.96359,19.11116],[72.96364,19.11135],[72.96365,19.11136],[72.9637,19.11154],[72.96371,19.11154],[72.96377,19.11175],[72.96384,19.11197],[72.9639,19.11217],[72.96398,19.11242],[72.96398,19.11243],[72.96406,19.11267],[72.96406,19.11268],[72.96413,19.1129],[72.96416,19.11302],[72.96422,19.11313],[72.96434,19.11337],[72.96446,19.11362],[72.96446,19.11363],[72.96457,19.11384],[72.96463,19.11396],[72.96471,19.11409],[72.96471,19.1141],[72.96485,19.1143],[72.96486,19.11431],[72.96499,19.11452],[72.965,19.11453],[72.96514,19.11475],[72.96515,19.11476],[72.96529,19.11498],[72.96529,19.11499],[72.9654,19.11516],[72.96541,19.11516],[72.96549,19.1153],[72.9656,19.11545],[72.9656,19.11546],[72.9657,19.11562],[72.96581,19.11579],[72.96582,19.11579],[72.9659,19.11592],[72.96598,19.11605],[72.96603,19.11613],[72.96608,19.11622],[72.96608,19.11623],[72.96613,19.11634],[72.96614,19.11635],[72.96619,19.11646],[72.96625,19.11659],[72.96629,19.11668],[72.9663,19.11669],[72.96637,19.11683],[72.96637,19.11684],[72.96642,19.11696],[72.96648,19.11707],[72.96653,19.11719],[72.96658,19.1173],[72.96666,19.11747],[72.96676,19.11768],[72.96677,19.11769],[72.96686,19.11789],[72.96687,19.1179],[72.96694,19.11807],[72.96695,19.11808],[72.96706,19.11833],[72.96706,19.11834],[72.96712,19.11846],[72.96717,19.11857],[72.96725,19.11875],[72.96732,19.11892],[72.96733,19.11894],[72.96759,19.11964],[72.96764,19.1198],[72.96768,19.11993],[72.96798,19.12083],[72.96808,19.12116],[72.9681,19.1212],[72.96815,19.12139],[72.96834,19.12198],[72.96839,19.12212],[72.9684,19.12214],[72.96845,19.12226],[72.96849,19.12239],[72.9686,19.1227],[72.96864,19.1228],[72.96873,19.12306],[72.96873,19.12307],[72.96881,19.12332],[72.96881,19.12333],[72.96888,19.12354],[72.96889,19.12355],[72.96896,19.12375],[72.96896,19.12376],[72.96903,19.12399],[72.96904,19.124],[72.96913,19.12429],[72.96914,19.1243],[72.96921,19.12452],[72.96922,19.12454],[72.9693,19.1248],[72.96931,19.1248],[72.96937,19.125],[72.96937,19.12501],[72.96947,19.1253],[72.96956,19.12556],[72.96956,19.12557],[72.96959,19.12566],[72.96967,19.12583],[72.96968,19.12584],[72.96977,19.12603],[72.96977,19.12604],[72.96993,19.12636],[72.96993,19.12637],[72.97002,19.12656],[72.97002,19.12657],[72.97015,19.12682],[72.97015,19.12683],[72.97022,19.12697],[72.9703,19.12715],[72.97038,19.12738],[72.9705,19.12773],[72.97051,19.12776],[72.97059,19.128],[72.9706,19.12801],[72.97068,19.12826],[72.97068,19.12827],[72.97079,19.12857],[72.97087,19.12882],[72.97088,19.12883],[72.97094,19.12902],[72.97096,19.12907],[72.97096,19.12908],[72.97109,19.1294],[72.97109,19.12941],[72.9712,19.12968],[72.97122,19.12973],[72.97129,19.12991],[72.9713,19.12992],[72.97137,19.13012],[72.97138,19.13012],[72.97146,19.13034],[72.97155,19.13056],[72.97155,19.13057],[72.97163,19.13076],[72.97163,19.13077],[72.97171,19.13097],[72.97172,19.13098],[72.97179,19.13118],[72.9718,19.13119],[72.9719,19.13143],[72.9719,19.13144],[72.97194,19.13155],[72.97199,19.13166],[72.96434,19.13279],[72.96371,19.13289],[72.96336,19.13279],[72.96273,19.13276],[72.96196,19.13276],[72.96104,19.13292],[72.96046,19.13331],[72.96045,19.13331],[72.96023,19.13347],[72.96009,19.13357],[72.95981,19.13376],[72.95886,19.13472],[72.95789,19.13625],[72.95763,19.13669],[72.95693,19.13832],[72.95682,19.13866],[72.95679,19.13881],[72.95674,19.13909],[72.95673,19.13924],[72.95669,19.13977],[72.95672,19.14015]]]},"properties":{"NAME":"S"}},
{"type":"Feature","geometry":{"type":"Polygon","coordinates":[[[72.83366,18.94747],[72.83361,18.94743],[72.83341,18.94727],[72.83335,18.94722],[72.83328,18.94717],[72.8331,18.94703],[72.83306,18.947],[72.83292,18.94689],[72.83256,18.94664],[72.8325,18.9466],[72.83243,18.94655],[72.83239,18.94652],[72.83227,18.94644],[72.83218,18.94638],[72.83211,18.94632],[72.83207,18.9463],[72.83202,18.94627],[72.83196,18.94621],[72.83192,18.94618],[72.83189,18.94617],[72.83184,18.94613],[72.83175,18.94606],[72.83165,18.94597],[72.83149,18.94585],[72.83117,18.9456],[72.83089,18.94539],[72.83087,18.94537],[72.83066,18.94518],[72.8305,18.94504],[72.8302,18.94477],[72.83016,18.94473],[72.82996,18.94453],[72.8297,18.94428],[72.82956,18.94415],[72.82954,18.94413],[72.82951,18.94411],[72.82947,18.94405],[72.82942,18.94397],[72.8294,18.94395],[72.82933,18.94387],[72.82923,18.94375],[72.82922,18.94374],[72.82915,18.94365],[72.82901,18.94349],[72.82898,18.94345],[72.82897,18.94345],[72.82896,18.94343],[72.82895,18.94343],[72.82892,18.94339],[72.8289,18.94336],[72.82887,18.94334],[72.82887,18.94333],[72.82885,18.94332],[72.82884,18.94331],[72.82882,18.94329],[72.82879,18.94328],[72.82878,18.94327],[72.82871,18.94323],[72.82859,18.94318],[72.82857,18.94318],[72.82843,18.94313],[72.82835,18.9431],[72.82831,18.94309],[72.82827,18.94307],[72.82821,18.94304],[72.8282,18.94304],[72.82818,18.94303],[72.82801,18.94301],[72.82779,18.94297],[72.82775,18.94296],[72.82771,18.94295],[72.82764,18.94294],[72.82754,18.94291],[72.82751,18.9429],[72.82747,18.94289],[72.82741,18.94287],[72.82725,18.94284],[72.82709,18.94279],[72.82693,18.94274],[72.82692,18.94274],[72.8269,18.94273],[72.8269,18.94266],[72.82687,18.94265],[72.82668,18.94258],[72.82667,18.94257],[72.82665,18.94257],[72.82661,18.94255],[72.82657,18.94253],[72.82646,18.94249],[72.8264,18.94247],[72.82626,18.94242],[72.82625,18.94241],[72.82621,18.9424],[72.8262,18.94239],[72.82617,18.94238],[72.82605,18.94234],[72.82601,18.94232],[72.82599,18.94231],[72.82598,18.94231],[72.82597,18.9423],[72.82596,18.9423],[72.82594,18.94229],[72.82593,18.94229],[72.82591,18.94228],[72.82582,18.94225],[72.8258,18.94224],[72.82578,18.94221],[72.82577,18.9422],[72.82576,18.94219],[72.82574,18.94214],[72.82573,18.94211],[72.82572,18.94209],[72.8257,18.94207],[72.82568,18.94206],[72.82567,18.94204],[72.82562,18.942],[72.8256,18.942],[72.82529,18.94191],[72.8251,18.94186],[72.82449,18.9417],[72.82397,18.94157],[72.82393,18.94156],[72.82392,18.94156],[72.82385,18.94154],[72.82364,18.94149],[72.82355,18.94146],[72.8236,18.94105],[72.82365,18.94082],[72.82367,18.94073],[72.82372,18.9405],[72.82373,18.94042],[72.82374,18.94036],[72.82377,18.94024],[72.82377,18.94019],[72.82378,18.94015],[72.82379,18.94007],[72.8238,18.94002],[72.8238,18.94],[72.82383,18.93983],[72.82384,18.93973],[72.82388,18.93952],[72.82388,18.93938],[72.82391,18.93924],[72.82392,18.9392],[72.82392,18.93919],[72.82392,18.93917],[72.82393,18.93913],[72.82393,18.93912],[72.82394,18.93899],[72.82395,18.93893],[72.82396,18.9387],[72.82398,18.93843],[72.82398,18.93837],[72.82399,18.93813],[72.82399,18.93788],[72.82399,18.93772],[72.82399,18.93754],[72.82398,18.93721],[72.82397,18.93694],[72.82396,18.93684],[72.82396,18.93682],[72.82396,18.9368],[72.82396,18.93679],[72.82396,18.93668],[72.82394,18.93651],[72.82393,18.93639],[72.82392,18.93627],[72.82392,18.93624],[72.82391,18.93613],[72.8239,18.93607],[72.82389,18.93597],[72.82387,18.93581],[72.82384,18.93563],[72.82383,18.9356],[72.82382,18.93554],[72.82381,18.93549],[72.82381,18.93548],[72.82381,18.93545],[72.8238,18.93541],[72.82379,18.93535],[72.82377,18.93521],[72.82373,18.93504],[72.82371,18.9349],[72.82369,18.9348],[72.82367,18.93473],[72.82364,18.93457],[72.82363,18.93452],[72.82362,18.93451],[72.82362,18.9345],[72.82362,18.93449],[72.82362,18.93447],[72.82359,18.93438],[72.82357,18.93426],[72.82353,18.93408],[72.82352,18.93405],[72.82351,18.934],[72.8234,18.9336],[72.82315,18.93292],[72.82304,18.93262],[72.8229,18.93224],[72.82284,18.9321],[72.82279,18.93197],[72.82276,18.9319],[72.82263,18.93159],[72.82254,18.9314],[72.82244,18.93119],[72.82239,18.93109],[72.82235,18.931],[72.82218,18.93067],[72.82209,18.93051],[72.82204,18.93043],[72.82199,18.93034],[72.82195,18.93025],[72.82165,18.92977],[72.82161,18.92972],[72.8216,18.9297],[72.8215,18.92957],[72.82102,18.92895],[72.82092,18.92884],[72.82068,18.92856],[72.82045,18.92828],[72.82024,18.92805],[72.82007,18.92784],[72.81991,18.92765],[72.8199,18.92764],[72.8199,18.92763],[72.81977,18.92747],[72.81969,18.92737],[72.81963,18.9273],[72.8196,18.92726],[72.81958,18.92725],[72.81958,18.92724],[72.81956,18.92723],[72.81946,18.9271],[72.81904,18.92666],[72.81899,18.9266],[72.81878,18.92635],[72.81868,18.92624],[72.81862,18.92618],[72.81862,18.92617],[72.81833,18.92585],[72.8182,18.9257],[72.8181,18.92558],[72.81804,18.92551],[72.81774,18.92519],[72.81414,18.92147],[72.81103,18.91821],[72.81028,18.91738],[72.80995,18.917],[72.80975,18.91674],[72.80962,18.91659],[72.80939,18.91631],[72.80817,18.91482],[72.80784,18.91442],[72.80752,18.91403],[72.80711,18.91351],[72.80678,18.91306],[72.80648,18.91265],[72.80615,18.91213],[72.80546,18.91113],[72.80485,18.91021],[72.80462,18.90973],[72.8046,18.90969],[72.80454,18.90955],[72.80453,18.90953],[72.80449,18.90944],[72.80443,18.90927],[72.80434,18.90905],[72.80433,18.90903],[72.80425,18.9088],[72.80421,18.90872],[72.80418,18.90863],[72.8041,18.90842],[72.80399,18.90808],[72.80382,18.90738],[72.80379,18.90721],[72.8037,18.90672],[72.8036,18.9062],[72.80356,18.90565],[72.80356,18.90562],[72.80356,18.90553],[72.80355,18.9053],[72.80354,18.90526],[72.80354,18.90515],[72.80354,18.90509],[72.80354,18.90501],[72.80354,18.90484],[72.80354,18.90481],[72.80355,18.90467],[72.80355,18.90453],[72.80355,18.9041],[72.80357,18.90377],[72.80357,18.90375],[72.80358,18.90358],[72.80362,18.90338],[72.80363,18.9033],[72.80363,18.90321],[72.80365,18.90308],[72.80365,18.90303],[72.80368,18.90287],[72.8037,18.90277],[72.80375,18.90244],[72.80377,18.90235],[72.80386,18.90188],[72.80405,18.90099],[72.80419,18.90043],[72.80433,18.89992],[72.8044,18.89965],[72.80453,18.89926],[72.80464,18.899],[72.80477,18.89875],[72.80478,18.89873],[72.8048,18.89871],[72.80486,18.8986],[72.80498,18.89842],[72.80506,18.89828],[72.80516,18.89811],[72.80523,18.89801],[72.80539,18.89778],[72.80549,18.89763],[72.80555,18.89755],[72.80577,18.89726],[72.80591,18.8971],[72.80602,18.89697],[72.80626,18.89666],[72.80648,18.89641],[72.80668,18.89622],[72.80685,18.89603],[72.80686,18.89602],[72.80688,18.896],[72.80697,18.8959],[72.80725,18.89563],[72.80733,18.89556],[72.80738,18.89551],[72.80753,18.89537],[72.8078,18.89514],[72.808,18.89496],[72.80825,18.89476],[72.80848,18.8946],[72.80869,18.89445],[72.80874,18.89441],[72.8089,18.8943],[72.80891,18.89429],[72.80909,18.89416],[72.80913,18.89413],[72.80915,18.89412],[72.80915,18.89411],[72.80916,18.89411],[72.80917,18.89412],[72.80918,18.89413],[72.80919,18.89414],[72.80923,18.89412],[72.80927,18.89411],[72.80929,18.8941],[72.8093,18.8941],[72.80935,18.89409],[72.80938,18.89408],[72.8094,18.89408],[72.80942,18.89407],[72.80944,18.89407],[72.80944,18.89406],[72.80944,18.89405],[72.80945,18.89405],[72.80947,18.89403],[72.80952,18.89399],[72.80963,18.89397],[72.80973,18.89396],[72.80976,18.89396],[72.80979,18.89396],[72.8098,18.89396],[72.80981,18.89397],[72.80984,18.89398],[72.80987,18.89399],[72.80988,18.894],[72.80991,18.89402],[72.80996,18.89408],[72.80997,18.89408],[72.80997,18.89409],[72.81004,18.89417],[72.8101,18.89425],[72.81019,18.89436],[72.81016,18.89447],[72.81015,18.8945],[72.81015,18.89455],[72.81017,18.89465],[72.81019,18.89466],[72.8102,18.89467],[72.81023,18.89469],[72.81028,18.89472],[72.81034,18.89476],[72.81035,18.89477],[72.81041,18.89481],[72.81042,18.89482],[72.81043,18.89482],[72.81043,18.89481],[72.81044,18.89482],[72.81043,18.89483],[72.81044,18.89483],[72.81045,18.89484],[72.81045,18.89483],[72.81046,18.89483],[72.81047,18.89484],[72.81047,18.89485],[72.81046,18.89485],[72.81048,18.89486],[72.81048,18.89487],[72.8105,18.89488],[72.81056,18.8948],[72.81056,18.89479],[72.81059,18.89482],[72.8106,18.89482],[72.81058,18.89484],[72.81053,18.8949],[72.81058,18.89493],[72.81062,18.89496],[72.81067,18.89499],[72.81069,18.89501],[72.81075,18.89505],[72.81078,18.89509],[72.81079,18.8951],[72.81082,18.89512],[72.81082,18.89513],[72.81083,18.89513],[72.81083,18.89512],[72.81084,18.89512],[72.81085,18.89513],[72.81084,18.89513],[72.81084,18.89514],[72.8109,18.89516],[72.81096,18.89519],[72.81097,18.89519],[72.81097,18.89518],[72.81098,18.89518],[72.81099,18.89518],[72.81099,18.89519],[72.81107,18.8952],[72.81125,18.8952],[72.81132,18.89521],[72.81146,18.89519],[72.81159,18.89517],[72.8116,18.89517],[72.81161,18.89517],[72.81165,18.89517],[72.81192,18.89504],[72.81222,18.89496],[72.8123,18.89494],[72.81236,18.89492],[72.81247,18.89492],[72.81256,18.89496],[72.81262,18.89499],[72.81269,18.89501],[72.81279,18.89505],[72.81293,18.89508],[72.81307,18.89515],[72.81312,18.8952],[72.81317,18.89523],[72.81323,18.89525],[72.81326,18.89527],[72.81337,18.89537],[72.8135,18.89553],[72.81361,18.89573],[72.81365,18.89596],[72.8138,18.89625],[72.81388,18.89636],[72.81393,18.89647],[72.81403,18.8966],[72.81411,18.89672],[72.81424,18.89689],[72.81446,18.89718],[72.81472,18.89754],[72.81524,18.8982],[72.81567,18.89864],[72.81601,18.89898],[72.81622,18.89918],[72.81647,18.89942],[72.81664,18.89969],[72.81687,18.90002],[72.817,18.9002],[72.81715,18.90046],[72.81727,18.9006],[72.8173,18.90077],[72.81727,18.90106],[72.81715,18.90131],[72.81715,18.90132],[72.81716,18.90132],[72.81717,18.90135],[72.8172,18.90138],[72.81721,18.9014],[72.81722,18.90141],[72.81722,18.90144],[72.81722,18.90145],[72.81722,18.90147],[72.81721,18.90147],[72.81724,18.90154],[72.81725,18.90162],[72.81731,18.90168],[72.81735,18.90172],[72.81737,18.90178],[72.81735,18.90185],[72.81728,18.90187],[72.81731,18.9019],[72.81732,18.90195],[72.81732,18.90201],[72.81735,18.90206],[72.8174,18.90214],[72.81747,18.90225],[72.81754,18.90225],[72.81764,18.90225],[72.81774,18.90225],[72.8178,18.90225],[72.81792,18.90225],[72.81793,18.90225],[72.81801,18.90225],[72.81803,18.90225],[72.81805,18.90226],[72.81807,18.90228],[72.81815,18.90228],[72.81821,18.90228],[72.81831,18.90228],[72.8186,18.90228],[72.81871,18.90229],[72.81875,18.90229],[72.81876,18.90229],[72.81877,18.90229],[72.81878,18.90229],[72.81879,18.9023],[72.81879,18.90231],[72.81879,18.90232],[72.81878,18.90232],[72.81878,18.90233],[72.81877,18.90233],[72.81874,18.90233],[72.81873,18.90233],[72.8186,18.90233],[72.81858,18.90233],[72.81852,18.90233],[72.81846,18.90233],[72.81836,18.90233],[72.81833,18.90233],[72.81807,18.90233],[72.81805,18.90232],[72.81804,18.90233],[72.81803,18.90234],[72.81791,18.90233],[72.81776,18.90233],[72.8176,18.90233],[72.81743,18.90232],[72.81742,18.9025],[72.81774,18.90252],[72.81773,18.90274],[72.81793,18.90274],[72.81795,18.90274],[72.81795,18.90278],[72.81795,18.90283],[72.81794,18.9029],[72.81794,18.90293],[72.81794,18.903],[72.81786,18.90299],[72.81745,18.903],[72.81752,18.90323],[72.81784,18.90432],[72.81781,18.90435],[72.81774,18.90441],[72.81761,18.90454],[72.81754,18.90466],[72.81749,18.90492],[72.81741,18.90512],[72.81737,18.90525],[72.81739,18.90538],[72.81746,18.90548],[72.8176,18.90568],[72.81758,18.90574],[72.81759,18.90579],[72.81765,18.90583],[72.81769,18.90587],[72.81771,18.90592],[72.81767,18.90605],[72.81746,18.90635],[72.81749,18.90654],[72.81787,18.90706],[72.8182,18.90679],[72.81844,18.90659],[72.81849,18.90654],[72.8186,18.90645],[72.81865,18.9065],[72.8191,18.90694],[72.81922,18.90706],[72.8193,18.90714],[72.81945,18.9073],[72.81965,18.90716],[72.82069,18.90825],[72.82065,18.90828],[72.82057,18.90836],[72.82052,18.9084],[72.82069,18.90858],[72.82073,18.90862],[72.82145,18.90938],[72.82158,18.90952],[72.82222,18.91017],[72.82223,18.91019],[72.8223,18.91025],[72.82231,18.91024],[72.82237,18.91017],[72.82295,18.90955],[72.82359,18.90886],[72.82372,18.90872],[72.82374,18.9087],[72.82493,18.90739],[72.82503,18.90734],[72.82565,18.90829],[72.82586,18.90876],[72.82589,18.90879],[72.8259,18.90881],[72.82594,18.90886],[72.82658,18.90992],[72.82671,18.91017],[72.82683,18.91038],[72.82671,18.91045],[72.82678,18.91072],[72.82682,18.91087],[72.82684,18.91094],[72.82684,18.91096],[72.82693,18.9112],[72.82694,18.91121],[72.82695,18.91122],[72.82696,18.91122],[72.82698,18.91123],[72.82713,18.91134],[72.82727,18.91143],[72.82732,18.91146],[72.82738,18.9115],[72.82751,18.91159],[72.82759,18.91164],[72.82766,18.9117],[72.82777,18.91177],[72.82782,18.91181],[72.82791,18.91187],[72.82793,18.91188],[72.82794,18.91189],[72.82801,18.91194],[72.8281,18.912],[72.82823,18.91208],[72.82826,18.9121],[72.8284,18.9122],[72.82854,18.9123],[72.82858,18.91233],[72.82868,18.91239],[72.8288,18.91247],[72.82882,18.91249],[72.8289,18.91254],[72.82892,18.91255],[72.82892,18.91256],[72.82896,18.91258],[72.82898,18.9126],[72.82904,18.91264],[72.82906,18.91264],[72.82919,18.91274],[72.82925,18.91278],[72.82928,18.9128],[72.8293,18.91282],[72.82931,18.91283],[72.8294,18.91289],[72.82942,18.9129],[72.82943,18.91292],[72.82944,18.91292],[72.82944,18.91293],[72.82945,18.91293],[72.82946,18.91294],[72.82947,18.91295],[72.82947,18.91296],[72.82949,18.91298],[72.82952,18.91302],[72.82965,18.91317],[72.82988,18.91343],[72.83012,18.91371],[72.83015,18.91375],[72.83018,18.91378],[72.83025,18.91386],[72.83027,18.91388],[72.83038,18.91401],[72.83049,18.91415],[72.83056,18.91423],[72.83061,18.91429],[72.8307,18.9144],[72.83075,18.91445],[72.83089,18.91462],[72.83104,18.91479],[72.8312,18.91497],[72.83124,18.91501],[72.83126,18.91503],[72.83126,18.91504],[72.83126,18.91505],[72.83126,18.91506],[72.83125,18.91507],[72.83124,18.91509],[72.83085,18.91539],[72.83082,18.91541],[72.83079,18.91544],[72.83077,18.91545],[72.83075,18.91546],[72.83074,18.91546],[72.83072,18.91546],[72.83069,18.91545],[72.83066,18.91544],[72.83062,18.91543],[72.83058,18.91541],[72.83057,18.9154],[72.83051,18.91538],[72.82984,18.91602],[72.82992,18.91609],[72.83022,18.91635],[72.83034,18.91644],[72.83048,18.91656],[72.83058,18.91664],[72.83068,18.91673],[72.8307,18.91674],[72.83074,18.91677],[72.83096,18.91696],[72.83113,18.9171],[72.83137,18.91731],[72.83146,18.91738],[72.83148,18.9174],[72.83149,18.91741],[72.8315,18.91741],[72.83151,18.91741],[72.83152,18.91741],[72.83153,18.91741],[72.83155,18.91741],[72.83157,18.9174],[72.83161,18.91739],[72.83171,18.91737],[72.83179,18.91735],[72.83181,18.91735],[72.83183,18.91735],[72.83184,18.91736],[72.83185,18.91736],[72.83186,18.91736],[72.83186,18.91737],[72.83187,18.91738],[72.83187,18.91739],[72.83188,18.91744],[72.83192,18.91758],[72.83196,18.91778],[72.83202,18.91802],[72.83202,18.91803],[72.83202,18.91804],[72.83203,18.91805],[72.83203,18.91806],[72.83203,18.91807],[72.83204,18.91808],[72.83204,18.91809],[72.83204,18.9181],[72.83204,18.91811],[72.83205,18.91811],[72.83205,18.91812],[72.83206,18.91812],[72.83207,18.91813],[72.83208,18.91813],[72.83209,18.91813],[72.8321,18.91813],[72.83211,18.91813],[72.8322,18.91812],[72.83222,18.91812],[72.83223,18.91812],[72.83244,18.91809],[72.8325,18.91809],[72.83251,18.91809],[72.83255,18.91808],[72.83256,18.91808],[72.83263,18.91807],[72.83265,18.91807],[72.83266,18.91807],[72.83272,18.91807],[72.83273,18.91806],[72.83275,18.91806],[72.83276,18.91806],[72.83277,18.91806],[72.83278,18.91807],[72.8328,18.91807],[72.8328,18.91808],[72.83281,18.91808],[72.83281,18.91809],[72.83282,18.91809],[72.83282,18.9181],[72.83283,18.9181],[72.83283,18.91811],[72.83284,18.91812],[72.83284,18.91813],[72.83284,18.91814],[72.83284,18.91815],[72.83284,18.91816],[72.83284,18.91817],[72.83284,18.91819],[72.83283,18.9182],[72.83282,18.91821],[72.83282,18.91822],[72.83281,18.91822],[72.8328,18.91823],[72.83279,18.91824],[72.83274,18.91825],[72.83269,18.91825],[72.83266,18.91826],[72.83264,18.91826],[72.83259,18.91827],[72.83255,18.91828],[72.83254,18.91828],[72.83253,18.91828],[72.83253,18.91829],[72.83252,18.91829],[72.83245,18.9183],[72.83234,18.91832],[72.83209,18.91837],[72.83208,18.91837],[72.83214,18.91849],[72.83214,18.9185],[72.8322,18.91863],[72.83234,18.91895],[72.83261,18.91955],[72.83275,18.91985],[72.83274,18.91987],[72.83282,18.92005],[72.83285,18.92012],[72.8333,18.92101],[72.8334,18.92124],[72.83345,18.92137],[72.83359,18.92167],[72.83365,18.9218],[72.83366,18.92182],[72.83368,18.92184],[72.83369,18.92185],[72.83371,18.92186],[72.83373,18.92187],[72.83377,18.92187],[72.8339,18.92189],[72.83412,18.92193],[72.83419,18.92194],[72.8342,18.92194],[72.83421,18.92193],[72.83422,18.92193],[72.83445,18.92165],[72.83446,18.92165],[72.83446,18.92164],[72.83447,18.92164],[72.83448,18.92164],[72.83449,18.92164],[72.8345,18.92164],[72.83451,18.92164],[72.83488,18.92193],[72.83489,18.92194],[72.8349,18.92194],[72.8349,18.92195],[72.83491,18.92195],[72.83491,18.92196],[72.83491,18.92197],[72.83491,18.92198],[72.8349,18.92199],[72.83466,18.92227],[72.83469,18.92233],[72.83474,18.92243],[72.83495,18.92288],[72.83495,18.92289],[72.83496,18.9229],[72.83495,18.92292],[72.83495,18.92293],[72.83494,18.92293],[72.83494,18.92294],[72.83493,18.92294],[72.83492,18.92294],[72.83465,18.92294],[72.83464,18.92294],[72.83443,18.92294],[72.83439,18.92298],[72.83426,18.92315],[72.83439,18.92324],[72.8345,18.92333],[72.83487,18.9236],[72.83751,18.92085],[72.8381,18.92042],[72.83852,18.92029],[72.83891,18.92025],[72.83952,18.92025],[72.84005,18.92045],[72.84032,18.92068],[72.84052,18.92095],[72.84245,18.92299],[72.84464,18.92528],[72.84476,18.92557],[72.84477,18.92596],[72.84469,18.92613],[72.84444,18.92608],[72.84451,18.92563],[72.84444,18.92542],[72.84432,18.92526],[72.84163,18.92246],[72.84043,18.92125],[72.84019,18.92138],[72.84029,18.92155],[72.84005,18.92173],[72.83882,18.92429],[72.83789,18.92647],[72.83796,18.9265],[72.83854,18.92676],[72.83921,18.92707],[72.83933,18.92713],[72.83965,18.92728],[72.84004,18.92746],[72.84038,18.92763],[72.84039,18.92764],[72.8404,18.92765],[72.8404,18.92766],[72.8404,18.92767],[72.8404,18.92768],[72.84039,18.92769],[72.84038,18.92769],[72.84037,18.9277],[72.84036,18.9277],[72.84034,18.9277],[72.84032,18.92768],[72.84031,18.92768],[72.84024,18.92765],[72.84016,18.92761],[72.84001,18.92754],[72.8395,18.92729],[72.83931,18.9272],[72.83927,18.92718],[72.83911,18.92711],[72.83884,18.92698],[72.83861,18.92688],[72.8384,18.92678],[72.83826,18.92706],[72.83794,18.92772],[72.83734,18.92746],[72.83717,18.92742],[72.83711,18.92741],[72.83686,18.9273],[72.83671,18.92782],[72.83672,18.92783],[72.8367,18.92785],[72.8367,18.92786],[72.83669,18.92787],[72.83668,18.92788],[72.83667,18.92788],[72.83667,18.92789],[72.83666,18.92789],[72.83665,18.92789],[72.83662,18.92787],[72.83654,18.92782],[72.83654,18.92781],[72.83653,18.92779],[72.83652,18.92779],[72.83651,18.92779],[72.8365,18.92778],[72.83649,18.92778],[72.83648,18.92778],[72.83647,18.92778],[72.83646,18.92778],[72.8364,18.92788],[72.83638,18.9279],[72.83639,18.9279],[72.83639,18.92791],[72.83639,18.92792],[72.83641,18.92793],[72.83642,18.92794],[72.83644,18.92796],[72.83645,18.92794],[72.83646,18.92794],[72.83647,18.92795],[72.83648,18.92796],[72.83648,18.92797],[72.83648,18.92798],[72.83648,18.92799],[72.83648,18.928],[72.83647,18.928],[72.83647,18.92801],[72.83646,18.92801],[72.83646,18.92802],[72.83645,18.92802],[72.83644,18.92802],[72.83643,18.92802],[72.83641,18.928],[72.8364,18.928],[72.83638,18.92799],[72.83637,18.92798],[72.83636,18.92798],[72.83635,18.92799],[72.83632,18.92798],[72.83631,18.92797],[72.83632,18.92797],[72.83632,18.92796],[72.83631,18.92796],[72.83624,18.92813],[72.83625,18.92813],[72.83625,18.92814],[72.83629,18.92816],[72.83633,18.92818],[72.83642,18.92824],[72.83649,18.92828],[72.83654,18.92831],[72.83659,18.92834],[72.83664,18.92837],[72.83669,18.9284],[72.83672,18.92842],[72.83673,18.92842],[72.83675,18.92844],[72.83676,18.92844],[72.83677,18.92845],[72.83709,18.92867],[72.83716,18.92869],[72.83718,18.9287],[72.83719,18.9287],[72.8372,18.92871],[72.83721,18.92872],[72.83721,18.92874],[72.83721,18.92875],[72.83721,18.92876],[72.83721,18.92878],[72.8372,18.92878],[72.8372,18.92881],[72.83719,18.92883],[72.83718,18.92883],[72.83718,18.92884],[72.83715,18.92892],[72.83694,18.92939],[72.83753,18.92898],[72.83855,18.9297],[72.83984,18.93061],[72.84027,18.93093],[72.84031,18.93106],[72.8401,18.93205],[72.84,18.93254],[72.84001,18.93276],[72.84009,18.93287],[72.84026,18.93304],[72.84039,18.93311],[72.84057,18.93321],[72.84081,18.93329],[72.84098,18.93333],[72.84126,18.93337],[72.84144,18.93334],[72.84153,18.93332],[72.84174,18.93327],[72.8418,18.93326],[72.84193,18.93323],[72.84204,18.9332],[72.84212,18.93319],[72.84213,18.93318],[72.84214,18.93318],[72.84215,18.93318],[72.84216,18.93317],[72.84217,18.93317],[72.84218,18.93317],[72.84219,18.93317],[72.84221,18.93316],[72.84223,18.93316],[72.84224,18.93315],[72.84224,18.93314],[72.84225,18.93314],[72.84225,18.93313],[72.84227,18.93311],[72.84227,18.9331],[72.84227,18.93308],[72.84229,18.933],[72.84229,18.93299],[72.84231,18.93288],[72.84233,18.93277],[72.84233,18.93275],[72.84235,18.93263],[72.84239,18.93243],[72.84239,18.93242],[72.84241,18.93229],[72.84245,18.93207],[72.84247,18.93199],[72.84249,18.93188],[72.84258,18.9314],[72.84259,18.93133],[72.84299,18.92894],[72.84401,18.92914],[72.84404,18.92896],[72.84424,18.92901],[72.84374,18.93145],[72.84371,18.93165],[72.84365,18.93198],[72.84364,18.93205],[72.84363,18.93208],[72.84361,18.9322],[72.8436,18.93226],[72.84358,18.93236],[72.84356,18.93249],[72.84354,18.93257],[72.84352,18.9327],[72.8435,18.93278],[72.8435,18.93282],[72.84349,18.93288],[72.84346,18.93299],[72.84346,18.93301],[72.84346,18.93302],[72.84343,18.93317],[72.84343,18.93321],[72.84336,18.93337],[72.84335,18.93342],[72.84335,18.93344],[72.84335,18.93345],[72.84333,18.93357],[72.84333,18.93358],[72.8433,18.93369],[72.8433,18.93372],[72.84328,18.93384],[72.84327,18.93387],[72.84326,18.93396],[72.84324,18.93406],[72.84323,18.93412],[72.8432,18.93428],[72.84318,18.9344],[72.84317,18.93445],[72.84317,18.93447],[72.84315,18.93453],[72.84314,18.93461],[72.84312,18.93471],[72.84311,18.93474],[72.84311,18.93478],[72.8431,18.93483],[72.8431,18.93485],[72.84309,18.93487],[72.84308,18.93492],[72.84307,18.93499],[72.84305,18.9351],[72.84304,18.93514],[72.84303,18.93518],[72.84303,18.93521],[72.84302,18.93528],[72.84301,18.93531],[72.843,18.93537],[72.843,18.93539],[72.84299,18.93542],[72.84298,18.93545],[72.84297,18.93554],[72.84296,18.93554],[72.84296,18.93555],[72.84297,18.93555],[72.84296,18.93556],[72.84296,18.93558],[72.84295,18.93557],[72.84325,18.93561],[72.84325,18.9356],[72.84326,18.9356],[72.84326,18.93559],[72.84326,18.93558],[72.84327,18.93554],[72.84327,18.93553],[72.84327,18.93552],[72.8433,18.93547],[72.84331,18.93546],[72.84332,18.93545],[72.84336,18.93541],[72.84338,18.9354],[72.84339,18.9354],[72.84343,18.93539],[72.84345,18.93539],[72.84348,18.93539],[72.84351,18.93539],[72.84352,18.93539],[72.84353,18.9354],[72.84356,18.93541],[72.84359,18.93543],[72.84361,18.93544],[72.84362,18.93545],[72.84363,18.93546],[72.84364,18.93548],[72.84365,18.9355],[72.84365,18.93551],[72.84366,18.93552],[72.84366,18.93554],[72.84367,18.93555],[72.84368,18.93561],[72.84369,18.93566],[72.8437,18.93566],[72.8437,18.93568],[72.8437,18.9357],[72.84373,18.9358],[72.84374,18.93583],[72.84375,18.93588],[72.84377,18.93594],[72.84378,18.93597],[72.84382,18.93615],[72.84383,18.9362],[72.84385,18.93626],[72.84385,18.93627],[72.84385,18.93628],[72.84388,18.93637],[72.8439,18.93648],[72.84391,18.93649],[72.84393,18.93659],[72.84395,18.93668],[72.84397,18.93673],[72.84397,18.93674],[72.84398,18.93677],[72.84399,18.9368],[72.84407,18.93715],[72.84413,18.93741],[72.84424,18.93785],[72.84424,18.93786],[72.84426,18.93796],[72.84433,18.93824],[72.84437,18.9384],[72.84443,18.93865],[72.84445,18.9387],[72.84446,18.93877],[72.84451,18.93896],[72.84452,18.93898],[72.84458,18.93922],[72.8446,18.93929],[72.84462,18.93938],[72.84462,18.93939],[72.84462,18.9394],[72.84466,18.93952],[72.84467,18.93959],[72.84471,18.93973],[72.84475,18.93991],[72.8448,18.94011],[72.84485,18.9403],[72.84488,18.9404],[72.84491,18.94052],[72.84498,18.94079],[72.84504,18.94104],[72.84509,18.94124],[72.84511,18.94133],[72.84514,18.94143],[72.84517,18.94166],[72.84518,18.9417],[72.8452,18.94178],[72.84522,18.94187],[72.84524,18.94192],[72.84535,18.94235],[72.84543,18.94264],[72.84546,18.94279],[72.84553,18.94303],[72.84562,18.94342],[72.8457,18.94371],[72.84574,18.94386],[72.84575,18.94393],[72.84575,18.94395],[72.84584,18.94411],[72.846,18.94467],[72.84673,18.9476],[72.84681,18.94803],[72.84566,18.94822],[72.84562,18.94823],[72.84559,18.94823],[72.84558,18.94823],[72.84484,18.9484],[72.84231,18.94894],[72.84207,18.94894],[72.84203,18.94894],[72.84182,18.94894],[72.84174,18.94894],[72.84169,18.94894],[72.84163,18.94894],[72.84158,18.94894],[72.8415,18.94899],[72.84138,18.949],[72.84135,18.94899],[72.84125,18.94898],[72.84097,18.94894],[72.84083,18.94891],[72.8407,18.94889],[72.84067,18.94889],[72.84065,18.94889],[72.84059,18.94887],[72.84055,18.94886],[72.84043,18.94883],[72.84042,18.94883],[72.8403,18.9488],[72.84025,18.94881],[72.84022,18.94881],[72.84021,18.94882],[72.84014,18.94883],[72.83923,18.9489],[72.83887,18.94894],[72.83871,18.94896],[72.83842,18.94899],[72.83803,18.94904],[72.83795,18.94904],[72.83778,18.94906],[72.83776,18.94907],[72.83771,18.94905],[72.83765,18.94904],[72.83754,18.94901],[72.83725,18.94894],[72.83724,18.94894],[72.83716,18.94892],[72.83709,18.9489],[72.83705,18.94889],[72.83696,18.94886],[72.83678,18.94883],[72.83671,18.94882],[72.83659,18.94879],[72.83643,18.94876],[72.83601,18.94868],[72.83562,18.94859],[72.83532,18.94853],[72.83521,18.94851],[72.8351,18.94849],[72.83503,18.94847],[72.83501,18.94847],[72.83496,18.94846],[72.83488,18.94842],[72.83479,18.94837],[72.83472,18.94831],[72.8345,18.94813],[72.8342,18.94789],[72.83406,18.94778],[72.83366,18.94747]]]},"properties":{"NAME":"A"}},
{"type":"Feature","geometry":{"type":"Polygon","coordinates":[[[72.82625,18.96169],[72.82625,18.96168],[72.82624,18.96156],[72.82624,18.96141],[72.82624,18.96131],[72.82624,18.96124],[72.82623,18.96109],[72.82623,18.96099],[72.82623,18.96091],[72.82623,18.96088],[72.82623,18.96083],[72.82622,18.96074],[72.82622,18.9607],[72.82622,18.96061],[72.82622,18.9605],[72.82621,18.96032],[72.82621,18.96024],[72.82621,18.96009],[72.8262,18.96004],[72.82619,18.95969],[72.82619,18.95949],[72.82618,18.95904],[72.82617,18.95861],[72.82617,18.9586],[72.82617,18.95851],[72.82617,18.95843],[72.82616,18.95829],[72.82616,18.95828],[72.82616,18.95823],[72.82616,18.95817],[72.82614,18.95813],[72.8261,18.95804],[72.82608,18.958],[72.82604,18.95789],[72.82601,18.9578],[72.82596,18.95769],[72.82592,18.95762],[72.82588,18.95753],[72.82581,18.95737],[72.82574,18.95723],[72.8257,18.95712],[72.82566,18.95706],[72.82559,18.95694],[72.82556,18.95686],[72.82555,18.95685],[72.82554,18.95682],[72.82553,18.95678],[72.82553,18.95676],[72.82552,18.95675],[72.8255,18.9567],[72.82541,18.95651],[72.82533,18.95631],[72.82525,18.95614],[72.82517,18.95597],[72.82517,18.95596],[72.82512,18.95585],[72.8251,18.9558],[72.82506,18.95572],[72.82506,18.95571],[72.82503,18.95566],[72.82504,18.95565],[72.82512,18.95557],[72.82521,18.95547],[72.8253,18.95537],[72.82534,18.95533],[72.82544,18.95523],[72.82551,18.95515],[72.82561,18.95504],[72.82562,18.95503],[72.82552,18.95494],[72.82535,18.9548],[72.82531,18.95476],[72.82516,18.9546],[72.82512,18.95454],[72.8251,18.9545],[72.8251,18.95446],[72.8251,18.95442],[72.82511,18.95438],[72.82513,18.95433],[72.82513,18.95432],[72.8252,18.95413],[72.82523,18.95405],[72.82526,18.95391],[72.82526,18.95389],[72.82528,18.95384],[72.82529,18.95375],[72.82532,18.95358],[72.82533,18.95349],[72.82534,18.95343],[72.82535,18.95341],[72.82537,18.95337],[72.82537,18.95336],[72.82542,18.95314],[72.8254,18.95314],[72.82539,18.95313],[72.82533,18.95311],[72.82531,18.95311],[72.82513,18.95301],[72.82512,18.95301],[72.82497,18.95293],[72.8249,18.95289],[72.82485,18.95286],[72.82482,18.95284],[72.82479,18.95283],[72.82472,18.95279],[72.82462,18.95274],[72.82447,18.95267],[72.82438,18.95264],[72.82429,18.95259],[72.82418,18.95254],[72.82404,18.95248],[72.82393,18.95243],[72.82381,18.95238],[72.82364,18.95231],[72.82353,18.95226],[72.82345,18.95222],[72.82331,18.95213],[72.8232,18.95206],[72.82309,18.95199],[72.82297,18.9519],[72.82296,18.95189],[72.82294,18.95188],[72.82293,18.95188],[72.82284,18.95181],[72.82282,18.95179],[72.82281,18.95179],[72.8228,18.95178],[72.82278,18.95178],[72.82277,18.95178],[72.82275,18.95178],[72.82274,18.95178],[72.82272,18.95178],[72.82268,18.95177],[72.82266,18.95176],[72.82258,18.95172],[72.8224,18.95162],[72.82225,18.95154],[72.82223,18.95153],[72.82206,18.95144],[72.82192,18.95136],[72.82186,18.95133],[72.82172,18.95126],[72.82152,18.95115],[72.82145,18.95111],[72.82142,18.95109],[72.82138,18.95106],[72.82134,18.95103],[72.82132,18.95102],[72.82131,18.95101],[72.82119,18.95095],[72.82115,18.95093],[72.82109,18.95092],[72.82105,18.9509],[72.82087,18.95085],[72.82065,18.95077],[72.82037,18.95068],[72.82036,18.95068],[72.82026,18.95065],[72.82019,18.95058],[72.82014,18.95053],[72.82013,18.95052],[72.82012,18.95051],[72.82,18.9504],[72.81996,18.95037],[72.8199,18.95032],[72.81981,18.95024],[72.81979,18.95022],[72.81963,18.95008],[72.8196,18.95004],[72.81952,18.94998],[72.81949,18.94994],[72.81941,18.94987],[72.81927,18.94974],[72.81924,18.94971],[72.81919,18.94967],[72.81914,18.94963],[72.81895,18.94947],[72.81892,18.94946],[72.81935,18.94893],[72.81935,18.94892],[72.81949,18.94876],[72.81966,18.94855],[72.81975,18.94844],[72.81986,18.9483],[72.82012,18.94797],[72.82045,18.94755],[72.82068,18.94725],[72.82091,18.94693],[72.82112,18.94663],[72.82121,18.94649],[72.82133,18.94632],[72.82148,18.9461],[72.82161,18.94589],[72.82172,18.94573],[72.82181,18.94556],[72.82205,18.94514],[72.82224,18.94478],[72.82236,18.94454],[72.82248,18.94431],[72.82259,18.94407],[72.82258,18.94407],[72.82262,18.94398],[72.82266,18.94389],[72.82268,18.94386],[72.82271,18.94378],[72.82282,18.94358],[72.82286,18.9435],[72.82288,18.94344],[72.82294,18.9433],[72.82297,18.94322],[72.82299,18.94316],[72.82302,18.9431],[72.82305,18.94301],[72.82312,18.94282],[72.82319,18.94264],[72.82324,18.94247],[72.8233,18.9423],[72.82336,18.94213],[72.82341,18.94196],[72.82345,18.94181],[72.82349,18.94166],[72.82355,18.94146],[72.82364,18.94149],[72.82385,18.94154],[72.82392,18.94156],[72.82393,18.94156],[72.82397,18.94157],[72.82449,18.9417],[72.8251,18.94186],[72.82529,18.94191],[72.8256,18.942],[72.82562,18.942],[72.82567,18.94204],[72.82568,18.94206],[72.8257,18.94207],[72.82572,18.94209],[72.82573,18.94211],[72.82574,18.94214],[72.82576,18.94219],[72.82577,18.9422],[72.82578,18.94221],[72.8258,18.94224],[72.82582,18.94225],[72.82591,18.94228],[72.82593,18.94229],[72.82594,18.94229],[72.82596,18.9423],[72.82597,18.9423],[72.82598,18.94231],[72.82599,18.94231],[72.82601,18.94232],[72.82605,18.94234],[72.82617,18.94238],[72.8262,18.94239],[72.82621,18.9424],[72.82625,18.94241],[72.82626,18.94242],[72.8264,18.94247],[72.82646,18.94249],[72.82657,18.94253],[72.82661,18.94255],[72.82665,18.94257],[72.82667,18.94257],[72.82668,18.94258],[72.82687,18.94265],[72.8269,18.94266],[72.8269,18.94273],[72.82692,18.94274],[72.82693,18.94274],[72.82709,18.94279],[72.82725,18.94284],[72.82741,18.94287],[72.82747,18.94289],[72.82751,18.9429],[72.82754,18.94291],[72.82764,18.94294],[72.82771,18.94295],[72.82775,18.94296],[72.82779,18.94297],[72.82801,18.94301],[72.82818,18.94303],[72.8282,18.94304],[72.82821,18.94304],[72.82827,18.94307],[72.82831,18.94309],[72.82835,18.9431],[72.82843,18.94313],[72.82857,18.94318],[72.82859,18.94318],[72.82871,18.94323],[72.82878,18.94327],[72.82879,18.94328],[72.82882,18.94329],[72.82884,18.94331],[72.82885,18.94332],[72.82887,18.94333],[72.82887,18.94334],[72.8289,18.94336],[72.82892,18.94339],[72.82895,18.94343],[72.82896,18.94343],[72.82897,18.94345],[72.82898,18.94345],[72.82901,18.94349],[72.82915,18.94365],[72.82922,18.94374],[72.82923,18.94375],[72.82933,18.94387],[72.8294,18.94395],[72.82942,18.94397],[72.82947,18.94405],[72.82951,18.94411],[72.82954,18.94413],[72.82956,18.94415],[72.8297,18.94428],[72.82996,18.94453],[72.83016,18.94473],[72.8302,18.94477],[72.8305,18.94504],[72.83066,18.94518],[72.83087,18.94537],[72.83089,18.94539],[72.83117,18.9456],[72.83149,18.94585],[72.83165,18.94597],[72.83175,18.94606],[72.83184,18.94613],[72.83189,18.94617],[72.83192,18.94618],[72.83196,18.94621],[72.83202,18.94627],[72.83207,18.9463],[72.83211,18.94632],[72.83218,18.94638],[72.83227,18.94644],[72.83239,18.94652],[72.83243,18.94655],[72.8325,18.9466],[72.83256,18.94664],[72.83292,18.94689],[72.83306,18.947],[72.8331,18.94703],[72.83328,18.94717],[72.83335,18.94722],[72.83341,18.94727],[72.83361,18.94743],[72.83366,18.94747],[72.83366,18.94753],[72.83366,18.94757],[72.83365,18.94762],[72.83365,18.94767],[72.83361,18.94783],[72.83357,18.948],[72.83355,18.94814],[72.83351,18.94826],[72.8335,18.94829],[72.83344,18.94849],[72.83339,18.94868],[72.83335,18.9488],[72.8333,18.94895],[72.83325,18.94913],[72.83318,18.94936],[72.83294,18.95012],[72.8329,18.95025],[72.83284,18.95045],[72.83278,18.95068],[72.83276,18.95073],[72.83276,18.95074],[72.83255,18.95145],[72.83253,18.95152],[72.83236,18.95208],[72.83231,18.95226],[72.83226,18.95244],[72.83226,18.95245],[72.83223,18.95254],[72.83185,18.95367],[72.83183,18.95374],[72.8318,18.95381],[72.8318,18.95382],[72.83178,18.95388],[72.83178,18.9539],[72.83177,18.95393],[72.83176,18.95397],[72.83177,18.954],[72.83177,18.95403],[72.83178,18.95405],[72.83178,18.95407],[72.83179,18.95409],[72.8318,18.95411],[72.8318,18.95412],[72.83181,18.95414],[72.83194,18.95432],[72.83205,18.95453],[72.83206,18.95456],[72.83212,18.95466],[72.83214,18.95477],[72.83215,18.95485],[72.83215,18.9549],[72.83219,18.95505],[72.83211,18.95586],[72.83211,18.95587],[72.83208,18.95629],[72.83208,18.95633],[72.83208,18.95639],[72.83204,18.95653],[72.83204,18.95655],[72.83204,18.95657],[72.83203,18.95674],[72.83202,18.95684],[72.83202,18.95685],[72.83202,18.95692],[72.83202,18.957],[72.83203,18.95703],[72.83203,18.95704],[72.83204,18.95709],[72.83206,18.95718],[72.83206,18.95727],[72.83207,18.95734],[72.83206,18.95737],[72.83205,18.95748],[72.83205,18.95763],[72.83203,18.95778],[72.83203,18.95787],[72.83203,18.9579],[72.83202,18.95797],[72.83201,18.95803],[72.832,18.95808],[72.83199,18.95817],[72.83197,18.95823],[72.83196,18.95828],[72.83192,18.9584],[72.8318,18.95875],[72.83175,18.95944],[72.83175,18.9596],[72.83176,18.95999],[72.83176,18.96013],[72.83177,18.9602],[72.83177,18.96026],[72.83178,18.96029],[72.83179,18.9604],[72.83181,18.96049],[72.83184,18.96058],[72.83189,18.9607],[72.83192,18.96083],[72.83193,18.96088],[72.83195,18.96095],[72.83196,18.96107],[72.83197,18.96127],[72.83197,18.96138],[72.83197,18.96155],[72.83197,18.96164],[72.83198,18.96174],[72.83198,18.9618],[72.83199,18.96187],[72.83195,18.96187],[72.83183,18.96187],[72.83171,18.96186],[72.83153,18.96185],[72.83152,18.96185],[72.83133,18.96185],[72.83129,18.96184],[72.8311,18.96184],[72.83095,18.96183],[72.83065,18.96182],[72.83063,18.96181],[72.83049,18.96181],[72.83035,18.9618],[72.83029,18.9618],[72.83021,18.96179],[72.8302,18.96179],[72.83012,18.96179],[72.83004,18.96178],[72.82999,18.96178],[72.82992,18.96178],[72.82983,18.96177],[72.82982,18.96177],[72.82965,18.96176],[72.82963,18.96176],[72.82953,18.96176],[72.82939,18.96175],[72.82931,18.96174],[72.82911,18.96174],[72.82899,18.96173],[72.82882,18.96172],[72.82847,18.96171],[72.82801,18.9617],[72.82792,18.9617],[72.82725,18.96167],[72.82721,18.96167],[72.82713,18.96167],[72.82709,18.96167],[72.82704,18.96167],[72.82658,18.96168],[72.82626,18.96169],[72.82625,18.96169]]]},"properties":{"NAME":"C"}},
{"type":"Feature","geometry":{"type":"Polygon","coordinates":[[[72.80583,18.97929],[72.80442,18.97713],[72.80397,18.97644],[72.80362,18.97591],[72.80331,18.97546],[72.80331,18.97545],[72.80302,18.97499],[72.80276,18.97461],[72.80258,18.97432],[72.80249,18.97413],[72.80241,18.97398],[72.8024,18.97397],[72.80215,18.97345],[72.80215,18.97344],[72.80199,18.97309],[72.80178,18.97254],[72.80178,18.97253],[72.80135,18.9713],[72.80133,18.97124],[72.80127,18.97098],[72.80122,18.97074],[72.8012,18.97061],[72.80104,18.96977],[72.80092,18.969],[72.80079,18.96827],[72.80067,18.96762],[72.80065,18.96754],[72.80051,18.96676],[72.80035,18.9659],[72.8003,18.96561],[72.80023,18.96529],[72.80014,18.9649],[72.80006,18.96458],[72.79998,18.96428],[72.79997,18.96424],[72.79991,18.96401],[72.79983,18.96371],[72.79976,18.96349],[72.79967,18.96323],[72.79964,18.96314],[72.79957,18.96294],[72.79947,18.96267],[72.79941,18.96251],[72.79933,18.96236],[72.79926,18.96223],[72.79919,18.96211],[72.79913,18.96201],[72.79904,18.96186],[72.79895,18.96174],[72.79867,18.96136],[72.79769,18.9599],[72.79729,18.95928],[72.79661,18.95809],[72.79646,18.95781],[72.79549,18.95617],[72.79442,18.95448],[72.79441,18.95447],[72.79375,18.9533],[72.79331,18.95242],[72.79328,18.95239],[72.79298,18.95174],[72.79227,18.95022],[72.7919,18.94934],[72.7919,18.94932],[72.79189,18.94894],[72.79189,18.94891],[72.7917,18.94891],[72.79156,18.94888],[72.79156,18.94885],[72.79167,18.94822],[72.79175,18.94824],[72.79185,18.94739],[72.7919,18.94689],[72.79197,18.94638],[72.79205,18.9457],[72.79225,18.94545],[72.7927,18.94516],[72.79281,18.94503],[72.793,18.94477],[72.79315,18.94454],[72.79337,18.94425],[72.7934,18.94409],[72.7934,18.94408],[72.7934,18.94406],[72.79348,18.94405],[72.79344,18.94392],[72.79343,18.94392],[72.79343,18.9439],[72.79342,18.94387],[72.79343,18.94387],[72.79361,18.94383],[72.79361,18.94382],[72.79361,18.94381],[72.79364,18.9438],[72.79362,18.94376],[72.79357,18.94362],[72.79355,18.94365],[72.79352,18.94357],[72.79349,18.94347],[72.79337,18.94309],[72.79325,18.94274],[72.79338,18.94195],[72.79331,18.94177],[72.7933,18.9417],[72.79314,18.94136],[72.79308,18.94125],[72.79306,18.94118],[72.793,18.94106],[72.79292,18.94091],[72.79287,18.94083],[72.79284,18.94082],[72.79281,18.94079],[72.7928,18.94077],[72.7928,18.94075],[72.7928,18.94073],[72.7928,18.94069],[72.79279,18.94066],[72.79278,18.94063],[72.79273,18.94058],[72.79272,18.94057],[72.79273,18.94052],[72.7927,18.94045],[72.79258,18.94031],[72.79254,18.94023],[72.79246,18.94008],[72.79244,18.94007],[72.79244,18.94005],[72.79246,18.94003],[72.79261,18.93986],[72.79262,18.93984],[72.79262,18.93982],[72.79262,18.93981],[72.79261,18.9398],[72.79256,18.93977],[72.79256,18.93976],[72.79256,18.93975],[72.7926,18.93965],[72.79267,18.93958],[72.79278,18.93951],[72.79283,18.93949],[72.79288,18.93953],[72.79296,18.93947],[72.79296,18.93946],[72.79295,18.93946],[72.79293,18.93943],[72.79293,18.93942],[72.79316,18.93924],[72.79323,18.93922],[72.79325,18.93921],[72.7933,18.93921],[72.79338,18.93924],[72.7934,18.93926],[72.79346,18.93927],[72.79353,18.93927],[72.79357,18.93929],[72.7936,18.93929],[72.79361,18.93928],[72.79364,18.93928],[72.79379,18.93933],[72.7938,18.93934],[72.79381,18.93935],[72.79385,18.93937],[72.7939,18.93938],[72.79397,18.93942],[72.7942,18.93959],[72.7943,18.93964],[72.79453,18.93964],[72.79457,18.93965],[72.79478,18.9397],[72.79478,18.93971],[72.79455,18.93966],[72.7943,18.93965],[72.79424,18.93963],[72.79422,18.93966],[72.79426,18.93971],[72.7943,18.93973],[72.79436,18.93972],[72.79437,18.93972],[72.79439,18.93973],[72.79441,18.93979],[72.79444,18.93998],[72.79445,18.94004],[72.79455,18.94016],[72.79457,18.9402],[72.79457,18.94024],[72.7947,18.94054],[72.79481,18.94083],[72.79482,18.94091],[72.79481,18.94095],[72.7948,18.94096],[72.79481,18.94104],[72.79483,18.9411],[72.79487,18.94118],[72.79491,18.94126],[72.79497,18.94135],[72.79502,18.94145],[72.79504,18.94148],[72.79504,18.94147],[72.79506,18.94147],[72.79507,18.94147],[72.79508,18.94148],[72.7951,18.94152],[72.79514,18.94159],[72.79517,18.94163],[72.7952,18.94169],[72.7952,18.9417],[72.79519,18.9417],[72.79518,18.9417],[72.79517,18.94171],[72.79517,18.94172],[72.79516,18.94172],[72.79516,18.94173],[72.79517,18.94175],[72.79518,18.9418],[72.79522,18.94193],[72.79523,18.94194],[72.79525,18.94202],[72.7953,18.94227],[72.7953,18.94237],[72.7953,18.94249],[72.79531,18.94261],[72.79533,18.94278],[72.79535,18.94287],[72.79546,18.9434],[72.79672,18.94508],[72.7968,18.94527],[72.79682,18.94536],[72.79683,18.94538],[72.79683,18.9454],[72.79685,18.94542],[72.79685,18.94543],[72.79687,18.94545],[72.79688,18.94548],[72.79689,18.94548],[72.79699,18.94556],[72.79712,18.94565],[72.79723,18.94576],[72.79737,18.94587],[72.79755,18.94601],[72.79763,18.94608],[72.79768,18.94613],[72.79767,18.94615],[72.79781,18.94634],[72.79783,18.94644],[72.79785,18.94654],[72.79785,18.94656],[72.79784,18.94657],[72.79781,18.94661],[72.79779,18.94663],[72.79778,18.94664],[72.79776,18.94665],[72.79775,18.9467],[72.79778,18.94674],[72.7978,18.94677],[72.79781,18.94679],[72.79781,18.94681],[72.79783,18.94686],[72.79783,18.94688],[72.79785,18.94695],[72.79789,18.94709],[72.79791,18.94716],[72.79792,18.94724],[72.79794,18.94728],[72.79794,18.9473],[72.79794,18.94731],[72.79798,18.94736],[72.79805,18.94743],[72.79808,18.94746],[72.79811,18.94749],[72.79819,18.94755],[72.79822,18.94754],[72.79835,18.94746],[72.79855,18.94737],[72.79856,18.94738],[72.79859,18.94738],[72.79863,18.94738],[72.79865,18.94738],[72.79868,18.94739],[72.7987,18.94739],[72.79876,18.9474],[72.79882,18.94741],[72.79885,18.94741],[72.79896,18.94741],[72.79907,18.94741],[72.79913,18.9474],[72.79924,18.94754],[72.79926,18.94758],[72.79928,18.94761],[72.7993,18.94763],[72.79933,18.94768],[72.79935,18.94771],[72.79939,18.94777],[72.79941,18.94784],[72.79956,18.94788],[72.79963,18.9479],[72.79964,18.9479],[72.7997,18.9479],[72.79974,18.9479],[72.79983,18.94793],[72.79984,18.94793],[72.79989,18.94795],[72.79997,18.94794],[72.8,18.94795],[72.80002,18.94795],[72.80003,18.94796],[72.80004,18.94796],[72.80009,18.94801],[72.80013,18.94804],[72.80017,18.94807],[72.80026,18.94815],[72.80027,18.94817],[72.80028,18.94819],[72.80032,18.94824],[72.80036,18.94828],[72.80035,18.94829],[72.80034,18.9483],[72.80041,18.94833],[72.80056,18.94814],[72.80059,18.94813],[72.80069,18.94814],[72.80071,18.94814],[72.80074,18.94815],[72.80082,18.94817],[72.80086,18.94819],[72.8009,18.9482],[72.80092,18.94821],[72.80094,18.94822],[72.80096,18.94824],[72.80101,18.94825],[72.80107,18.94825],[72.80121,18.94827],[72.80126,18.94828],[72.80138,18.94833],[72.80144,18.94835],[72.80151,18.94838],[72.80154,18.9484],[72.80157,18.94843],[72.80158,18.94844],[72.8016,18.94846],[72.80161,18.94848],[72.80162,18.94851],[72.80163,18.94852],[72.80165,18.94854],[72.80172,18.94858],[72.80209,18.94882],[72.80215,18.94886],[72.80217,18.94886],[72.80219,18.94885],[72.80221,18.94886],[72.80226,18.94888],[72.80229,18.94891],[72.80266,18.94932],[72.80279,18.94951],[72.80279,18.94962],[72.80293,18.94976],[72.80309,18.95004],[72.80321,18.95002],[72.80356,18.95026],[72.80362,18.9504],[72.80364,18.95039],[72.80367,18.95039],[72.80394,18.9505],[72.80398,18.95054],[72.80418,18.95075],[72.804,18.95099],[72.80425,18.95114],[72.80429,18.95118],[72.80438,18.95137],[72.80445,18.95146],[72.80452,18.95137],[72.80453,18.95134],[72.80465,18.9513],[72.80471,18.95123],[72.80489,18.95137],[72.80495,18.9515],[72.80508,18.95159],[72.80505,18.95182],[72.80511,18.95181],[72.80515,18.95181],[72.80523,18.95182],[72.80527,18.95182],[72.80547,18.95193],[72.80551,18.95196],[72.80551,18.95197],[72.80552,18.95198],[72.80553,18.952],[72.80555,18.95211],[72.80555,18.95212],[72.80553,18.95219],[72.80553,18.95222],[72.80569,18.95222],[72.80572,18.95222],[72.80595,18.95228],[72.80598,18.9523],[72.80609,18.95243],[72.80612,18.95246],[72.80622,18.95256],[72.80627,18.95271],[72.80673,18.95266],[72.80743,18.95323],[72.80742,18.95331],[72.80716,18.95334],[72.8067,18.95338],[72.80671,18.95338],[72.80679,18.95343],[72.80683,18.95347],[72.80687,18.95347],[72.80692,18.95348],[72.80693,18.9535],[72.80694,18.95352],[72.80694,18.95353],[72.80694,18.95354],[72.80694,18.95355],[72.80694,18.95357],[72.80716,18.95378],[72.80728,18.95393],[72.80733,18.95397],[72.80737,18.954],[72.80738,18.95402],[72.80739,18.95403],[72.8074,18.95404],[72.8074,18.95406],[72.80741,18.95407],[72.80742,18.95408],[72.80743,18.95412],[72.80748,18.95424],[72.80751,18.95431],[72.80754,18.95438],[72.80756,18.95445],[72.80759,18.95451],[72.8076,18.95453],[72.80762,18.95458],[72.80764,18.95463],[72.80766,18.95467],[72.8077,18.95471],[72.80772,18.95472],[72.80778,18.95469],[72.8078,18.95468],[72.80783,18.95466],[72.80789,18.95478],[72.80808,18.95496],[72.8087,18.95493],[72.80913,18.95493],[72.81022,18.95455],[72.81193,18.95392],[72.81552,18.95218],[72.81716,18.95116],[72.81724,18.95108],[72.81756,18.95089],[72.81769,18.95082],[72.8177,18.95083],[72.81872,18.9497],[72.81892,18.94946],[72.81895,18.94947],[72.81914,18.94963],[72.81919,18.94967],[72.81924,18.94971],[72.81927,18.94974],[72.81941,18.94987],[72.81949,18.94994],[72.81952,18.94998],[72.8196,18.95004],[72.81963,18.95008],[72.81979,18.95022],[72.81981,18.95024],[72.8199,18.95032],[72.81996,18.95037],[72.82,18.9504],[72.82012,18.95051],[72.82013,18.95052],[72.82014,18.95053],[72.82019,18.95058],[72.82026,18.95065],[72.82036,18.95068],[72.82037,18.95068],[72.82065,18.95077],[72.82087,18.95085],[72.82105,18.9509],[72.82109,18.95092],[72.82115,18.95093],[72.82119,18.95095],[72.82131,18.95101],[72.82132,18.95102],[72.82134,18.95103],[72.82138,18.95106],[72.82142,18.95109],[72.82145,18.95111],[72.82152,18.95115],[72.82172,18.95126],[72.82186,18.95133],[72.82192,18.95136],[72.82206,18.95144],[72.82223,18.95153],[72.82225,18.95154],[72.8224,18.95162],[72.82258,18.95172],[72.82266,18.95176],[72.82268,18.95177],[72.82272,18.95178],[72.82274,18.95178],[72.82275,18.95178],[72.82277,18.95178],[72.82278,18.95178],[72.8228,18.95178],[72.82281,18.95179],[72.82282,18.95179],[72.82284,18.95181],[72.82293,18.95188],[72.82294,18.95188],[72.82296,18.95189],[72.82297,18.9519],[72.82309,18.95199],[72.8232,18.95206],[72.82331,18.95213],[72.82345,18.95222],[72.82353,18.95226],[72.82364,18.95231],[72.82381,18.95238],[72.82393,18.95243],[72.82404,18.95248],[72.82418,18.95254],[72.82429,18.95259],[72.82438,18.95264],[72.82447,18.95267],[72.82462,18.95274],[72.82472,18.95279],[72.82479,18.95283],[72.82482,18.95284],[72.82485,18.95286],[72.8249,18.95289],[72.82497,18.95293],[72.82512,18.95301],[72.82513,18.95301],[72.82531,18.95311],[72.82533,18.95311],[72.82539,18.95313],[72.8254,18.95314],[72.82542,18.95314],[72.82537,18.95336],[72.82537,18.95337],[72.82535,18.95341],[72.82534,18.95343],[72.82533,18.95349],[72.82532,18.95358],[72.82529,18.95375],[72.82528,18.95384],[72.82526,18.95389],[72.82526,18.95391],[72.82523,18.95405],[72.8252,18.95413],[72.82513,18.95432],[72.82513,18.95433],[72.82511,18.95438],[72.8251,18.95442],[72.8251,18.95446],[72.8251,18.9545],[72.82512,18.95454],[72.82516,18.9546],[72.82531,18.95476],[72.82535,18.9548],[72.82552,18.95494],[72.82562,18.95503],[72.82561,18.95504],[72.82551,18.95515],[72.82544,18.95523],[72.82534,18.95533],[72.8253,18.95537],[72.82521,18.95547],[72.82512,18.95557],[72.82504,18.95565],[72.82503,18.95566],[72.82506,18.95571],[72.82506,18.95572],[72.8251,18.9558],[72.82512,18.95585],[72.82517,18.95596],[72.82517,18.95597],[72.82525,18.95614],[72.82533,18.95631],[72.82541,18.95651],[72.8255,18.9567],[72.82552,18.95675],[72.82553,18.95676],[72.82553,18.95678],[72.82554,18.95682],[72.82555,18.95685],[72.82556,18.95686],[72.82559,18.95694],[72.82566,18.95706],[72.8257,18.95712],[72.82574,18.95723],[72.82581,18.95737],[72.82588,18.95753],[72.82592,18.95762],[72.82596,18.95769],[72.82601,18.9578],[72.82604,18.95789],[72.82608,18.958],[72.8261,18.95804],[72.82614,18.95813],[72.82616,18.95817],[72.82616,18.95823],[72.82616,18.95828],[72.82616,18.95829],[72.82617,18.95843],[72.82617,18.95851],[72.82617,18.9586],[72.82617,18.95861],[72.82618,18.95904],[72.82619,18.95949],[72.82619,18.95969],[72.8262,18.96004],[72.82621,18.96009],[72.82621,18.96024],[72.82621,18.96032],[72.82622,18.9605],[72.82622,18.96061],[72.82622,18.9607],[72.82622,18.96074],[72.82623,18.96083],[72.82623,18.96088],[72.82623,18.96091],[72.82623,18.96099],[72.82623,18.96109],[72.82624,18.96124],[72.82624,18.96131],[72.82624,18.96141],[72.82624,18.96156],[72.82625,18.96168],[72.82625,18.96169],[72.82549,18.96172],[72.82449,18.96176],[72.82449,18.9619],[72.82449,18.96193],[72.82451,18.96241],[72.82452,18.96248],[72.82452,18.9626],[72.82452,18.96263],[72.82453,18.96264],[72.82453,18.96267],[72.82454,18.96273],[72.82456,18.96283],[72.82458,18.96293],[72.82459,18.963],[72.8246,18.96309],[72.82462,18.96318],[72.82463,18.96323],[72.82469,18.96361],[72.8247,18.96365],[72.82471,18.96375],[72.8247,18.96376],[72.8247,18.9638],[72.8247,18.96386],[72.8247,18.96388],[72.82475,18.96419],[72.82476,18.96425],[72.82477,18.96438],[72.8248,18.96445],[72.82485,18.96484],[72.82487,18.96501],[72.82493,18.96551],[72.82498,18.96588],[72.82499,18.96601],[72.82501,18.96613],[72.82503,18.96632],[72.82503,18.96638],[72.82506,18.9666],[72.82508,18.96677],[72.8251,18.96691],[72.82511,18.96698],[72.82513,18.96714],[72.82515,18.9673],[72.82521,18.96779],[72.82521,18.96781],[72.82522,18.96788],[72.82522,18.9679],[72.8252,18.96794],[72.82517,18.96796],[72.82471,18.96808],[72.82258,18.96862],[72.82191,18.9687],[72.82019,18.96887],[72.81969,18.96893],[72.81949,18.96894],[72.81918,18.96897],[72.81902,18.96898],[72.81878,18.969],[72.81873,18.96901],[72.81873,18.96903],[72.81875,18.96906],[72.81882,18.96924],[72.81883,18.96926],[72.81885,18.96932],[72.81891,18.96945],[72.81892,18.96947],[72.81898,18.9696],[72.81907,18.96982],[72.8191,18.96989],[72.81917,18.97003],[72.81917,18.97004],[72.81948,18.97073],[72.81953,18.97085],[72.81962,18.97104],[72.81985,18.97157],[72.82002,18.97196],[72.82016,18.97228],[72.8202,18.97236],[72.82022,18.9724],[72.82024,18.97245],[72.82038,18.97276],[72.82065,18.97337],[72.82092,18.974],[72.82097,18.9741],[72.82113,18.97449],[72.82117,18.97456],[72.82119,18.97462],[72.82121,18.97465],[72.82122,18.97468],[72.82131,18.97489],[72.82139,18.97508],[72.82141,18.97511],[72.82142,18.97513],[72.82144,18.9752],[72.82147,18.97526],[72.82154,18.97543],[72.82179,18.97599],[72.82195,18.97635],[72.82212,18.97674],[72.82216,18.97683],[72.82232,18.97719],[72.82231,18.97719],[72.82236,18.97731],[72.82243,18.97748],[72.82326,18.97936],[72.82339,18.97967],[72.82343,18.97975],[72.82344,18.97977],[72.82353,18.97998],[72.82368,18.98033],[72.82368,18.98034],[72.82371,18.98045],[72.82374,18.98049],[72.82319,18.98037],[72.82218,18.98015],[72.82209,18.98014],[72.82172,18.98006],[72.82167,18.98005],[72.82158,18.98003],[72.82141,18.97999],[72.82121,18.97995],[72.82054,18.97981],[72.82048,18.9798],[72.82033,18.97977],[72.82006,18.97971],[72.82004,18.97971],[72.81965,18.97963],[72.81952,18.9796],[72.81943,18.97958],[72.81937,18.97957],[72.81933,18.97956],[72.81926,18.97955],[72.81916,18.97953],[72.81908,18.97951],[72.81894,18.97949],[72.81875,18.97945],[72.81692,18.9791],[72.81657,18.97903],[72.81588,18.97889],[72.81426,18.97856],[72.81396,18.9785],[72.81171,18.97806],[72.81166,18.97806],[72.8116,18.97805],[72.81146,18.97807],[72.81145,18.97808],[72.81138,18.97812],[72.81131,18.97816],[72.81127,18.9782],[72.81123,18.97819],[72.81116,18.97819],[72.81101,18.97821],[72.81098,18.97822],[72.81086,18.97826],[72.81075,18.97826],[72.8107,18.97826],[72.8106,18.97826],[72.81041,18.97826],[72.81037,18.97826],[72.81031,18.97827],[72.81018,18.97827],[72.81017,18.97827],[72.80992,18.97827],[72.8098,18.97827],[72.80975,18.97827],[72.80969,18.97827],[72.80961,18.97827],[72.80959,18.97828],[72.80959,18.97831],[72.80959,18.97833],[72.80958,18.97834],[72.80955,18.97835],[72.8095,18.97837],[72.80942,18.97842],[72.80938,18.97845],[72.80934,18.97848],[72.80931,18.9785],[72.8093,18.97853],[72.80931,18.97855],[72.80932,18.97859],[72.80931,18.9786],[72.8093,18.9786],[72.80929,18.97861],[72.80928,18.97864],[72.80929,18.97866],[72.8093,18.9787],[72.8093,18.97876],[72.8093,18.97879],[72.80929,18.97881],[72.80928,18.97882],[72.80926,18.97883],[72.80925,18.97883],[72.80924,18.97882],[72.80919,18.97876],[72.80912,18.97869],[72.80904,18.97861],[72.809,18.97861],[72.80895,18.97857],[72.80888,18.97851],[72.80885,18.97844],[72.80878,18.97833],[72.80871,18.97825],[72.80853,18.9782],[72.80832,18.97821],[72.80801,18.97826],[72.80778,18.97831],[72.80739,18.97847],[72.80706,18.97863],[72.80655,18.9789],[72.80617,18.9791],[72.80583,18.97929]]]},"properties":{"NAME":"D"}},
{"type":"Feature","geometry":{"type":"Polygon","coordinates":[[[72.83313,18.98812],[72.83317,18.98813],[72.83341,18.98817],[72.83346,18.98818],[72.83397,18.98827],[72.83409,18.98829],[72.83445,18.98835],[72.83482,18.98842],[72.83489,18.98843],[72.83523,18.98849],[72.83529,18.9885],[72.83569,18.9885],[72.8358,18.98849],[72.8362,18.98846],[72.8365,18.98843],[72.83677,18.98841],[72.83706,18.98839],[72.8376,18.98836],[72.83769,18.98835],[72.83791,18.98834],[72.83795,18.98834],[72.83814,18.98833],[72.83863,18.9883],[72.83907,18.98827],[72.83944,18.98825],[72.8399,18.98822],[72.84015,18.9882],[72.8403,18.98818],[72.84075,18.98815],[72.84124,18.98814],[72.84135,18.98814],[72.84136,18.98814],[72.84137,18.98814],[72.84137,18.98813],[72.84138,18.98813],[72.84139,18.98813],[72.84139,18.98812],[72.8414,18.98812],[72.84141,18.98811],[72.84142,18.9881],[72.84142,18.98809],[72.84143,18.98809],[72.84143,18.98808],[72.84143,18.98805],[72.84149,18.9878],[72.84151,18.98773],[72.84152,18.98766],[72.84152,18.98748],[72.84154,18.9874],[72.84155,18.98738],[72.84171,18.98677],[72.84185,18.98622],[72.84202,18.98559],[72.84209,18.98528],[72.84213,18.98515],[72.84222,18.98479],[72.84224,18.98474],[72.8423,18.98447],[72.84239,18.98413],[72.84247,18.98381],[72.84255,18.98347],[72.84259,18.98332],[72.8426,18.9833],[72.84261,18.98325],[72.84259,18.98324],[72.8426,18.98323],[72.84261,18.98318],[72.84272,18.98316],[72.84277,18.98315],[72.84284,18.98314],[72.84286,18.98314],[72.84287,18.98314],[72.84309,18.98311],[72.84314,18.9831],[72.84332,18.98307],[72.84358,18.98303],[72.84408,18.98295],[72.84413,18.98295],[72.84444,18.98283],[72.84478,18.98269],[72.84537,18.98244],[72.84606,18.98213],[72.84609,18.98212],[72.84625,18.98206],[72.84635,18.98201],[72.84665,18.98189],[72.84672,18.98186],[72.84675,18.98184],[72.84677,18.98183],[72.84658,18.98143],[72.84664,18.9814],[72.84671,18.98137],[72.8479,18.98086],[72.84792,18.98085],[72.84807,18.98079],[72.84819,18.98074],[72.84821,18.98074],[72.84823,18.98073],[72.84841,18.98066],[72.84861,18.98057],[72.84884,18.98047],[72.84887,18.98046],[72.84892,18.98044],[72.84899,18.98041],[72.84902,18.98039],[72.84909,18.98037],[72.84936,18.98026],[72.84953,18.98019],[72.84968,18.98013],[72.84976,18.9801],[72.8498,18.98009],[72.84992,18.98005],[72.85003,18.98002],[72.85016,18.98009],[72.85056,18.97999],[72.85102,18.97989],[72.8529,18.97946],[72.85465,18.97905],[72.85472,18.97904],[72.85557,18.97884],[72.85572,18.97881],[72.85697,18.97852],[72.85743,18.97842],[72.8576,18.97838],[72.85767,18.97837],[72.85768,18.97837],[72.85769,18.97838],[72.8578,18.97848],[72.85796,18.97863],[72.85814,18.9788],[72.85817,18.97882],[72.85819,18.97885],[72.85838,18.97902],[72.85844,18.97908],[72.8585,18.97913],[72.85873,18.97934],[72.85884,18.97944],[72.85897,18.97957],[72.85904,18.97963],[72.85919,18.97977],[72.85929,18.97986],[72.85945,18.98],[72.85954,18.98008],[72.85963,18.98017],[72.85984,18.98037],[72.85992,18.98044],[72.86008,18.9806],[72.86026,18.98076],[72.86042,18.98091],[72.86064,18.98112],[72.86073,18.98121],[72.86086,18.98132],[72.86103,18.98148],[72.86118,18.98162],[72.86119,18.98163],[72.86119,18.98164],[72.86116,18.98169],[72.86112,18.98179],[72.86099,18.9821],[72.86087,18.98237],[72.86076,18.98264],[72.86067,18.98284],[72.86052,18.98319],[72.86039,18.98351],[72.86029,18.98374],[72.86021,18.98394],[72.86011,18.98418],[72.86003,18.98435],[72.85984,18.98479],[72.85984,18.9848],[72.85962,18.98531],[72.85961,18.98535],[72.85947,18.98566],[72.8591,18.98657],[72.85909,18.98658],[72.85906,18.98666],[72.85897,18.98687],[72.85892,18.987],[72.85881,18.98725],[72.85877,18.98735],[72.85871,18.9875],[72.85865,18.98764],[72.85863,18.98769],[72.85859,18.98778],[72.85854,18.98788],[72.85846,18.98808],[72.85832,18.9884],[72.85822,18.98864],[72.85812,18.98889],[72.85803,18.98909],[72.85787,18.98947],[72.85777,18.98971],[72.85763,18.99003],[72.85759,18.99013],[72.85748,18.99038],[72.85743,18.99052],[72.85733,18.99073],[72.85729,18.99085],[72.85727,18.99089],[72.85726,18.99092],[72.85724,18.99096],[72.85716,18.99115],[72.85713,18.99122],[72.85706,18.99138],[72.85701,18.99149],[72.85691,18.99173],[72.8569,18.99177],[72.85687,18.99182],[72.85686,18.99186],[72.85682,18.99196],[72.85676,18.99209],[72.85671,18.99222],[72.85663,18.99239],[72.8566,18.99248],[72.85657,18.99256],[72.85648,18.99275],[72.8565,18.99276],[72.85652,18.99278],[72.85655,18.99281],[72.85657,18.99284],[72.85658,18.99286],[72.85658,18.99288],[72.85658,18.99289],[72.85658,18.9929],[72.85658,18.99292],[72.85658,18.99294],[72.85657,18.99297],[72.85656,18.993],[72.85653,18.99307],[72.85648,18.99319],[72.85642,18.99334],[72.85638,18.99343],[72.85637,18.99345],[72.85636,18.99348],[72.85633,18.99355],[72.85626,18.99372],[72.8562,18.99386],[72.85613,18.99401],[72.8561,18.99409],[72.8561,18.9941],[72.85609,18.99413],[72.85637,18.99423],[72.85872,18.99509],[72.8595,18.99538],[72.85974,18.99547],[72.85988,18.99552],[72.86017,18.99563],[72.86046,18.99574],[72.86068,18.99587],[72.86105,18.9957],[72.86199,18.99528],[72.86208,18.99548],[72.86204,18.9955],[72.86148,18.99575],[72.86094,18.99599],[72.86089,18.9961],[72.86083,18.99626],[72.86075,18.99644],[72.86069,18.9966],[72.86062,18.99675],[72.86056,18.9969],[72.86047,18.99711],[72.86039,18.99729],[72.86037,18.99738],[72.8603,18.99755],[72.86023,18.9977],[72.86017,18.99784],[72.86012,18.99797],[72.86003,18.99818],[72.85996,18.99835],[72.85994,18.9984],[72.85995,18.99841],[72.86007,18.99845],[72.86021,18.99851],[72.86016,18.99862],[72.86016,18.99863],[72.86011,18.99875],[72.86008,18.9988],[72.86009,18.99881],[72.8601,18.99882],[72.8601,18.99883],[72.8601,18.99885],[72.8601,18.99886],[72.86009,18.99888],[72.86007,18.99892],[72.86007,18.99893],[72.86007,18.99894],[72.86007,18.99896],[72.86007,18.99898],[72.86007,18.999],[72.86007,18.99901],[72.86007,18.99902],[72.86006,18.99904],[72.86004,18.99908],[72.86004,18.9991],[72.86004,18.99912],[72.86004,18.99915],[72.86004,18.99916],[72.86006,18.99917],[72.86009,18.99919],[72.86012,18.99921],[72.86014,18.99922],[72.86015,18.99923],[72.86017,18.99928],[72.86019,18.99933],[72.8602,18.99934],[72.86022,18.99936],[72.86024,18.99938],[72.86027,18.99941],[72.86032,18.99947],[72.86037,18.99952],[72.86037,18.99953],[72.86038,18.99954],[72.86038,18.99956],[72.86039,18.99957],[72.86039,18.99962],[72.8604,18.99966],[72.8604,18.99967],[72.8604,18.99968],[72.8604,18.99969],[72.86041,18.9997],[72.86042,18.99973],[72.86043,18.99974],[72.86044,18.99979],[72.86045,18.99981],[72.86048,18.99989],[72.86049,18.99992],[72.8605,18.99999],[72.86052,19.00009],[72.86053,19.00013],[72.86056,19.00032],[72.86057,19.00034],[72.86057,19.00037],[72.86059,19.00044],[72.86061,19.00057],[72.86063,19.00057],[72.86081,19.00054],[72.86103,19.00217],[72.86173,19.00205],[72.86174,19.00205],[72.86175,19.00205],[72.86176,19.00204],[72.86175,19.00204],[72.86176,19.00204],[72.86175,19.00202],[72.86193,19.00198],[72.86203,19.00196],[72.86203,19.00197],[72.86203,19.00198],[72.86219,19.00196],[72.86222,19.00195],[72.86234,19.00194],[72.86247,19.00193],[72.86262,19.00192],[72.86308,19.00188],[72.86408,19.00216],[72.86498,19.00277],[72.86572,19.00349],[72.86578,19.00397],[72.86603,19.0043],[72.86641,19.00419],[72.86714,19.00366],[72.86795,19.00397],[72.86885,19.00466],[72.86973,19.00488],[72.87039,19.00462],[72.87077,19.00445],[72.87099,19.00445],[72.8699,19.00738],[72.86979,19.00766],[72.86959,19.00822],[72.86942,19.00867],[72.86939,19.00867],[72.86937,19.00867],[72.86925,19.00861],[72.86902,19.00853],[72.86896,19.00876],[72.86896,19.00881],[72.86896,19.00886],[72.869,19.00908],[72.869,19.00914],[72.86899,19.00951],[72.86897,19.0096],[72.86894,19.00966],[72.86889,19.00977],[72.86883,19.00986],[72.86874,19.00998],[72.86863,19.01012],[72.86853,19.01023],[72.86846,19.01029],[72.86838,19.01034],[72.86833,19.01036],[72.86825,19.01037],[72.86808,19.01037],[72.86801,19.01039],[72.86797,19.0104],[72.86795,19.01042],[72.86793,19.01045],[72.86792,19.01049],[72.8679,19.01054],[72.86789,19.01061],[72.86788,19.01066],[72.86785,19.01083],[72.86784,19.01088],[72.86782,19.01091],[72.86779,19.01095],[72.86776,19.01099],[72.8677,19.01103],[72.86758,19.0111],[72.86743,19.01121],[72.8674,19.01125],[72.86735,19.01131],[72.86722,19.0115],[72.86717,19.01155],[72.86708,19.01161],[72.86687,19.0117],[72.86674,19.01176],[72.86671,19.01179],[72.86668,19.01182],[72.86659,19.01193],[72.86647,19.01216],[72.86634,19.01237],[72.86626,19.0125],[72.86619,19.01259],[72.86614,19.01263],[72.86611,19.01264],[72.86605,19.01266],[72.86602,19.01266],[72.8658,19.01265],[72.86571,19.01266],[72.86566,19.01267],[72.86559,19.0127],[72.86549,19.01277],[72.86543,19.01282],[72.86531,19.01293],[72.86519,19.01306],[72.86512,19.01316],[72.86506,19.01327],[72.86502,19.0133],[72.86491,19.01339],[72.86482,19.01349],[72.86455,19.01388],[72.86449,19.01397],[72.8644,19.01407],[72.86437,19.01411],[72.86436,19.01415],[72.86431,19.01428],[72.86428,19.01433],[72.86425,19.01437],[72.86423,19.01439],[72.86421,19.01441],[72.86412,19.01446],[72.86403,19.01451],[72.86401,19.01454],[72.86399,19.01457],[72.86398,19.01458],[72.86398,19.0146],[72.86398,19.01465],[72.864,19.01472],[72.864,19.01477],[72.864,19.0148],[72.86398,19.01482],[72.86396,19.01483],[72.86394,19.01484],[72.8639,19.01484],[72.86385,19.01483],[72.86383,19.01483],[72.86376,19.01488],[72.86377,19.01491],[72.86377,19.01497],[72.86378,19.01504],[72.86379,19.01516],[72.8636,19.01509],[72.86327,19.01499],[72.86317,19.01495],[72.8631,19.01493],[72.8631,19.01492],[72.86319,19.01529],[72.86315,19.01527],[72.86309,19.01522],[72.86269,19.01494],[72.86066,19.01353],[72.86042,19.01336],[72.85651,19.01073],[72.8563,19.01053],[72.85625,19.01059],[72.85628,19.01067],[72.85599,19.01073],[72.8559,19.01075],[72.85589,19.01075],[72.85584,19.01076],[72.85582,19.01077],[72.85573,19.01078],[72.85571,19.01079],[72.85549,19.01084],[72.85521,19.01089],[72.85495,19.01095],[72.85481,19.01098],[72.85482,19.01101],[72.85483,19.01112],[72.85484,19.01118],[72.85468,19.01123],[72.85452,19.01126],[72.85438,19.0113],[72.85416,19.01136],[72.8541,19.01137],[72.85406,19.01138],[72.85399,19.0114],[72.85361,19.0115],[72.85331,19.01157],[72.8533,19.01157],[72.8532,19.0116],[72.85227,19.01184],[72.85194,19.01192],[72.85033,19.01233],[72.85008,19.01239],[72.85005,19.0124],[72.85001,19.01241],[72.84998,19.01242],[72.84991,19.01243],[72.84988,19.01244],[72.84951,19.01254],[72.84929,19.01261],[72.8492,19.01264],[72.84922,19.01268],[72.84915,19.01274],[72.8491,19.01275],[72.84894,19.01278],[72.84874,19.01282],[72.84866,19.01283],[72.8486,19.01285],[72.84849,19.01288],[72.84802,19.01302],[72.84776,19.01309],[72.84756,19.01315],[72.84748,19.01318],[72.84745,19.01319],[72.8474,19.01323],[72.84735,19.01328],[72.84725,19.01337],[72.84702,19.01357],[72.84691,19.01367],[72.84688,19.0137],[72.84685,19.01373],[72.84681,19.01378],[72.84668,19.01394],[72.8466,19.01399],[72.84645,19.01408],[72.84631,19.01417],[72.84598,19.01436],[72.84562,19.0146],[72.84551,19.01468],[72.84532,19.01483],[72.84528,19.01487],[72.84516,19.01496],[72.8449,19.01517],[72.84472,19.01532],[72.84448,19.0155],[72.84445,19.01553],[72.8443,19.01566],[72.8441,19.01584],[72.844,19.01593],[72.84354,19.01631],[72.84349,19.01636],[72.84321,19.01663],[72.843,19.01681],[72.84284,19.01697],[72.84242,19.01639],[72.84226,19.01616],[72.84215,19.01602],[72.84171,19.01535],[72.84153,19.01507],[72.84137,19.01482],[72.84113,19.01444],[72.84088,19.01408],[72.84066,19.01374],[72.84046,19.01346],[72.84028,19.0132],[72.84015,19.01301],[72.83941,19.01192],[72.83931,19.01178],[72.83921,19.01163],[72.83908,19.01144],[72.83874,19.01095],[72.83846,19.01053],[72.8382,19.01013],[72.83791,19.0097],[72.83785,19.00961],[72.83776,19.00949],[72.8376,19.00925],[72.83752,19.00911],[72.8374,19.00894],[72.83712,19.00851],[72.83693,19.00823],[72.83682,19.00806],[72.83678,19.008],[72.83657,19.00769],[72.83636,19.0074],[72.83629,19.00729],[72.83622,19.00718],[72.83615,19.00707],[72.83595,19.00676],[72.83578,19.00648],[72.83561,19.00619],[72.8355,19.00599],[72.83531,19.00561],[72.8351,19.00515],[72.83507,19.0051],[72.83487,19.00465],[72.83474,19.00432],[72.8347,19.00423],[72.8345,19.00375],[72.83435,19.00331],[72.8342,19.00291],[72.83409,19.00258],[72.83398,19.00222],[72.83365,19.00126],[72.83361,19.00107],[72.83359,19.001],[72.83356,19.00085],[72.83334,18.9999],[72.8331,18.99834],[72.83302,18.9964],[72.83307,18.99509],[72.83308,18.99486],[72.83303,18.99259],[72.83304,18.99114],[72.83303,18.98992],[72.83303,18.98964],[72.83303,18.9895],[72.83302,18.9895],[72.83302,18.98949],[72.83313,18.98812]]]},"properties":{"NAME":"F/S"}}
]}